EASTING,NORTHING,DIP,DIP_DIR,count,kappa,beta
200642,6359727,10,92,1,1e-06,0.0
200642,6372727,10,160,2,1e-06,4.99e-07
208642,6375727,37,108,1,1e-06,0.0
208642,6406727,25,190,1,1e-06,0.0
208642,6408727,44,190,1,1e-06,0.0
210642,6421727,29,95,2,1e-06,4.99e-07
211642,6401727,47,106,2,1e-06,4.99e-07
214642,6414727,0,0,1,inf,0.0
214642,6421727,0,0,1,inf,0.0
215642,6368727,5,248,1,1e-06,4.99e-07
215642,6369727,30,91,6,1e-06,4.99e-07
215642,6370727,34,88,1,1e-06,0.0
215642,6371727,34,97,2,1e-06,4.99e-07
215642,6372727,22,110,3,1e-06,4.99e-07
215642,6373727,13,132,6,1e-06,0.0
215642,6374727,26,148,11,1e-06,0.0
215642,6375727,26,138,8,1e-06,0.0
215642,6376727,49,153,2,1e-06,0.0
215642,6411727,34,280,1,1e-06,4.99e-07
215642,6413727,19,275,1,1e-06,4.99e-07
215642,6417727,0,0,1,inf,0.0
215642,6449727,39,120,1,1e-06,4.99e-07
216642,6367727,32,112,3,1e-06,4.99e-07
216642,6368727,27,78,2,1e-06,4.99e-07
216642,6369727,17,277,2,1e-06,4.99e-07
216642,6370727,47,289,2,1e-06,0.0
216642,6371727,36,260,6,1e-06,4.99e-07
216642,6372727,10,247,2,1e-06,4.99e-07
216642,6373727,56,268,4,1e-06,4.99e-07
216642,6374727,14,73,1,1e-06,0.0
216642,6375727,6,70,2,1e-06,4.99e-07
216642,6376727,27,205,3,1e-06,4.99e-07
216642,6377727,30,255,7,1e-06,4.99e-07
216642,6378727,25,188,7,1e-06,4.99e-07
216642,6379727,11,134,3,1e-06,0.0
216642,6395727,37,294,19,1e-06,4.99e-07
216642,6398727,22,234,9,1e-06,4.99e-07
216642,6399727,20,282,23,1e-06,4.99e-07
216642,6404727,29,270,1,inf,0.0
216642,6411727,80,95,1,1e-06,0.0
216642,6413727,70,105,1,1e-06,0.0
216642,6445727,29,65,1,1e-06,0.0
216642,6447727,70,115,1,1e-06,4.99e-07
217642,6366727,12,330,3,1e-06,0.0
217642,6367727,10,148,3,1e-06,0.0
217642,6368727,80,109,1,1e-06,4.99e-07
217642,6369727,28,296,3,1e-06,4.99e-07
217642,6371727,28,272,14,1e-06,4.99e-07
217642,6373727,39,257,5,1e-06,4.99e-07
217642,6374727,60,256,1,1e-06,4.99e-07
217642,6375727,55,268,14,1e-06,0.0
217642,6376727,54,262,27,1e-06,4.99e-07
217642,6377727,50,265,20,1e-06,4.99e-07
217642,6378727,13,188,4,1e-06,0.0
217642,6379727,44,265,9,1e-06,4.99e-07
217642,6390727,82,268,3,1e-06,0.0
217642,6391727,80,288,2,1e-06,0.0
217642,6392727,19,108,39,1e-06,4.99e-07
217642,6393727,40,291,20,1e-06,4.99e-07
217642,6394727,51,111,17,1e-06,4.99e-07
217642,6396727,64,281,22,1e-06,4.99e-07
217642,6404727,49,100,1,1e-06,0.0
217642,6409727,60,275,1,1e-06,4.99e-07
217642,6414727,85,120,1,1e-06,4.99e-07
217642,6426727,9,275,1,1e-06,4.99e-07
217642,6436727,90,90,1,inf,0.0
217642,6437727,75,100,1,1e-06,0.0
217642,6454727,7,65,3,1e-06,4.99e-07
218642,6366727,9,280,1,1e-06,4.99e-07
218642,6367727,18,252,4,1e-06,4.99e-07
218642,6368727,7,282,7,1e-06,4.99e-07
218642,6370727,5,272,2,1e-06,4.99e-07
218642,6371727,34,276,17,1e-06,4.99e-07
218642,6373727,65,265,1,1e-06,4.99e-07
218642,6377727,41,263,1,1e-06,4.99e-07
218642,6378727,31,256,12,1e-06,4.99e-07
218642,6379727,50,264,2,1e-06,0.0
218642,6382727,49,300,1,1e-06,4.99e-07
218642,6389727,5,199,1,1e-06,0.0
218642,6390727,70,250,2,1e-06,0.0
218642,6391727,29,265,1,1e-06,4.99e-07
218642,6392727,59,277,2,1e-06,0.0
218642,6393727,49,290,2,1e-06,0.0
218642,6394727,9,310,1,1e-06,0.0
218642,6407727,75,90,1,1e-06,0.0
218642,6417727,19,255,1,1e-06,4.99e-07
218642,6427727,14,325,1,1e-06,0.0
218642,6429727,14,20,1,1e-06,4.99e-07
218642,6437727,75,110,1,1e-06,4.99e-07
219642,6370727,14,90,1,1e-06,0.0
219642,6380727,19,95,1,1e-06,0.0
219642,6384727,14,265,1,1e-06,4.99e-07
219642,6387727,29,204,1,1e-06,0.0
219642,6398727,15,15,2,1e-06,0.0
219642,6410727,80,100,1,1e-06,0.0
219642,6425727,69,290,1,1e-06,4.99e-07
219642,6434727,25,5,1,1e-06,4.99e-07
219642,6443727,57,113,2,1e-06,4.99e-07
219642,6449727,75,120,1,1e-06,4.99e-07
219642,6454727,85,110,1,1e-06,4.99e-07
220642,6370727,29,80,1,1e-06,0.0
220642,6380727,5,95,1,1e-06,0.0
220642,6387727,5,90,2,1e-06,4.99e-07
220642,6389727,5,90,1,1e-06,0.0
220642,6396727,9,270,1,inf,0.0
220642,6397727,39,335,1,1e-06,0.0
220642,6424727,80,105,1,1e-06,4.99e-07
220642,6428727,90,95,1,1e-06,4.99e-07
220642,6429727,69,10,1,1e-06,0.0
220642,6437727,39,295,1,1e-06,4.99e-07
220642,6443727,75,115,1,1e-06,4.99e-07
220642,6448727,54,125,1,1e-06,4.99e-07
221642,6370727,40,95,1,1e-06,0.0
221642,6390727,25,90,1,1e-06,0.0
221642,6395727,14,65,1,1e-06,0.0
221642,6398727,29,350,1,1e-06,0.0
221642,6423727,65,285,1,1e-06,4.99e-07
221642,6429727,70,105,1,1e-06,0.0
221642,6436727,49,295,1,1e-06,4.99e-07
221642,6445727,69,120,1,1e-06,4.99e-07
222642,6332727,5,40,1,1e-06,4.99e-07
222642,6333727,9,6,3,1e-06,0.0
222642,6374727,34,115,1,1e-06,0.0
222642,6390727,5,90,1,1e-06,0.0
222642,6400727,25,290,1,1e-06,4.99e-07
222642,6404727,39,275,1,1e-06,4.99e-07
222642,6409727,54,270,1,inf,0.0
222642,6427727,65,285,1,1e-06,4.99e-07
222642,6436727,75,95,1,1e-06,0.0
223642,6374727,25,110,1,1e-06,0.0
223642,6387727,5,115,1,1e-06,0.0
223642,6390727,14,80,1,1e-06,0.0
223642,6416727,60,275,1,1e-06,4.99e-07
223642,6422727,60,280,1,1e-06,4.99e-07
223642,6434727,69,290,1,1e-06,4.99e-07
223642,6439727,44,105,1,1e-06,0.0
223642,6440727,59,305,1,1e-06,4.99e-07
223642,6444727,80,120,1,1e-06,4.99e-07
224642,6363727,52,355,2,1e-06,4.99e-07
224642,6364727,25,330,1,1e-06,0.0
224642,6391727,29,120,1,1e-06,4.99e-07
224642,6396727,9,95,1,1e-06,0.0
224642,6404727,39,275,1,1e-06,4.99e-07
224642,6408727,54,275,1,1e-06,4.99e-07
224642,6428727,70,280,1,1e-06,4.99e-07
224642,6441727,80,110,1,1e-06,4.99e-07
224642,6443727,55,130,1,1e-06,4.99e-07
224642,6453727,0,0,1,inf,0.0
224642,6467727,34,100,1,1e-06,0.0
225642,6248727,3,57,2,1e-06,0.0
225642,6351727,39,260,1,1e-06,4.99e-07
225642,6356727,34,285,1,1e-06,4.99e-07
225642,6377727,9,175,1,1e-06,4.99e-07
225642,6388727,40,95,1,1e-06,0.0
225642,6396727,2,115,2,1e-06,0.0
225642,6398727,5,265,1,1e-06,4.99e-07
225642,6399727,29,285,1,1e-06,4.99e-07
225642,6423727,70,300,1,1e-06,4.99e-07
225642,6456727,29,335,1,1e-06,0.0
225642,6461727,69,112,2,1e-06,0.0
225642,6462727,44,115,1,1e-06,0.0
225642,6466727,49,100,1,1e-06,0.0
225642,6467727,34,80,1,1e-06,0.0
226642,6351727,34,275,1,1e-06,4.99e-07
226642,6369727,9,265,1,1e-06,4.99e-07
226642,6375727,32,268,2,1e-06,4.99e-07
226642,6377727,19,190,1,1e-06,0.0
226642,6395727,5,190,1,1e-06,0.0
226642,6437727,90,110,1,1e-06,4.99e-07
226642,6441727,60,295,1,1e-06,4.99e-07
226642,6451727,29,160,1,1e-06,4.99e-07
226642,6454727,0,0,1,inf,0.0
227642,6225727,29,105,1,1e-06,0.0
227642,6343727,80,268,1,1e-06,4.99e-07
227642,6345727,72,47,1,1e-06,4.99e-07
227642,6346727,60,260,1,1e-06,4.99e-07
227642,6349727,19,100,1,1e-06,0.0
227642,6350727,44,265,1,1e-06,4.99e-07
227642,6355727,14,75,1,1e-06,0.0
227642,6359727,9,355,1,1e-06,0.0
227642,6369727,45,245,1,1e-06,4.99e-07
227642,6393727,9,275,1,1e-06,4.99e-07
227642,6399727,29,265,1,1e-06,4.99e-07
227642,6400727,9,255,1,1e-06,4.99e-07
227642,6402727,5,150,1,1e-06,4.99e-07
227642,6403727,39,125,1,1e-06,4.99e-07
227642,6404727,19,265,1,1e-06,4.99e-07
227642,6408727,19,260,1,1e-06,4.99e-07
227642,6413727,60,75,1,1e-06,0.0
227642,6418727,29,275,1,1e-06,4.99e-07
227642,6445727,65,290,1,1e-06,4.99e-07
227642,6450727,60,155,1,1e-06,4.99e-07
228642,6342727,83,267,1,1e-06,4.99e-07
228642,6343727,53,284,2,1e-06,0.0
228642,6355727,34,80,1,1e-06,0.0
228642,6356727,25,55,1,1e-06,4.99e-07
228642,6357727,25,40,1,1e-06,4.99e-07
228642,6394727,19,239,1,1e-06,4.99e-07
228642,6399727,39,260,1,1e-06,4.99e-07
228642,6404727,39,130,1,1e-06,4.99e-07
228642,6406727,19,275,1,1e-06,4.99e-07
228642,6415727,14,285,1,1e-06,4.99e-07
228642,6445727,69,295,1,1e-06,4.99e-07
229642,6340727,57,60,4,1e-06,0.0
229642,6341727,78,99,3,1e-06,4.99e-07
229642,6342727,36,304,7,1e-06,4.99e-07
229642,6343727,30,325,3,1e-06,4.99e-07
229642,6344727,31,358,3,1e-06,4.99e-07
229642,6352727,44,60,1,1e-06,4.99e-07
229642,6370727,54,260,1,1e-06,4.99e-07
229642,6372727,44,270,1,inf,0.0
229642,6378727,35,290,1,1e-06,4.99e-07
229642,6448727,44,300,1,1e-06,4.99e-07
230642,6233727,17,100,1,1e-06,0.0
230642,6291727,19,93,1,1e-06,0.0
230642,6293727,19,80,2,1e-06,4.99e-07
230642,6294727,27,88,1,1e-06,0.0
230642,6295727,17,78,1,1e-06,0.0
230642,6300727,10,96,1,1e-06,0.0
230642,6336727,90,83,1,1e-06,4.99e-07
230642,6339727,25,355,1,1e-06,0.0
230642,6340727,17,349,2,1e-06,4.99e-07
230642,6342727,14,1,2,1e-06,0.0
230642,6343727,25,40,6,1e-06,0.0
230642,6349727,29,0,1,1e-06,0.0
230642,6352727,49,45,1,1e-06,4.99e-07
230642,6363727,29,260,1,1e-06,4.99e-07
230642,6364727,44,290,1,1e-06,4.99e-07
230642,6372727,60,275,1,1e-06,4.99e-07
230642,6375727,60,275,1,1e-06,4.99e-07
231642,6230727,29,115,1,1e-06,0.0
231642,6233727,27,104,2,1e-06,4.99e-07
231642,6234727,16,95,2,1e-06,4.99e-07
231642,6288727,19,81,1,1e-06,0.0
231642,6292727,13,94,2,1e-06,4.99e-07
231642,6293727,23,96,1,1e-06,0.0
231642,6294727,8,108,1,1e-06,0.0
231642,6295727,25,92,1,1e-06,0.0
231642,6308727,25,89,1,1e-06,0.0
231642,6330727,85,60,1,1e-06,4.99e-07
231642,6331727,43,100,4,1e-06,4.99e-07
231642,6332727,16,7,2,2.362172018865872,0.0
231642,6334727,41,285,4,1e-06,4.99e-07
231642,6335727,14,82,2,1.5731073136723697,0.0
231642,6336727,10,328,1,1e-06,0.0
231642,6337727,25,190,1,1e-06,0.0
231642,6338727,68,298,1,1e-06,4.99e-07
231642,6340727,24,5,2,1e-06,0.0
231642,6343727,25,49,1,1e-06,4.99e-07
231642,6344727,35,55,5,1e-06,0.0
231642,6347727,39,65,1,1e-06,0.0
231642,6349727,25,65,1,1e-06,0.0
231642,6357727,44,95,1,1e-06,0.0
231642,6362727,14,280,1,1e-06,4.99e-07
231642,6364727,35,265,1,1e-06,4.99e-07
231642,6370727,39,250,1,1e-06,4.99e-07
231642,6371727,39,255,1,1e-06,4.99e-07
231642,6372727,44,275,1,1e-06,4.99e-07
231642,6375727,65,280,1,1e-06,4.99e-07
231642,6376727,49,275,1,1e-06,4.99e-07
231642,6454727,34,150,1,1e-06,4.99e-07
231642,6457727,19,95,2,1e-06,4.99e-07
232642,6234727,37,116,3,1e-06,4.99e-07
232642,6236727,35,108,1,1e-06,0.0
232642,6242727,22,97,1,1e-06,0.0
232642,6257727,11,91,1,1e-06,0.0
232642,6277727,8,66,2,1e-06,4.99e-07
232642,6282727,11,69,3,1e-06,4.99e-07
232642,6286727,32,78,2,1e-06,4.99e-07
232642,6290727,14,74,1,1e-06,0.0
232642,6295727,6,84,1,1e-06,0.0
232642,6298727,13,50,4,1e-06,0.0
232642,6308727,4,169,6,1e-06,0.0
232642,6327727,62,245,1,1e-06,4.99e-07
232642,6328727,46,239,1,1e-06,4.99e-07
232642,6329727,45,246,2,1e-06,0.0
232642,6330727,83,276,1,1e-06,4.99e-07
232642,6331727,49,260,5,1e-06,4.99e-07
232642,6335727,30,70,2,1e-06,4.99e-07
232642,6336727,28,39,1,1e-06,4.99e-07
232642,6337727,41,40,1,1e-06,4.99e-07
232642,6339727,44,57,3,1e-06,0.0
232642,6342727,49,27,1,1e-06,4.99e-07
232642,6344727,39,58,3,1e-06,0.0
232642,6348727,70,30,1,1e-06,4.99e-07
232642,6351727,29,15,1,1e-06,4.99e-07
232642,6352727,29,95,1,1e-06,0.0
232642,6357727,35,95,1,1e-06,0.0
232642,6359727,39,120,1,1e-06,4.99e-07
232642,6360727,49,112,2,1e-06,4.99e-07
232642,6363727,29,285,1,1e-06,4.99e-07
232642,6372727,35,255,1,1e-06,4.99e-07
233642,6238727,34,135,1,1e-06,4.99e-07
233642,6241727,39,88,1,1e-06,0.0
233642,6244727,34,110,2,1e-06,4.99e-07
233642,6245727,19,42,1,1e-06,4.99e-07
233642,6246727,25,96,1,1e-06,0.0
233642,6247727,23,93,1,1e-06,0.0
233642,6249727,23,93,4,1e-06,4.99e-07
233642,6251727,14,91,1,1e-06,0.0
233642,6257727,5,105,1,1e-06,0.0
233642,6258727,8,121,2,1e-06,0.0
233642,6260727,9,171,5,1e-06,0.0
233642,6279727,12,10,9,1e-06,0.0
233642,6281727,13,91,2,1e-06,4.99e-07
233642,6282727,9,82,1,1e-06,0.0
233642,6283727,9,59,2,1e-06,0.0
233642,6286727,8,33,1,1e-06,4.99e-07
233642,6287727,8,64,1,1e-06,0.0
233642,6300727,16,105,1,1e-06,0.0
233642,6301727,17,87,1,1e-06,0.0
233642,6324727,30,242,2,1e-06,4.99e-07
233642,6325727,20,199,1,1e-06,0.0
233642,6327727,17,214,9,1e-06,0.0
233642,6328727,31,252,1,1e-06,4.99e-07
233642,6331727,1,109,3,1e-06,4.99e-07
233642,6337727,29,48,1,1e-06,4.99e-07
233642,6338727,37,58,2,1e-06,0.0
233642,6339727,41,37,4,1e-06,0.0
233642,6340727,34,48,1,1e-06,4.99e-07
233642,6341727,43,66,1,1e-06,0.0
233642,6342727,51,67,6,1e-06,4.99e-07
233642,6343727,35,358,6,1e-06,4.99e-07
233642,6344727,45,69,7,1e-06,4.99e-07
233642,6351727,60,65,1,1e-06,4.99e-07
233642,6363727,29,271,2,1e-06,4.99e-07
234642,6241727,33,94,6,1e-06,4.99e-07
234642,6242727,10,83,7,1e-06,4.99e-07
234642,6249727,11,61,1,1e-06,0.0
234642,6252727,11,115,3,1e-06,4.99e-07
234642,6253727,10,117,3,1e-06,4.99e-07
234642,6260727,6,71,1,1e-06,0.0
234642,6261727,5,119,1,1e-06,0.0
234642,6263727,14,126,1,1e-06,4.99e-07
234642,6279727,7,23,1,1e-06,4.99e-07
234642,6297727,14,231,2,1e-06,4.99e-07
234642,6299727,11,199,1,1e-06,0.0
234642,6303727,25,192,1,1e-06,0.0
234642,6322727,27,259,1,1e-06,4.99e-07
234642,6325727,29,243,1,1e-06,4.99e-07
234642,6326727,23,97,1,1e-06,0.0
234642,6327727,23,173,1,1e-06,4.99e-07
234642,6329727,45,85,4,1e-06,4.99e-07
234642,6336727,41,67,2,1e-06,4.99e-07
234642,6337727,55,52,2,1e-06,0.0
234642,6339727,46,59,2,1e-06,0.0
234642,6340727,33,51,2,1e-06,0.0
234642,6341727,19,358,14,1e-06,4.99e-07
234642,6342727,35,50,15,1e-06,0.0
234642,6343727,53,80,2,1e-06,4.99e-07
234642,6344727,68,73,4,1e-06,4.99e-07
234642,6347727,54,90,1,1e-06,0.0
234642,6353727,39,65,1,1e-06,0.0
234642,6360727,60,265,1,1e-06,4.99e-07
234642,6361727,65,285,1,1e-06,4.99e-07
234642,6362727,60,265,1,1e-06,4.99e-07
234642,6453727,29,140,1,1e-06,4.99e-07
234642,6475727,19,5,1,1e-06,4.99e-07
235642,6245727,40,120,1,1e-06,4.99e-07
235642,6247727,11,56,3,1e-06,0.0
235642,6251727,19,92,1,1e-06,0.0
235642,6252727,21,149,3,1e-06,0.0
235642,6258727,10,100,1,1e-06,0.0
235642,6259727,5,135,7,1e-06,0.0
235642,6260727,5,145,2,1e-06,0.0
235642,6264727,28,98,1,1e-06,0.0
235642,6265727,10,162,3,1e-06,0.0
235642,6273727,7,58,3,1e-06,0.0
235642,6279727,8,66,4,1e-06,4.99e-07
235642,6283727,7,39,2,1e-06,0.0
235642,6303727,19,219,1,1e-06,0.0
235642,6315727,23,102,1,1e-06,0.0
235642,6318727,30,70,2,1e-06,4.99e-07
235642,6319727,23,212,7,1e-06,4.99e-07
235642,6320727,19,193,7,1e-06,4.99e-07
235642,6321727,10,207,3,1e-06,0.0
235642,6323727,33,71,5,1e-06,4.99e-07
235642,6326727,48,74,2,1e-06,4.99e-07
235642,6327727,46,61,1,1e-06,4.99e-07
235642,6328727,59,70,1,1e-06,0.0
235642,6329727,54,84,2,1e-06,4.99e-07
235642,6333727,44,77,2,1e-06,4.99e-07
235642,6334727,52,74,2,1e-06,4.99e-07
235642,6335727,51,79,2,1e-06,4.99e-07
235642,6336727,51,80,2,1e-06,4.99e-07
235642,6337727,49,75,1,1e-06,0.0
235642,6338727,54,78,1,1e-06,0.0
235642,6340727,43,72,1,1e-06,0.0
235642,6344727,57,53,1,1e-06,4.99e-07
235642,6356727,54,75,1,1e-06,0.0
235642,6359727,33,199,2,0.04936200054594808,0.02468099927297404
235642,6361727,80,90,1,1e-06,0.0
235642,6364727,62,274,2,1e-06,0.0
236642,6247727,25,90,4,1e-06,4.99e-07
236642,6252727,17,99,3,1e-06,4.99e-07
236642,6253727,11,121,6,1e-06,0.0
236642,6255727,9,118,5,1e-06,4.99e-07
236642,6256727,7,113,3,1e-06,4.99e-07
236642,6258727,11,155,2,1e-06,0.0
236642,6263727,19,113,1,1e-06,0.0
236642,6270727,14,77,1,1e-06,0.0
236642,6276727,9,71,1,1e-06,0.0
236642,6277727,9,62,1,1e-06,0.0
236642,6300727,12,99,2,1e-06,4.99e-07
236642,6301727,31,88,1,1e-06,0.0
236642,6302727,5,182,1,1e-06,0.0
236642,6311727,27,220,1,1e-06,0.0
236642,6312727,23,196,4,1e-06,4.99e-07
236642,6313727,20,172,5,1e-06,0.0
236642,6314727,49,134,2,1e-06,0.0
236642,6315727,20,125,9,1e-06,0.0
236642,6317727,50,176,1,1e-06,0.0
236642,6318727,26,180,8,1e-06,4.99e-07
236642,6322727,27,70,3,1e-06,4.99e-07
236642,6323727,37,106,4,1e-06,4.99e-07
236642,6325727,40,95,1,1e-06,0.0
236642,6333727,55,88,3,1e-06,4.99e-07
236642,6335727,44,87,5,1e-06,4.99e-07
236642,6336727,40,58,2,1e-06,0.0
236642,6338727,59,75,1,1e-06,0.0
236642,6339727,48,92,1,1e-06,0.0
236642,6341727,41,65,2,1e-06,4.99e-07
236642,6344727,38,63,3,1e-06,4.99e-07
236642,6348727,9,355,1,1e-06,0.0
236642,6353727,44,280,1,1e-06,4.99e-07
236642,6361727,80,90,1,1e-06,0.0
236642,6362727,75,95,1,1e-06,0.0
236642,6363727,44,105,1,1e-06,0.0
236642,6448727,49,320,1,1e-06,0.0
237642,6252727,40,101,4,1e-06,4.99e-07
237642,6253727,11,130,3,1e-06,0.0
237642,6260727,35,127,1,1e-06,4.99e-07
237642,6263727,9,187,2,1e-06,4.99e-07
237642,6268727,7,135,2,1e-06,0.0
237642,6271727,11,70,2,1e-06,4.99e-07
237642,6273727,10,73,1,1e-06,0.0
237642,6275727,6,90,1,1e-06,0.0
237642,6280727,7,19,1,1e-06,4.99e-07
237642,6283727,7,72,1,1e-06,0.0
237642,6299727,29,242,1,1e-06,4.99e-07
237642,6300727,22,96,1,1e-06,0.0
237642,6301727,63,68,1,1e-06,4.99e-07
237642,6312727,24,158,2,1e-06,0.0
237642,6313727,21,147,5,1e-06,0.0
237642,6314727,15,190,2,1e-06,4.99e-07
237642,6315727,10,163,1,1e-06,4.99e-07
237642,6316727,11,165,6,1e-06,0.0
237642,6317727,6,185,4,1e-06,0.0
237642,6318727,25,149,1,1e-06,4.99e-07
237642,6322727,41,71,1,1e-06,0.0
237642,6325727,64,98,2,1e-06,4.99e-07
237642,6327727,52,96,1,1e-06,0.0
237642,6328727,22,114,1,1e-06,0.0
237642,6329727,54,95,2,1e-06,4.99e-07
237642,6331727,30,112,1,1e-06,0.0
237642,6332727,49,100,2,1e-06,4.99e-07
237642,6333727,55,86,2,1e-06,4.99e-07
237642,6334727,20,96,1,1e-06,0.0
237642,6335727,49,89,1,1e-06,0.0
237642,6338727,58,94,1,1e-06,0.0
237642,6339727,25,68,1,1e-06,0.0
237642,6341727,27,83,1,1e-06,0.0
237642,6343727,35,33,1,1e-06,4.99e-07
237642,6344727,35,20,2,1e-06,0.0
237642,6350727,44,290,1,1e-06,4.99e-07
238642,6263727,17,132,2,1e-06,0.0
238642,6265727,9,145,1,1e-06,4.99e-07
238642,6271727,16,254,4,1e-06,4.99e-07
238642,6273727,27,263,5,1e-06,4.99e-07
238642,6274727,8,39,3,1e-06,0.0
238642,6275727,8,69,1,1e-06,0.0
238642,6277727,22,44,5,1e-06,0.0
238642,6314727,19,178,3,1e-06,0.0
238642,6315727,13,179,3,1e-06,0.0
238642,6316727,26,104,2,1e-06,4.99e-07
238642,6317727,23,150,1,1e-06,4.99e-07
238642,6318727,35,115,3,1e-06,4.99e-07
238642,6319727,21,106,4,1e-06,4.99e-07
238642,6320727,85,79,1,1e-06,4.99e-07
238642,6321727,58,77,4,1e-06,4.99e-07
238642,6322727,85,87,1,1e-06,0.0
238642,6323727,29,105,7,1e-06,4.99e-07
238642,6324727,69,103,1,1e-06,0.0
238642,6326727,31,100,2,1e-06,4.99e-07
238642,6327727,2,352,4,1e-06,0.0
238642,6330727,17,109,4,1e-06,4.99e-07
238642,6331727,12,125,4,1e-06,0.0
238642,6332727,8,71,3,1e-06,4.99e-07
238642,6336727,23,42,2,1e-06,0.0
238642,6338727,28,49,4,1e-06,0.0
238642,6340727,39,54,1,1e-06,4.99e-07
238642,6343727,29,20,1,1e-06,4.99e-07
238642,6344727,27,354,3,1e-06,4.99e-07
238642,6346727,39,330,1,1e-06,0.0
238642,6353727,39,280,1,1e-06,4.99e-07
238642,6448727,39,100,1,1e-06,0.0
238642,6451727,80,355,1,1e-06,0.0
238642,6454727,0,0,1,inf,0.0
239642,6235727,2,210,1,1e-06,0.0
239642,6236727,3,130,3,1e-06,0.0
239642,6263727,6,158,4,1e-06,0.0
239642,6266727,5,66,3,1e-06,4.99e-07
239642,6270727,8,84,2,1e-06,4.99e-07
239642,6274727,14,105,1,1e-06,0.0
239642,6288727,13,97,2,1e-06,4.99e-07
239642,6293727,17,88,1,1e-06,0.0
239642,6294727,10,95,1,1e-06,0.0
239642,6296727,19,143,1,1e-06,4.99e-07
239642,6297727,10,128,1,1e-06,4.99e-07
239642,6298727,38,248,1,1e-06,4.99e-07
239642,6314727,19,145,7,1e-06,0.0
239642,6316727,22,100,3,1e-06,4.99e-07
239642,6318727,30,84,2,1e-06,4.99e-07
239642,6319727,14,262,3,1e-06,4.99e-07
239642,6320727,54,93,2,1e-06,4.99e-07
239642,6321727,42,243,3,1e-06,4.99e-07
239642,6323727,34,264,3,1e-06,4.99e-07
239642,6324727,31,236,3,1e-06,4.99e-07
239642,6325727,46,260,1,1e-06,4.99e-07
239642,6326727,49,280,1,1e-06,4.99e-07
239642,6327727,19,303,7,1e-06,4.99e-07
239642,6328727,69,271,2,1e-06,4.99e-07
239642,6330727,46,288,1,1e-06,4.99e-07
239642,6331727,34,263,2,1e-06,4.99e-07
239642,6332727,19,258,1,1e-06,4.99e-07
239642,6335727,17,323,1,1e-06,0.0
239642,6336727,19,48,1,1e-06,4.99e-07
239642,6338727,30,76,1,1e-06,0.0
239642,6342727,22,342,1,1e-06,0.0
239642,6344727,28,338,2,1e-06,4.99e-07
239642,6452727,54,345,1,1e-06,0.0
240642,6234727,7,310,1,1e-06,0.0
240642,6235727,14,173,2,1e-06,0.0
240642,6236727,5,151,3,1e-06,0.0
240642,6271727,25,115,1,1e-06,0.0
240642,6276727,8,95,1,1e-06,0.0
240642,6281727,22,86,2,1e-06,4.99e-07
240642,6296727,8,167,1,1e-06,4.99e-07
240642,6306727,34,230,1,1e-06,0.0
240642,6308727,42,250,1,1e-06,4.99e-07
240642,6309727,43,263,1,1e-06,4.99e-07
240642,6310727,39,262,1,1e-06,4.99e-07
240642,6312727,35,258,1,1e-06,4.99e-07
240642,6313727,22,145,4,1e-06,0.0
240642,6314727,18,129,2,18.56702032368622,8.57162841170466
240642,6315727,34,181,1,1e-06,0.0
240642,6316727,32,248,8,1e-06,4.99e-07
240642,6317727,60,268,1,1e-06,4.99e-07
240642,6318727,64,255,2,1e-06,0.0
240642,6319727,63,253,4,1e-06,0.0
240642,6320727,69,250,1,1e-06,4.99e-07
240642,6321727,63,252,2,1e-06,0.0
240642,6322727,74,259,3,1e-06,0.0
240642,6323727,63,266,9,1e-06,0.0
240642,6324727,62,273,1,1e-06,4.99e-07
240642,6325727,75,274,2,1e-06,0.0
240642,6328727,46,284,1,1e-06,4.99e-07
240642,6329727,52,293,1,1e-06,4.99e-07
240642,6331727,37,288,3,1e-06,0.0
240642,6332727,34,267,1,1e-06,4.99e-07
240642,6333727,29,286,1,1e-06,4.99e-07
240642,6337727,15,8,2,1e-06,0.0
240642,6338727,7,334,2,1e-06,4.99e-07
240642,6339727,11,10,1,1e-06,4.99e-07
240642,6340727,16,350,1,1e-06,0.0
240642,6341727,14,3,1,1e-06,4.99e-07
240642,6342727,38,53,1,1e-06,4.99e-07
240642,6344727,39,331,1,1e-06,0.0
240642,6347727,18,311,2,1e-06,4.99e-07
240642,6349727,29,285,1,1e-06,4.99e-07
240642,6352727,39,270,1,inf,0.0
240642,6353727,49,275,1,1e-06,4.99e-07
240642,6355727,39,270,1,inf,0.0
240642,6359727,39,270,1,inf,0.0
240642,6447727,39,100,1,1e-06,0.0
241642,6288727,10,21,4,1e-06,0.0
241642,6296727,13,180,1,1e-06,0.0
241642,6307727,37,249,5,1e-06,0.0
241642,6308727,17,261,4,1e-06,4.99e-07
241642,6310727,52,251,1,1e-06,4.99e-07
241642,6312727,16,99,3,1e-06,4.99e-07
241642,6313727,26,218,5,1e-06,4.99e-07
241642,6314727,51,248,4,1e-06,4.99e-07
241642,6315727,22,231,2,1e-06,4.99e-07
241642,6316727,15,123,4,1e-06,0.0
241642,6317727,29,140,2,2.183791604044951,0.5399122133897676
241642,6318727,77,150,1,1e-06,4.99e-07
241642,6319727,79,259,3,1e-06,0.0
241642,6320727,75,255,2,1e-06,0.0
241642,6321727,73,258,1,1e-06,4.99e-07
241642,6323727,65,223,2,1e-06,4.99e-07
241642,6325727,52,275,1,1e-06,4.99e-07
241642,6326727,58,279,1,1e-06,4.99e-07
241642,6328727,57,311,1,1e-06,0.0
241642,6332727,29,291,1,1e-06,4.99e-07
241642,6335727,39,313,1,1e-06,0.0
241642,6336727,27,340,1,1e-06,0.0
241642,6337727,25,323,1,1e-06,0.0
241642,6338727,28,11,1,1e-06,4.99e-07
241642,6344727,25,305,2,1e-06,4.99e-07
241642,6345727,30,293,1,1e-06,4.99e-07
241642,6420727,34,300,1,1e-06,4.99e-07
241642,6448727,60,95,1,1e-06,0.0
242642,6271727,14,142,1,1e-06,4.99e-07
242642,6280727,11,103,2,1e-06,4.99e-07
242642,6285727,8,155,8,1e-06,0.0
242642,6306727,60,248,1,1e-06,4.99e-07
242642,6308727,56,275,7,1e-06,4.99e-07
242642,6310727,17,269,6,1e-06,4.99e-07
242642,6311727,44,258,5,1e-06,4.99e-07
242642,6312727,38,247,2,1e-06,0.0
242642,6313727,52,254,5,1e-06,4.99e-07
242642,6314727,67,78,3,15.375732315322661,0.0
242642,6316727,81,71,6,1e-06,0.0
242642,6317727,86,70,1,1e-06,4.99e-07
242642,6319727,82,256,2,1e-06,0.0
242642,6323727,72,269,1,1e-06,4.99e-07
242642,6324727,65,270,1,inf,0.0
242642,6328727,49,306,1,1e-06,0.0
242642,6331727,34,283,1,1e-06,4.99e-07
242642,6332727,34,302,1,1e-06,0.0
242642,6333727,39,318,1,1e-06,0.0
242642,6335727,29,323,1,1e-06,0.0
242642,6338727,27,354,4,1e-06,4.99e-07
242642,6339727,25,5,1,1e-06,4.99e-07
242642,6341727,24,18,1,1e-06,4.99e-07
242642,6343727,26,51,5,1e-06,0.0
242642,6344727,30,267,3,1e-06,4.99e-07
242642,6348727,65,280,1,1e-06,4.99e-07
242642,6445727,60,345,1,1e-06,0.0
242642,6446727,44,60,1,1e-06,4.99e-07
242642,6454727,65,350,1,1e-06,0.0
243642,6305727,27,254,1,1e-06,4.99e-07
243642,6306727,40,257,3,1e-06,4.99e-07
243642,6308727,45,260,16,1e-06,4.99e-07
243642,6309727,74,255,4,1e-06,0.0
243642,6310727,64,262,1,1e-06,4.99e-07
243642,6312727,17,181,2,2.2759403273539585,0.0
243642,6314727,75,71,1,1e-06,4.99e-07
243642,6315727,83,72,4,1e-06,0.0
243642,6316727,86,73,1,1e-06,4.99e-07
243642,6317727,9,158,2,1.590677060748877,0.0
243642,6318727,2,149,2,3.711910405404666,1.4083592400795815
243642,6320727,55,245,5,1e-06,4.99e-07
243642,6321727,90,283,1,1e-06,4.99e-07
243642,6322727,90,60,1,1e-06,4.99e-07
243642,6324727,83,278,1,1e-06,4.99e-07
243642,6327727,47,275,1,1e-06,4.99e-07
243642,6328727,39,293,1,1e-06,4.99e-07
243642,6329727,48,308,1,1e-06,0.0
243642,6331727,35,305,2,1e-06,4.99e-07
243642,6339727,28,319,1,1e-06,0.0
243642,6341727,35,306,1,1e-06,0.0
243642,6342727,31,337,3,1e-06,4.99e-07
243642,6343727,19,357,6,1e-06,0.0
243642,6344727,55,258,4,1e-06,4.99e-07
243642,6345727,84,263,1,1e-06,4.99e-07
243642,6350727,49,265,1,1e-06,4.99e-07
243642,6357727,65,265,2,1e-06,4.99e-07
243642,6359727,75,250,1,1e-06,4.99e-07
243642,6361727,80,290,1,1e-06,4.99e-07
243642,6404727,9,100,1,1e-06,0.0
243642,6406727,9,320,1,1e-06,0.0
243642,6411727,9,85,1,1e-06,0.0
243642,6413727,5,285,2,1e-06,4.99e-07
243642,6418727,29,115,1,1e-06,0.0
243642,6424727,0,0,1,inf,0.0
243642,6429727,44,285,1,1e-06,4.99e-07
243642,6446727,44,60,1,1e-06,4.99e-07
243642,6452727,35,95,1,1e-06,0.0
243642,6462727,68,110,1,1e-06,4.99e-07
243642,6472727,29,345,1,1e-06,0.0
244642,6308727,90,254,1,1e-06,4.99e-07
244642,6313727,60,347,2,1.4618348450467964,0.0
244642,6315727,9,50,2,4.67048772664111,0.0
244642,6321727,71,276,4,1e-06,0.0
244642,6324727,47,359,4,0.5528399940243571,0.27641999601217854
244642,6327727,43,84,1,1e-06,0.0
244642,6328727,38,271,4,1e-06,0.0
244642,6329727,42,299,1,1e-06,4.99e-07
244642,6330727,72,266,1,1e-06,4.99e-07
244642,6331727,58,324,1,1e-06,0.0
244642,6332727,44,30,3,1e-06,0.0
244642,6335727,29,328,1,1e-06,0.0
244642,6336727,32,333,3,1e-06,4.99e-07
244642,6338727,28,329,4,1e-06,4.99e-07
244642,6339727,27,346,9,1e-06,4.99e-07
244642,6340727,24,324,2,1e-06,4.99e-07
244642,6341727,46,301,2,1e-06,4.99e-07
244642,6342727,49,317,10,1e-06,4.99e-07
244642,6343727,27,332,4,1e-06,4.99e-07
244642,6348727,5,110,1,1e-06,0.0
244642,6350727,29,110,1,1e-06,0.0
244642,6354727,34,70,1,1e-06,0.0
244642,6359727,65,250,1,1e-06,4.99e-07
244642,6366727,49,250,1,1e-06,4.99e-07
244642,6369727,44,265,1,1e-06,4.99e-07
244642,6405727,19,65,1,1e-06,0.0
244642,6412727,19,80,1,1e-06,0.0
244642,6420727,60,115,1,1e-06,4.99e-07
244642,6435727,44,275,1,1e-06,4.99e-07
244642,6439727,29,275,1,1e-06,4.99e-07
244642,6445727,86,126,1,1e-06,4.99e-07
244642,6455727,19,30,1,1e-06,4.99e-07
244642,6473727,34,125,1,1e-06,4.99e-07
245642,6254727,25,242,1,1e-06,4.99e-07
245642,6307727,36,257,1,1e-06,4.99e-07
245642,6310727,80,258,1,1e-06,4.99e-07
245642,6313727,77,248,2,1e-06,0.0
245642,6317727,80,84,1,1e-06,0.0
245642,6321727,80,279,1,1e-06,4.99e-07
245642,6323727,84,82,1,1e-06,0.0
245642,6324727,90,83,1,1e-06,4.99e-07
245642,6328727,73,269,1,1e-06,4.99e-07
245642,6329727,31,302,1,1e-06,0.0
245642,6332727,65,73,2,1e-06,4.99e-07
245642,6333727,71,67,3,1e-06,0.0
245642,6334727,55,64,1,1e-06,4.99e-07
245642,6336727,77,71,1,1e-06,4.99e-07
245642,6337727,49,67,2,1e-06,4.99e-07
245642,6338727,55,58,1,1e-06,4.99e-07
245642,6339727,51,62,7,1e-06,0.0
245642,6340727,49,56,1,1e-06,4.99e-07
245642,6342727,72,70,1,1e-06,4.99e-07
245642,6343727,55,64,2,1e-06,0.0
245642,6344727,68,80,2,1e-06,4.99e-07
245642,6345727,58,79,3,1e-06,4.99e-07
245642,6348727,29,90,1,1e-06,0.0
245642,6355727,27,103,2,10.131744510656024,0.0
245642,6364727,49,265,1,1e-06,4.99e-07
245642,6393727,40,355,1,1e-06,0.0
245642,6394727,9,10,1,1e-06,4.99e-07
245642,6409727,19,50,1,1e-06,4.99e-07
245642,6415727,29,85,1,1e-06,0.0
245642,6423727,9,160,1,1e-06,4.99e-07
245642,6446727,90,135,1,inf,0.0
245642,6473727,56,330,1,1e-06,0.0
245642,6474727,24,4,2,1e-06,0.0
246642,6244727,18,270,3,1e-06,0.0
246642,6245727,40,262,2,1e-06,0.0
246642,6246727,44,252,1,1e-06,4.99e-07
246642,6249727,15,260,3,1e-06,4.99e-07
246642,6302727,75,252,1,1e-06,4.99e-07
246642,6303727,88,259,1,1e-06,4.99e-07
246642,6308727,84,79,2,1e-06,0.0
246642,6309727,80,63,1,1e-06,4.99e-07
246642,6313727,73,31,1,1e-06,4.99e-07
246642,6314727,39,38,3,6.815782532588142,3.407891265294071
246642,6332727,56,85,2,1e-06,4.99e-07
246642,6333727,44,60,6,1e-06,0.0
246642,6336727,65,81,3,1e-06,4.99e-07
246642,6337727,69,73,1,1e-06,0.0
246642,6338727,66,74,2,1e-06,4.99e-07
246642,6341727,64,72,1,1e-06,0.0
246642,6343727,68,103,3,1e-06,4.99e-07
246642,6344727,18,263,3,1e-06,4.99e-07
246642,6345727,50,93,3,1e-06,4.99e-07
246642,6353727,60,95,1,1e-06,0.0
246642,6394727,29,80,1,1e-06,0.0
246642,6406727,40,70,1,1e-06,0.0
246642,6412727,49,95,1,1e-06,0.0
246642,6420727,5,160,1,1e-06,4.99e-07
246642,6425727,29,85,1,1e-06,0.0
246642,6427727,49,20,1,1e-06,4.99e-07
246642,6432727,29,275,1,1e-06,4.99e-07
246642,6444727,80,315,1,1e-06,0.0
246642,6454727,49,120,1,1e-06,4.99e-07
246642,6471727,63,115,1,1e-06,4.99e-07
246642,6472727,39,120,1,1e-06,4.99e-07
246642,6473727,46,353,2,1e-06,4.99e-07
247642,6228727,5,275,1,1e-06,4.99e-07
247642,6239727,18,94,3,1e-06,4.99e-07
247642,6241727,4,66,5,1e-06,4.99e-07
247642,6298727,66,67,2,1e-06,0.0
247642,6301727,48,106,7,1e-06,4.99e-07
247642,6302727,57,231,6,1e-06,4.99e-07
247642,6303727,56,91,1,1e-06,0.0
247642,6304727,61,176,2,2.0741344151692767,0.0
247642,6305727,85,89,1,1e-06,0.0
247642,6306727,85,88,1,1e-06,0.0
247642,6308727,82,75,2,1e-06,0.0
247642,6310727,84,101,1,1e-06,4.99e-07
247642,6311727,74,104,2,1e-06,4.99e-07
247642,6335727,65,71,4,1e-06,4.99e-07
247642,6338727,69,82,2,1e-06,4.99e-07
247642,6339727,62,97,3,1e-06,4.99e-07
247642,6343727,85,252,1,1e-06,4.99e-07
247642,6344727,54,276,1,1e-06,4.99e-07
247642,6349727,35,245,1,1e-06,4.99e-07
247642,6353727,14,274,2,1e-06,4.99e-07
247642,6355727,44,255,1,1e-06,4.99e-07
247642,6414727,44,85,1,1e-06,0.0
247642,6417727,55,85,1,1e-06,0.0
247642,6430727,44,165,1,1e-06,4.99e-07
247642,6438727,25,310,1,1e-06,0.0
248642,6235727,23,91,1,1e-06,0.0
248642,6238727,11,111,1,1e-06,0.0
248642,6293727,50,69,2,1e-06,4.99e-07
248642,6294727,56,73,2,1e-06,4.99e-07
248642,6298727,58,78,7,1e-06,4.99e-07
248642,6300727,65,90,1,1e-06,0.0
248642,6302727,77,110,1,1e-06,4.99e-07
248642,6303727,85,90,2,1e-06,4.99e-07
248642,6304727,77,100,1,1e-06,0.0
248642,6309727,89,104,2,1e-06,0.0
248642,6310727,58,105,1,1e-06,0.0
248642,6311727,85,285,1,1e-06,4.99e-07
248642,6315727,72,6,1,1e-06,0.0
248642,6317727,55,337,1,1e-06,0.0
248642,6330727,50,25,2,1e-06,0.0
248642,6333727,83,97,1,1e-06,0.0
248642,6335727,58,78,1,1e-06,0.0
248642,6343727,51,262,2,1e-06,0.0
248642,6423727,34,125,1,1e-06,4.99e-07
248642,6427727,39,330,1,1e-06,0.0
248642,6435727,9,255,1,1e-06,4.99e-07
248642,6438727,19,95,1,1e-06,0.0
249642,6236727,7,60,3,1e-06,0.0
249642,6237727,7,212,1,1e-06,0.0
249642,6286727,4,224,2,1e-06,4.99e-07
249642,6287727,26,68,2,1e-06,0.0
249642,6288727,72,169,2,1e-06,4.99e-07
249642,6289727,28,81,4,1e-06,4.99e-07
249642,6290727,31,89,4,1e-06,4.99e-07
249642,6291727,16,50,1,1e-06,4.99e-07
249642,6292727,25,53,1,1e-06,4.99e-07
249642,6294727,19,43,4,1e-06,0.0
249642,6301727,40,70,1,1e-06,0.0
249642,6302727,85,287,1,1e-06,4.99e-07
249642,6303727,80,83,1,1e-06,0.0
249642,6304727,75,88,2,1e-06,4.99e-07
249642,6306727,80,92,2,1e-06,4.99e-07
249642,6307727,13,4,2,2.1062897342450477,0.0
249642,6309727,90,108,1,1e-06,4.99e-07
249642,6310727,86,99,2,1e-06,0.0
249642,6311727,85,107,1,1e-06,4.99e-07
249642,6316727,60,49,1,1e-06,4.99e-07
249642,6318727,63,311,2,1e-06,4.99e-07
249642,6330727,49,275,3,1e-06,0.0
249642,6332727,59,267,1,1e-06,4.99e-07
249642,6333727,63,282,2,1e-06,0.0
249642,6334727,68,291,2,1e-06,0.0
249642,6335727,59,278,1,1e-06,4.99e-07
249642,6337727,76,259,1,1e-06,4.99e-07
249642,6339727,75,263,1,1e-06,4.99e-07
249642,6342727,49,275,1,1e-06,4.99e-07
249642,6347727,60,290,1,1e-06,4.99e-07
249642,6362727,65,165,1,1e-06,0.0
249642,6426727,39,135,1,1e-06,4.99e-07
249642,6430727,39,270,1,inf,0.0
249642,6436727,9,234,1,1e-06,0.0
249642,6443727,14,320,1,1e-06,0.0
249642,6451727,90,135,1,inf,0.0
250642,6226727,9,150,1,1e-06,4.99e-07
250642,6230727,5,250,1,1e-06,4.99e-07
250642,6234727,16,47,3,1e-06,0.0
250642,6285727,19,100,2,1e-06,4.99e-07
250642,6286727,27,107,1,1e-06,0.0
250642,6287727,25,119,4,1e-06,4.99e-07
250642,6288727,20,11,8,1e-06,4.99e-07
250642,6289727,27,25,1,1e-06,4.99e-07
250642,6293727,19,7,2,1e-06,0.0
250642,6303727,63,85,3,1e-06,4.99e-07
250642,6304727,43,82,3,1e-06,4.99e-07
250642,6305727,70,87,3,1e-06,4.99e-07
250642,6306727,65,93,2,1e-06,4.99e-07
250642,6307727,85,100,1,1e-06,4.99e-07
250642,6308727,75,93,1,1e-06,0.0
250642,6309727,84,106,1,1e-06,4.99e-07
250642,6324727,61,330,1,1e-06,0.0
250642,6327727,60,282,1,1e-06,4.99e-07
250642,6332727,69,285,1,1e-06,4.99e-07
250642,6341727,39,293,1,1e-06,4.99e-07
250642,6346727,45,239,1,1e-06,4.99e-07
250642,6360727,44,290,1,1e-06,4.99e-07
250642,6395727,70,95,1,1e-06,0.0
250642,6416727,44,100,1,1e-06,0.0
250642,6429727,0,0,1,inf,0.0
250642,6476727,29,255,1,1e-06,4.99e-07
251642,6282727,44,97,1,1e-06,0.0
251642,6286727,20,77,2,1e-06,4.99e-07
251642,6288727,25,105,1,1e-06,0.0
251642,6291727,20,55,1,1e-06,4.99e-07
251642,6293727,4,20,3,1e-06,0.0
251642,6294727,25,37,1,1e-06,4.99e-07
251642,6304727,49,83,2,1e-06,4.99e-07
251642,6306727,41,74,4,1e-06,4.99e-07
251642,6308727,54,80,1,1e-06,0.0
251642,6311727,80,103,1,1e-06,4.99e-07
251642,6326727,38,295,1,1e-06,4.99e-07
251642,6327727,50,295,2,1e-06,0.0
251642,6334727,76,273,1,1e-06,4.99e-07
251642,6335727,70,271,1,1e-06,4.99e-07
251642,6336727,64,276,1,1e-06,4.99e-07
251642,6337727,61,270,1,inf,0.0
251642,6338727,65,270,3,1e-06,4.99e-07
251642,6339727,85,288,1,1e-06,4.99e-07
251642,6344727,84,272,2,1e-06,4.99e-07
251642,6345727,69,266,1,1e-06,4.99e-07
251642,6349727,65,250,1,1e-06,4.99e-07
251642,6354727,60,270,1,inf,0.0
251642,6360727,80,295,1,1e-06,4.99e-07
251642,6361727,54,275,1,1e-06,4.99e-07
251642,6362727,34,200,1,1e-06,0.0
251642,6430727,25,95,1,1e-06,0.0
251642,6433727,9,145,1,1e-06,4.99e-07
251642,6445727,19,325,1,1e-06,0.0
252642,6280727,26,108,3,1e-06,4.99e-07
252642,6286727,25,93,1,1e-06,0.0
252642,6291727,39,75,4,1e-06,4.99e-07
252642,6292727,57,76,1,1e-06,0.0
252642,6293727,14,25,3,1e-06,0.0
252642,6302727,15,284,2,1e-06,0.0
252642,6305727,18,349,2,1e-06,4.99e-07
252642,6306727,19,37,2,1e-06,0.0
252642,6308727,29,77,4,1e-06,4.99e-07
252642,6310727,59,93,1,1e-06,0.0
252642,6312727,75,99,1,1e-06,0.0
252642,6324727,19,21,2,1e-06,0.0
252642,6327727,32,308,1,1e-06,0.0
252642,6337727,52,78,1,1e-06,0.0
252642,6339727,71,296,1,1e-06,4.99e-07
252642,6340727,90,285,1,1e-06,4.99e-07
252642,6341727,67,281,1,1e-06,4.99e-07
252642,6355727,70,85,1,1e-06,0.0
252642,6357727,49,265,1,1e-06,4.99e-07
252642,6420727,25,310,1,1e-06,0.0
252642,6431727,29,115,1,1e-06,0.0
252642,6435727,49,110,1,1e-06,0.0
252642,6438727,69,345,1,1e-06,0.0
252642,6469727,19,265,1,1e-06,4.99e-07
253642,6291727,16,46,2,1e-06,0.0
253642,6292727,17,62,1,1e-06,0.0
253642,6293727,15,331,3,1e-06,4.99e-07
253642,6294727,10,358,4,1e-06,4.99e-07
253642,6300727,59,284,2,1e-06,0.0
253642,6301727,29,259,1,1e-06,4.99e-07
253642,6302727,21,300,4,1e-06,4.99e-07
253642,6303727,14,303,1,1e-06,0.0
253642,6304727,22,318,7,1e-06,4.99e-07
253642,6305727,22,318,1,1e-06,0.0
253642,6306727,16,322,1,1e-06,0.0
253642,6307727,27,320,4,1e-06,4.99e-07
253642,6309727,31,303,2,1e-06,4.99e-07
253642,6310727,1,317,3,1e-06,0.0
253642,6312727,7,200,4,1e-06,0.0
253642,6314727,25,259,1,1e-06,4.99e-07
253642,6315727,26,208,2,1e-06,4.99e-07
253642,6319727,27,70,3,1e-06,4.99e-07
253642,6322727,59,105,2,1e-06,4.99e-07
253642,6323727,70,107,1,1e-06,0.0
253642,6324727,63,105,2,1e-06,4.99e-07
253642,6325727,34,80,1,1e-06,0.0
253642,6328727,65,269,1,1e-06,4.99e-07
253642,6329727,49,270,1,inf,0.0
253642,6332727,36,273,2,1e-06,4.99e-07
253642,6336727,36,263,1,1e-06,4.99e-07
253642,6337727,32,268,1,1e-06,4.99e-07
253642,6349727,19,354,1,1e-06,0.0
253642,6365727,60,20,1,1e-06,4.99e-07
253642,6367727,60,95,1,1e-06,0.0
253642,6374727,69,90,1,1e-06,0.0
253642,6406727,75,300,1,1e-06,4.99e-07
253642,6418727,55,140,1,1e-06,4.99e-07
253642,6423727,54,275,1,1e-06,4.99e-07
253642,6439727,44,350,1,1e-06,0.0
253642,6442727,29,95,1,1e-06,0.0
253642,6457727,7,345,1,1e-06,0.0
254642,6285727,34,305,1,1e-06,0.0
254642,6291727,13,280,1,1e-06,4.99e-07
254642,6294727,27,305,4,1e-06,0.0
254642,6295727,37,288,3,1e-06,0.0
254642,6298727,49,212,3,1e-06,4.99e-07
254642,6299727,53,268,2,1e-06,4.99e-07
254642,6301727,54,292,3,1e-06,0.0
254642,6302727,26,242,3,1e-06,4.99e-07
254642,6303727,59,93,1,1e-06,0.0
254642,6304727,25,279,3,1e-06,0.0
254642,6306727,37,298,1,1e-06,4.99e-07
254642,6309727,31,299,3,1e-06,0.0
254642,6310727,37,282,1,1e-06,4.99e-07
254642,6311727,44,282,1,1e-06,4.99e-07
254642,6312727,33,263,4,1e-06,0.0
254642,6314727,19,209,2,1e-06,4.99e-07
254642,6315727,43,243,1,1e-06,4.99e-07
254642,6318727,25,335,1,1e-06,0.0
254642,6319727,20,288,1,1e-06,4.99e-07
254642,6321727,57,84,2,1e-06,4.99e-07
254642,6323727,49,110,1,1e-06,0.0
254642,6327727,49,98,1,1e-06,0.0
254642,6331727,59,258,1,1e-06,4.99e-07
254642,6332727,18,322,1,1e-06,0.0
254642,6349727,17,41,1,1e-06,4.99e-07
254642,6350727,9,25,1,1e-06,4.99e-07
254642,6371727,70,85,1,1e-06,0.0
254642,6395727,19,280,1,1e-06,4.99e-07
254642,6402727,44,290,1,1e-06,4.99e-07
254642,6407727,44,295,1,1e-06,4.99e-07
254642,6430727,40,15,1,1e-06,4.99e-07
254642,6435727,65,115,1,1e-06,4.99e-07
254642,6437727,29,55,1,1e-06,4.99e-07
254642,6438727,0,0,1,inf,0.0
254642,6457727,65,90,1,1e-06,0.0
254642,6476727,56,320,1,1e-06,0.0
254642,6477727,34,280,1,1e-06,4.99e-07
255642,6290727,74,92,1,1e-06,0.0
255642,6291727,58,286,2,1e-06,4.99e-07
255642,6294727,40,279,3,1e-06,4.99e-07
255642,6295727,48,282,1,1e-06,4.99e-07
255642,6296727,73,270,1,inf,0.0
255642,6301727,54,285,1,1e-06,4.99e-07
255642,6302727,33,296,3,1e-06,0.0
255642,6303727,37,289,4,1e-06,4.99e-07
255642,6305727,35,310,1,1e-06,0.0
255642,6306727,25,293,1,1e-06,4.99e-07
255642,6311727,31,280,1,1e-06,4.99e-07
255642,6312727,44,273,1,1e-06,4.99e-07
255642,6314727,32,227,2,1e-06,4.99e-07
255642,6315727,54,236,1,1e-06,4.99e-07
255642,6318727,51,272,4,1e-06,4.99e-07
255642,6320727,54,278,4,1e-06,4.99e-07
255642,6322727,64,274,2,1e-06,4.99e-07
255642,6323727,55,261,1,1e-06,4.99e-07
255642,6326727,32,223,2,1e-06,4.99e-07
255642,6332727,27,62,1,1e-06,0.0
255642,6336727,10,293,2,3.615620058469534,0.0
255642,6342727,19,192,1,1e-06,0.0
255642,6343727,32,100,1,1e-06,0.0
255642,6344727,43,108,1,1e-06,0.0
255642,6345727,53,126,1,1e-06,4.99e-07
255642,6348727,33,85,2,1e-06,4.99e-07
255642,6350727,19,60,1,1e-06,4.99e-07
255642,6355727,24,110,2,1e-06,4.99e-07
255642,6365727,49,5,1,1e-06,0.0
255642,6396727,29,280,1,1e-06,4.99e-07
255642,6416727,35,290,1,1e-06,4.99e-07
255642,6423727,39,220,1,1e-06,0.0
255642,6425727,70,310,1,1e-06,0.0
255642,6442727,0,0,1,inf,0.0
255642,6445727,19,345,1,1e-06,0.0
256642,6289727,78,259,2,1e-06,0.0
256642,6291727,69,280,2,1e-06,0.0
256642,6293727,59,273,1,1e-06,4.99e-07
256642,6296727,61,280,2,1e-06,0.0
256642,6298727,70,356,1,1e-06,0.0
256642,6301727,72,305,1,1e-06,4.99e-07
256642,6303727,59,324,2,1e-06,4.99e-07
256642,6304727,22,352,3,1e-06,4.99e-07
256642,6306727,25,300,1,1e-06,4.99e-07
256642,6307727,38,299,3,1e-06,4.99e-07
256642,6310727,43,269,1,1e-06,4.99e-07
256642,6312727,60,268,1,1e-06,4.99e-07
256642,6314727,50,229,1,1e-06,0.0
256642,6315727,29,238,1,1e-06,0.0
256642,6316727,43,195,2,1e-06,4.99e-07
256642,6317727,49,210,1,1e-06,0.0
256642,6319727,44,129,3,6.255196862666296,3.127598430333148
256642,6320727,52,272,5,1e-06,4.99e-07
256642,6321727,48,273,1,1e-06,4.99e-07
256642,6323727,69,274,1,1e-06,4.99e-07
256642,6327727,27,268,1,1e-06,4.99e-07
256642,6330727,19,313,1,1e-06,0.0
256642,6334727,38,68,1,1e-06,0.0
256642,6336727,41,84,1,1e-06,0.0
256642,6338727,29,108,1,1e-06,0.0
256642,6350727,40,45,1,1e-06,4.99e-07
256642,6356727,44,110,1,1e-06,0.0
256642,6357727,39,180,1,1e-06,0.0
256642,6396727,59,285,1,1e-06,4.99e-07
256642,6420727,44,170,1,1e-06,4.99e-07
256642,6423727,29,175,1,1e-06,4.99e-07
256642,6433727,49,110,1,1e-06,0.0
256642,6438727,65,140,1,1e-06,4.99e-07
256642,6441727,59,305,1,1e-06,4.99e-07
256642,6444727,29,240,1,1e-06,4.99e-07
256642,6448727,9,140,1,1e-06,4.99e-07
256642,6457727,83,84,3,1e-06,4.99e-07
256642,6478727,34,295,1,1e-06,4.99e-07
257642,6279727,41,88,4,1e-06,4.99e-07
257642,6283727,21,286,3,1e-06,4.99e-07
257642,6284727,17,288,1,1e-06,4.99e-07
257642,6285727,52,69,2,1e-06,4.99e-07
257642,6289727,63,260,3,1e-06,4.99e-07
257642,6290727,81,272,1,1e-06,4.99e-07
257642,6291727,80,268,1,1e-06,4.99e-07
257642,6294727,71,265,1,1e-06,4.99e-07
257642,6296727,65,267,2,1e-06,4.99e-07
257642,6300727,83,250,1,1e-06,4.99e-07
257642,6301727,77,260,1,1e-06,4.99e-07
257642,6304727,18,248,3,1e-06,0.0
257642,6314727,55,264,1,1e-06,4.99e-07
257642,6315727,54,252,1,1e-06,4.99e-07
257642,6319727,60,108,1,1e-06,0.0
257642,6320727,71,100,7,1e-06,4.99e-07
257642,6321727,54,91,1,1e-06,0.0
257642,6322727,46,293,1,1e-06,4.99e-07
257642,6323727,65,71,1,1e-06,0.0
257642,6325727,50,314,1,1e-06,0.0
257642,6329727,10,343,1,1e-06,0.0
257642,6332727,43,275,1,1e-06,4.99e-07
257642,6336727,39,96,1,1e-06,0.0
257642,6342727,54,108,1,1e-06,0.0
257642,6343727,34,122,1,1e-06,4.99e-07
257642,6346727,27,92,1,1e-06,0.0
257642,6352727,25,20,1,1e-06,4.99e-07
257642,6355727,9,30,1,1e-06,4.99e-07
257642,6356727,40,204,1,1e-06,0.0
257642,6380727,40,215,1,1e-06,0.0
257642,6427727,60,300,1,1e-06,4.99e-07
257642,6430727,69,320,1,1e-06,0.0
257642,6447727,29,330,1,1e-06,0.0
257642,6453727,44,125,1,1e-06,4.99e-07
257642,6456727,54,120,2,1e-06,0.0
257642,6465727,75,135,1,1e-06,4.99e-07
258642,6279727,37,71,2,1e-06,4.99e-07
258642,6280727,40,70,1,1e-06,0.0
258642,6281727,86,92,1,1e-06,0.0
258642,6283727,69,92,1,1e-06,0.0
258642,6284727,65,86,1,1e-06,0.0
258642,6286727,74,75,3,1e-06,4.99e-07
258642,6288727,57,84,2,1e-06,4.99e-07
258642,6289727,32,349,2,2.504975512561699,0.0
258642,6294727,85,270,1,inf,0.0
258642,6310727,30,197,1,1e-06,0.0
258642,6313727,56,271,4,1e-06,4.99e-07
258642,6314727,40,265,1,1e-06,4.99e-07
258642,6315727,44,266,1,1e-06,4.99e-07
258642,6317727,42,272,4,1e-06,4.99e-07
258642,6318727,65,278,1,1e-06,4.99e-07
258642,6320727,27,107,1,1e-06,0.0
258642,6321727,13,202,3,1e-06,0.0
258642,6324727,28,136,1,1e-06,4.99e-07
258642,6334727,23,38,1,1e-06,4.99e-07
258642,6335727,34,268,1,1e-06,4.99e-07
258642,6337727,17,224,1,1e-06,0.0
258642,6339727,32,171,3,1e-06,4.99e-07
258642,6353727,14,65,1,1e-06,0.0
258642,6380727,40,215,1,1e-06,0.0
258642,6388727,70,280,1,1e-06,4.99e-07
258642,6393727,44,300,1,1e-06,4.99e-07
258642,6395727,75,270,1,inf,0.0
258642,6409727,60,295,1,1e-06,4.99e-07
258642,6433727,70,110,1,1e-06,4.99e-07
258642,6444727,49,340,1,1e-06,0.0
259642,6263727,76,256,1,1e-06,4.99e-07
259642,6279727,48,62,2,1e-06,0.0
259642,6280727,64,61,1,1e-06,4.99e-07
259642,6281727,67,76,2,1e-06,4.99e-07
259642,6283727,82,77,1,1e-06,4.99e-07
259642,6284727,70,82,2,1e-06,4.99e-07
259642,6286727,67,69,1,1e-06,4.99e-07
259642,6288727,30,359,2,2.7311004999215127,0.0
259642,6294727,57,290,4,1e-06,4.99e-07
259642,6296727,75,93,2,1e-06,4.99e-07
259642,6313727,49,98,1,1e-06,0.0
259642,6320727,65,94,1,1e-06,0.0
259642,6321727,17,194,2,1e-06,0.0
259642,6322727,38,127,2,1e-06,0.0
259642,6332727,72,283,1,1e-06,4.99e-07
259642,6336727,35,270,2,1e-06,4.99e-07
259642,6339727,18,244,2,1e-06,4.99e-07
259642,6343727,34,110,1,1e-06,0.0
259642,6349727,0,0,1,inf,0.0
259642,6350727,34,295,1,1e-06,4.99e-07
259642,6351727,19,335,1,1e-06,0.0
259642,6387727,60,280,1,1e-06,4.99e-07
259642,6401727,47,282,3,1e-06,0.0
259642,6412727,49,300,1,1e-06,4.99e-07
259642,6437727,34,145,1,1e-06,4.99e-07
259642,6443727,54,335,1,1e-06,0.0
259642,6447727,39,310,1,1e-06,0.0
259642,6463727,85,125,1,1e-06,4.99e-07
260642,6267727,16,110,2,1e-06,4.99e-07
260642,6268727,54,88,2,1e-06,4.99e-07
260642,6270727,31,170,1,1e-06,4.99e-07
260642,6278727,48,59,1,1e-06,4.99e-07
260642,6279727,66,62,2,1e-06,0.0
260642,6280727,66,68,2,1e-06,0.0
260642,6281727,73,51,1,1e-06,4.99e-07
260642,6287727,6,143,2,3.4903580825559106,0.0
260642,6291727,77,82,1,1e-06,0.0
260642,6293727,58,73,5,1e-06,4.99e-07
260642,6296727,80,88,3,1e-06,4.99e-07
260642,6308727,34,143,1,1e-06,4.99e-07
260642,6320727,36,84,1,1e-06,0.0
260642,6321727,17,130,1,1e-06,4.99e-07
260642,6322727,21,165,4,1e-06,0.0
260642,6323727,38,101,1,1e-06,0.0
260642,6324727,39,127,1,1e-06,4.99e-07
260642,6325727,69,103,2,1e-06,4.99e-07
260642,6327727,72,83,3,1e-06,4.99e-07
260642,6329727,73,278,1,1e-06,4.99e-07
260642,6330727,55,57,2,1e-06,0.0
260642,6332727,56,18,1,1e-06,4.99e-07
260642,6333727,58,303,3,1e-06,4.99e-07
260642,6339727,29,252,1,1e-06,4.99e-07
260642,6340727,39,256,1,1e-06,4.99e-07
260642,6341727,30,262,1,1e-06,4.99e-07
260642,6344727,23,356,1,1e-06,0.0
260642,6349727,19,275,1,1e-06,4.99e-07
260642,6355727,60,85,1,1e-06,0.0
260642,6359727,69,130,1,1e-06,4.99e-07
260642,6364727,75,20,1,1e-06,0.0
260642,6379727,39,130,1,1e-06,4.99e-07
260642,6425727,29,219,1,1e-06,0.0
260642,6426727,0,0,1,inf,0.0
260642,6427727,9,219,1,1e-06,0.0
260642,6430727,49,335,1,1e-06,0.0
260642,6432727,69,320,1,1e-06,0.0
260642,6434727,25,180,1,1e-06,0.0
260642,6436727,29,165,1,1e-06,4.99e-07
260642,6460727,29,55,1,1e-06,4.99e-07
260642,6461727,69,135,1,1e-06,4.99e-07
260642,6477727,39,250,1,1e-06,4.99e-07
260642,6478727,59,270,1,inf,0.0
261642,6266727,66,69,3,1e-06,4.99e-07
261642,6278727,61,65,2,1e-06,0.0
261642,6280727,60,70,6,1e-06,4.99e-07
261642,6281727,35,71,1,1e-06,0.0
261642,6282727,38,51,1,1e-06,4.99e-07
261642,6284727,35,275,1,1e-06,4.99e-07
261642,6285727,69,110,1,1e-06,4.99e-07
261642,6287727,59,87,1,1e-06,0.0
261642,6289727,31,104,1,1e-06,0.0
261642,6291727,60,84,1,1e-06,0.0
261642,6310727,29,155,1,1e-06,4.99e-07
261642,6316727,14,281,1,1e-06,4.99e-07
261642,6317727,23,266,1,1e-06,4.99e-07
261642,6319727,26,246,2,1e-06,4.99e-07
261642,6322727,46,289,1,1e-06,4.99e-07
261642,6323727,29,270,6,1e-06,4.99e-07
261642,6324727,64,105,3,1e-06,4.99e-07
261642,6325727,19,13,1,1e-06,4.99e-07
261642,6327727,17,301,3,1e-06,4.99e-07
261642,6330727,46,324,1,1e-06,0.0
261642,6331727,60,89,1,1e-06,0.0
261642,6332727,65,73,1,1e-06,0.0
261642,6335727,76,102,1,1e-06,0.0
261642,6338727,52,83,1,1e-06,0.0
261642,6344727,40,297,1,1e-06,4.99e-07
261642,6366727,14,40,1,1e-06,4.99e-07
261642,6386727,37,110,2,1e-06,4.99e-07
261642,6398727,46,276,1,1e-06,4.99e-07
261642,6399727,52,270,2,1e-06,4.99e-07
261642,6405727,60,300,1,1e-06,4.99e-07
261642,6409727,69,295,1,1e-06,4.99e-07
261642,6423727,44,255,1,1e-06,4.99e-07
261642,6427727,19,245,1,1e-06,4.99e-07
261642,6461727,80,130,1,1e-06,4.99e-07
261642,6463727,49,279,2,1e-06,0.0
261642,6476727,70,184,1,1e-06,0.0
261642,6477727,59,191,7,1e-06,4.99e-07
261642,6478727,47,199,1,1e-06,0.0
262642,6268727,36,104,3,1e-06,4.99e-07
262642,6269727,49,77,1,1e-06,0.0
262642,6272727,38,84,2,1e-06,4.99e-07
262642,6273727,40,79,1,1e-06,0.0
262642,6277727,46,66,1,1e-06,0.0
262642,6281727,17,37,1,1e-06,4.99e-07
262642,6282727,42,72,2,1e-06,4.99e-07
262642,6290727,41,68,1,1e-06,0.0
262642,6300727,10,68,2,1e-06,4.99e-07
262642,6302727,25,254,1,1e-06,4.99e-07
262642,6303727,12,251,3,1e-06,0.0
262642,6311727,18,220,1,1e-06,0.0
262642,6314727,35,266,2,1e-06,4.99e-07
262642,6321727,75,90,2,1e-06,4.99e-07
262642,6323727,18,70,2,1e-06,4.99e-07
262642,6326727,40,268,1,1e-06,4.99e-07
262642,6334727,71,95,1,1e-06,0.0
262642,6337727,61,95,1,1e-06,0.0
262642,6340727,66,108,1,1e-06,0.0
262642,6344727,38,302,2,1e-06,4.99e-07
262642,6398727,52,274,2,1e-06,4.99e-07
262642,6402727,48,298,1,1e-06,4.99e-07
262642,6413727,44,275,1,1e-06,4.99e-07
262642,6415727,0,0,1,inf,0.0
262642,6419727,85,265,1,1e-06,4.99e-07
262642,6443727,60,150,1,1e-06,4.99e-07
262642,6447727,19,330,1,1e-06,0.0
262642,6448727,34,310,1,1e-06,0.0
262642,6465727,44,280,1,1e-06,4.99e-07
262642,6477727,70,201,9,1e-06,4.99e-07
262642,6478727,62,218,5,1e-06,4.99e-07
263642,6268727,29,85,7,1e-06,4.99e-07
263642,6269727,27,86,3,1e-06,4.99e-07
263642,6271727,49,83,1,1e-06,0.0
263642,6279727,34,74,1,1e-06,0.0
263642,6286727,17,63,1,1e-06,0.0
263642,6289727,14,22,1,1e-06,4.99e-07
263642,6295727,37,63,1,1e-06,0.0
263642,6298727,28,86,2,1e-06,4.99e-07
263642,6300727,30,271,4,1e-06,4.99e-07
263642,6302727,12,230,3,1e-06,4.99e-07
263642,6303727,22,234,5,1e-06,4.99e-07
263642,6305727,20,244,1,1e-06,4.99e-07
263642,6306727,34,248,2,1e-06,4.99e-07
263642,6307727,25,224,1,1e-06,0.0
263642,6315727,38,107,3,1e-06,4.99e-07
263642,6316727,38,123,1,1e-06,4.99e-07
263642,6323727,54,70,1,1e-06,0.0
263642,6326727,60,83,1,1e-06,0.0
263642,6329727,43,72,1,1e-06,0.0
263642,6332727,64,98,2,1e-06,4.99e-07
263642,6333727,69,84,1,1e-06,0.0
263642,6337727,54,94,1,1e-06,0.0
263642,6342727,80,104,1,1e-06,4.99e-07
263642,6345727,79,98,1,1e-06,0.0
263642,6359727,75,90,1,1e-06,0.0
263642,6362727,55,95,1,1e-06,0.0
263642,6400727,38,308,1,1e-06,0.0
263642,6401727,39,277,5,1e-06,0.0
263642,6402727,35,294,8,1e-06,0.0
263642,6403727,44,285,1,1e-06,4.99e-07
263642,6404727,69,290,1,1e-06,4.99e-07
263642,6410727,44,295,1,1e-06,4.99e-07
263642,6429727,75,300,1,1e-06,4.99e-07
263642,6438727,25,225,1,1e-06,0.0
263642,6477727,78,189,3,1e-06,4.99e-07
263642,6478727,67,161,3,1e-06,0.0
264642,6257727,44,70,1,1e-06,0.0
264642,6266727,10,104,2,1e-06,4.99e-07
264642,6268727,35,83,1,1e-06,0.0
264642,6273727,35,83,1,1e-06,0.0
264642,6274727,48,83,1,1e-06,0.0
264642,6277727,25,86,1,1e-06,0.0
264642,6286727,19,56,2,1e-06,0.0
264642,6297727,24,90,6,1e-06,4.99e-07
264642,6298727,36,93,1,1e-06,0.0
264642,6299727,32,118,2,1e-06,4.99e-07
264642,6300727,34,98,2,1e-06,4.99e-07
264642,6302727,25,106,1,1e-06,0.0
264642,6303727,29,109,4,1e-06,4.99e-07
264642,6304727,29,117,6,1e-06,4.99e-07
264642,6306727,44,250,1,1e-06,4.99e-07
264642,6321727,76,80,1,1e-06,0.0
264642,6322727,68,70,2,1e-06,4.99e-07
264642,6325727,37,84,1,1e-06,0.0
264642,6327727,46,80,1,1e-06,0.0
264642,6329727,58,70,1,1e-06,0.0
264642,6333727,64,88,1,1e-06,0.0
264642,6334727,64,79,1,1e-06,0.0
264642,6340727,76,99,1,1e-06,0.0
264642,6341727,80,95,1,1e-06,0.0
264642,6343727,80,90,1,1e-06,0.0
264642,6345727,81,104,6,1e-06,0.0
264642,6399727,22,114,4,1e-06,4.99e-07
264642,6400727,14,292,5,1e-06,0.0
264642,6401727,42,286,1,1e-06,4.99e-07
264642,6402727,21,291,7,1e-06,0.0
264642,6403727,33,303,6,1e-06,4.99e-07
264642,6404727,39,308,1,1e-06,0.0
264642,6414727,80,250,1,1e-06,4.99e-07
264642,6418727,69,40,1,1e-06,4.99e-07
264642,6422727,75,95,1,1e-06,0.0
264642,6427727,80,110,1,1e-06,4.99e-07
264642,6430727,40,290,1,1e-06,4.99e-07
264642,6431727,34,320,1,1e-06,0.0
264642,6440727,19,175,1,1e-06,4.99e-07
264642,6442727,44,170,1,1e-06,4.99e-07
264642,6477727,52,169,3,1.9844822618742302,0.0
264642,6478727,84,334,2,1e-06,4.99e-07
265642,6256727,9,72,2,1e-06,4.99e-07
265642,6262727,14,104,1,1e-06,0.0
265642,6268727,29,76,2,1e-06,4.99e-07
265642,6269727,30,88,1,1e-06,0.0
265642,6272727,31,91,1,1e-06,0.0
265642,6274727,25,97,1,1e-06,0.0
265642,6275727,90,95,1,1e-06,4.99e-07
265642,6276727,54,94,1,1e-06,0.0
265642,6277727,7,89,2,1e-06,4.99e-07
265642,6278727,16,127,3,1e-06,0.0
265642,6282727,16,69,2,1e-06,4.99e-07
265642,6284727,24,30,2,1e-06,0.0
265642,6290727,25,63,1,1e-06,0.0
265642,6291727,23,50,2,1e-06,0.0
265642,6292727,54,93,1,1e-06,0.0
265642,6296727,49,73,1,1e-06,0.0
265642,6304727,37,115,4,1e-06,4.99e-07
265642,6305727,69,94,1,1e-06,0.0
265642,6306727,62,100,4,1e-06,4.99e-07
265642,6311727,29,87,1,1e-06,0.0
265642,6313727,22,85,3,1e-06,4.99e-07
265642,6323727,67,58,1,1e-06,4.99e-07
265642,6324727,72,89,1,1e-06,0.0
265642,6328727,67,76,1,1e-06,0.0
265642,6334727,60,82,1,1e-06,0.0
265642,6341727,80,107,1,1e-06,4.99e-07
265642,6343727,85,93,1,1e-06,0.0
265642,6345727,80,98,4,1e-06,4.99e-07
265642,6357727,80,270,1,inf,0.0
265642,6366727,25,265,1,1e-06,4.99e-07
265642,6400727,17,130,7,1e-06,0.0
265642,6402727,9,319,2,1e-06,4.99e-07
265642,6403727,21,292,8,1e-06,4.99e-07
265642,6405727,9,65,1,1e-06,0.0
265642,6409727,70,280,1,1e-06,4.99e-07
265642,6422727,44,105,1,1e-06,0.0
265642,6438727,14,250,1,1e-06,4.99e-07
265642,6477727,65,312,7,1e-06,4.99e-07
265642,6478727,67,327,2,1e-06,4.99e-07
266642,6261727,11,305,3,1e-06,4.99e-07
266642,6264727,11,102,4,1e-06,4.99e-07
266642,6269727,7,138,2,1e-06,4.99e-07
266642,6270727,48,81,1,1e-06,0.0
266642,6274727,41,93,1,1e-06,0.0
266642,6275727,49,94,1,1e-06,0.0
266642,6278727,14,89,1,1e-06,0.0
266642,6282727,15,44,2,1e-06,0.0
266642,6284727,27,70,3,1e-06,4.99e-07
266642,6285727,25,65,1,1e-06,0.0
266642,6288727,29,55,1,1e-06,4.99e-07
266642,6289727,14,43,1,1e-06,4.99e-07
266642,6290727,25,67,1,1e-06,0.0
266642,6295727,17,77,1,1e-06,0.0
266642,6298727,14,115,1,1e-06,0.0
266642,6300727,37,96,2,1e-06,4.99e-07
266642,6301727,50,103,1,1e-06,0.0
266642,6304727,72,102,2,1e-06,4.99e-07
266642,6308727,65,95,2,1e-06,4.99e-07
266642,6312727,64,92,1,1e-06,0.0
266642,6313727,31,92,1,1e-06,0.0
266642,6320727,59,84,1,1e-06,0.0
266642,6324727,50,53,1,1e-06,4.99e-07
266642,6339727,49,90,1,1e-06,0.0
266642,6345727,79,94,1,1e-06,0.0
266642,6398727,39,133,1,1e-06,4.99e-07
266642,6400727,64,132,2,1e-06,0.0
266642,6402727,11,149,10,1e-06,0.0
266642,6403727,14,243,7,1e-06,4.99e-07
266642,6404727,9,208,7,1e-06,4.99e-07
266642,6405727,68,98,1,1e-06,0.0
266642,6406727,55,283,3,1e-06,4.99e-07
266642,6409727,44,170,1,1e-06,4.99e-07
266642,6422727,9,60,1,1e-06,4.99e-07
266642,6424727,34,120,1,1e-06,4.99e-07
266642,6431727,80,290,1,1e-06,4.99e-07
266642,6433727,49,310,1,1e-06,0.0
266642,6444727,49,225,1,1e-06,0.0
266642,6477727,74,297,4,1e-06,0.0
266642,6478727,60,295,1,1e-06,4.99e-07
267642,6235727,85,88,1,1e-06,0.0
267642,6255727,65,68,1,1e-06,4.99e-07
267642,6258727,61,278,1,1e-06,4.99e-07
267642,6259727,10,327,4,1e-06,4.99e-07
267642,6263727,23,51,2,1e-06,0.0
267642,6267727,11,34,2,1e-06,0.0
267642,6269727,19,47,1,1e-06,4.99e-07
267642,6277727,14,240,5,1e-06,4.99e-07
267642,6278727,11,73,1,1e-06,0.0
267642,6279727,6,3,4,1e-06,0.0
267642,6280727,7,330,1,1e-06,0.0
267642,6281727,7,18,1,1e-06,4.99e-07
267642,6284727,26,47,6,1e-06,0.0
267642,6287727,17,12,2,1e-06,0.0
267642,6288727,46,305,1,1e-06,0.0
267642,6289727,14,43,1,1e-06,4.99e-07
267642,6290727,20,338,2,1e-06,4.99e-07
267642,6292727,25,298,1,1e-06,4.99e-07
267642,6293727,13,35,2,1e-06,0.0
267642,6295727,14,287,1,1e-06,4.99e-07
267642,6296727,54,276,1,1e-06,4.99e-07
267642,6297727,9,308,1,1e-06,0.0
267642,6301727,28,278,4,1e-06,4.99e-07
267642,6302727,32,109,1,1e-06,0.0
267642,6305727,31,109,5,1e-06,4.99e-07
267642,6306727,18,275,1,1e-06,4.99e-07
267642,6313727,40,89,1,1e-06,0.0
267642,6314727,48,98,1,1e-06,0.0
267642,6316727,19,103,3,1e-06,4.99e-07
267642,6319727,27,73,1,1e-06,0.0
267642,6330727,13,31,1,1e-06,4.99e-07
267642,6345727,19,75,5,1e-06,4.99e-07
267642,6398727,54,129,4,1e-06,0.0
267642,6403727,29,110,1,1e-06,0.0
267642,6404727,20,77,7,1e-06,0.0
267642,6405727,76,28,5,1e-06,0.0
267642,6406727,46,30,1,1e-06,4.99e-07
267642,6411727,80,140,1,1e-06,4.99e-07
267642,6416727,49,40,1,1e-06,4.99e-07
267642,6435727,60,300,1,1e-06,4.99e-07
267642,6446727,70,45,1,1e-06,4.99e-07
267642,6477727,60,300,1,1e-06,4.99e-07
267642,6478727,58,295,3,1e-06,0.0
268642,6255727,6,206,2,1e-06,4.99e-07
268642,6259727,54,60,1,1e-06,4.99e-07
268642,6261727,8,313,1,1e-06,0.0
268642,6262727,8,11,8,1e-06,0.0
268642,6275727,9,169,10,1e-06,0.0
268642,6276727,6,270,3,1e-06,4.99e-07
268642,6279727,4,322,4,1e-06,4.99e-07
268642,6281727,29,310,17,1e-06,4.99e-07
268642,6282727,32,330,3,1e-06,4.99e-07
268642,6283727,42,293,10,1e-06,0.0
268642,6284727,39,278,1,1e-06,4.99e-07
268642,6286727,69,279,2,1e-06,0.0
268642,6287727,72,283,12,1e-06,0.0
268642,6288727,67,284,5,1e-06,0.0
268642,6289727,61,283,1,1e-06,4.99e-07
268642,6290727,47,286,3,1e-06,4.99e-07
268642,6292727,77,271,1,1e-06,4.99e-07
268642,6294727,88,263,1,1e-06,4.99e-07
268642,6295727,75,269,2,1e-06,0.0
268642,6298727,61,283,6,1e-06,0.0
268642,6299727,61,273,1,1e-06,4.99e-07
268642,6300727,64,275,4,1e-06,4.99e-07
268642,6301727,65,281,3,1e-06,0.0
268642,6305727,37,267,3,1e-06,4.99e-07
268642,6306727,37,278,1,1e-06,4.99e-07
268642,6312727,17,248,4,1e-06,4.99e-07
268642,6313727,6,110,2,1e-06,4.99e-07
268642,6314727,19,117,2,1e-06,4.99e-07
268642,6315727,1,64,3,1e-06,4.99e-07
268642,6316727,13,333,2,1e-06,4.99e-07
268642,6317727,9,90,1,1e-06,0.0
268642,6319727,8,65,1,1e-06,0.0
268642,6321727,17,29,1,1e-06,4.99e-07
268642,6323727,54,276,1,1e-06,4.99e-07
268642,6326727,28,294,1,1e-06,4.99e-07
268642,6327727,46,289,1,1e-06,4.99e-07
268642,6329727,36,4,1,1e-06,0.0
268642,6332727,17,233,1,1e-06,0.0
268642,6336727,34,273,1,1e-06,4.99e-07
268642,6338727,30,288,2,1e-06,4.99e-07
268642,6340727,23,284,1,1e-06,4.99e-07
268642,6342727,29,280,1,1e-06,4.99e-07
268642,6345727,8,356,3,1e-06,4.99e-07
268642,6356727,90,100,1,1e-06,4.99e-07
268642,6366727,75,105,1,1e-06,0.0
268642,6395727,70,95,1,1e-06,0.0
268642,6397727,86,126,1,1e-06,4.99e-07
268642,6398727,49,149,1,1e-06,4.99e-07
268642,6399727,68,147,2,1e-06,0.0
268642,6400727,57,149,2,1e-06,0.0
268642,6402727,57,134,3,1e-06,0.0
268642,6404727,85,1,1,1e-06,0.0
268642,6434727,39,145,1,1e-06,4.99e-07
268642,6450727,49,285,1,1e-06,4.99e-07
268642,6477727,84,290,1,1e-06,4.99e-07
268642,6478727,63,287,3,1e-06,0.0
269642,6250727,9,250,10,1e-06,0.0
269642,6251727,22,253,9,1e-06,0.0
269642,6258727,12,260,2,1e-06,4.99e-07
269642,6259727,9,275,15,1e-06,4.99e-07
269642,6260727,17,325,14,1e-06,0.0
269642,6261727,21,323,15,1e-06,4.99e-07
269642,6262727,21,343,6,1e-06,4.99e-07
269642,6263727,27,279,2,26.42622630816204,0.0
269642,6269727,13,252,1,1e-06,4.99e-07
269642,6270727,57,264,8,1e-06,4.99e-07
269642,6274727,20,197,3,1e-06,4.99e-07
269642,6275727,21,261,6,1e-06,4.99e-07
269642,6276727,42,290,6,1e-06,4.99e-07
269642,6280727,61,269,2,1e-06,4.99e-07
269642,6281727,32,277,21,1e-06,4.99e-07
269642,6282727,36,286,2,1e-06,0.0
269642,6283727,50,285,17,1e-06,0.0
269642,6284727,53,274,5,1e-06,4.99e-07
269642,6285727,61,277,9,1e-06,4.99e-07
269642,6286727,68,276,31,1e-06,0.0
269642,6287727,61,274,3,1e-06,0.0
269642,6288727,59,268,14,1e-06,4.99e-07
269642,6289727,67,272,3,1e-06,4.99e-07
269642,6290727,70,264,5,1e-06,0.0
269642,6292727,82,268,2,1e-06,4.99e-07
269642,6293727,60,250,1,1e-06,4.99e-07
269642,6294727,85,269,1,1e-06,4.99e-07
269642,6295727,71,276,2,1e-06,0.0
269642,6296727,73,277,6,1e-06,0.0
269642,6297727,64,276,7,1e-06,0.0
269642,6300727,74,288,2,1e-06,0.0
269642,6301727,60,290,1,1e-06,4.99e-07
269642,6302727,65,282,2,1e-06,0.0
269642,6304727,74,279,3,1e-06,0.0
269642,6305727,58,283,2,1e-06,0.0
269642,6306727,54,275,2,1e-06,0.0
269642,6308727,59,279,2,1e-06,0.0
269642,6312727,59,268,2,1e-06,4.99e-07
269642,6317727,41,306,1,1e-06,0.0
269642,6327727,75,283,1,1e-06,4.99e-07
269642,6328727,60,289,1,1e-06,4.99e-07
269642,6329727,14,297,1,1e-06,4.99e-07
269642,6333727,10,65,3,1e-06,4.99e-07
269642,6334727,23,255,2,1e-06,0.0
269642,6335727,5,229,1,1e-06,0.0
269642,6337727,41,272,1,1e-06,4.99e-07
269642,6338727,27,238,1,1e-06,0.0
269642,6339727,19,242,1,1e-06,4.99e-07
269642,6341727,34,280,3,1e-06,4.99e-07
269642,6342727,64,275,1,1e-06,4.99e-07
269642,6343727,39,280,2,1e-06,4.99e-07
269642,6345727,27,284,3,1e-06,0.0
269642,6379727,49,280,1,1e-06,4.99e-07
269642,6392727,39,130,1,1e-06,4.99e-07
269642,6398727,80,95,1,1e-06,0.0
269642,6401727,56,157,5,1e-06,0.0
269642,6402727,65,65,1,1e-06,4.99e-07
269642,6405727,75,80,1,1e-06,0.0
269642,6408727,44,80,1,1e-06,0.0
269642,6410727,32,107,2,1e-06,4.99e-07
269642,6411727,25,140,1,1e-06,4.99e-07
269642,6417727,34,10,1,1e-06,4.99e-07
269642,6433727,29,135,1,1e-06,4.99e-07
269642,6444727,19,290,1,1e-06,4.99e-07
269642,6447727,14,265,1,1e-06,4.99e-07
269642,6449727,19,140,1,1e-06,4.99e-07
269642,6478727,84,120,1,1e-06,4.99e-07
270642,6243727,17,112,2,1e-06,4.99e-07
270642,6247727,32,246,2,1e-06,4.99e-07
270642,6248727,25,258,1,1e-06,4.99e-07
270642,6250727,66,240,1,1e-06,4.99e-07
270642,6252727,34,244,11,1e-06,0.0
270642,6254727,19,278,1,1e-06,4.99e-07
270642,6255727,16,267,3,1e-06,4.99e-07
270642,6256727,29,246,4,1e-06,0.0
270642,6257727,40,88,1,1e-06,0.0
270642,6258727,13,284,25,1e-06,4.99e-07
270642,6259727,17,356,23,1e-06,0.0
270642,6260727,22,330,15,1e-06,4.99e-07
270642,6261727,24,314,20,1e-06,4.99e-07
270642,6262727,48,290,7,1e-06,4.99e-07
270642,6263727,34,284,14,1e-06,4.99e-07
270642,6265727,43,278,7,1e-06,4.99e-07
270642,6267727,38,296,2,1e-06,0.0
270642,6268727,55,269,7,1e-06,4.99e-07
270642,6269727,33,273,3,1e-06,4.99e-07
270642,6270727,48,261,20,1e-06,4.99e-07
270642,6273727,46,280,8,1e-06,4.99e-07
270642,6274727,33,270,4,1e-06,4.99e-07
270642,6275727,27,272,5,1e-06,4.99e-07
270642,6276727,30,292,5,1e-06,0.0
270642,6279727,22,287,5,1e-06,0.0
270642,6280727,43,286,2,1e-06,0.0
270642,6281727,22,286,5,1e-06,0.0
270642,6282727,22,254,7,1e-06,4.99e-07
270642,6283727,38,256,3,1e-06,4.99e-07
270642,6284727,44,259,8,1e-06,0.0
270642,6286727,68,263,17,1e-06,0.0
270642,6287727,74,261,18,1e-06,0.0
270642,6288727,73,256,11,1e-06,0.0
270642,6289727,71,265,31,1e-06,4.99e-07
270642,6290727,76,261,3,1e-06,0.0
270642,6291727,76,258,8,1e-06,0.0
270642,6292727,59,259,12,1e-06,0.0
270642,6293727,61,239,11,1e-06,0.0
270642,6294727,68,268,16,1e-06,4.99e-07
270642,6295727,57,262,18,1e-06,4.99e-07
270642,6296727,67,297,25,1e-06,0.0
270642,6297727,54,248,13,1e-06,4.99e-07
270642,6298727,66,293,10,1e-06,0.0
270642,6299727,74,287,11,1e-06,0.0
270642,6300727,77,291,1,1e-06,4.99e-07
270642,6301727,70,289,10,1e-06,0.0
270642,6302727,65,295,2,1e-06,0.0
270642,6304727,73,284,3,1e-06,0.0
270642,6306727,65,283,1,1e-06,4.99e-07
270642,6307727,80,278,1,1e-06,4.99e-07
270642,6308727,67,85,4,1e-06,4.99e-07
270642,6311727,53,280,3,1e-06,0.0
270642,6312727,54,270,3,1e-06,0.0
270642,6313727,50,269,4,1e-06,4.99e-07
270642,6315727,48,267,4,1e-06,4.99e-07
270642,6316727,46,283,1,1e-06,4.99e-07
270642,6317727,48,303,1,1e-06,4.99e-07
270642,6319727,59,288,1,1e-06,4.99e-07
270642,6323727,61,275,1,1e-06,4.99e-07
270642,6324727,30,269,1,1e-06,4.99e-07
270642,6328727,47,285,1,1e-06,4.99e-07
270642,6334727,30,272,4,1e-06,4.99e-07
270642,6336727,36,272,4,1e-06,4.99e-07
270642,6337727,36,274,2,1e-06,4.99e-07
270642,6339727,43,266,3,1e-06,4.99e-07
270642,6340727,58,258,1,1e-06,4.99e-07
270642,6341727,32,278,2,1e-06,0.0
270642,6342727,50,263,1,1e-06,4.99e-07
270642,6343727,60,275,1,1e-06,4.99e-07
270642,6344727,63,287,2,1e-06,0.0
270642,6345727,38,277,3,1e-06,4.99e-07
270642,6347727,34,280,1,1e-06,4.99e-07
270642,6378727,49,280,1,1e-06,4.99e-07
270642,6386727,9,290,1,1e-06,4.99e-07
270642,6387727,14,290,1,1e-06,4.99e-07
270642,6399727,80,115,1,1e-06,4.99e-07
270642,6408727,49,95,1,1e-06,0.0
270642,6429727,80,130,1,1e-06,4.99e-07
270642,6440727,19,95,1,1e-06,0.0
270642,6442727,40,85,1,1e-06,0.0
270642,6443727,40,85,1,1e-06,0.0
270642,6450727,40,95,1,1e-06,0.0
270642,6478727,49,115,1,1e-06,0.0
271642,6241727,35,278,1,1e-06,4.99e-07
271642,6242727,22,75,2,1e-06,4.99e-07
271642,6243727,9,184,9,1e-06,0.0
271642,6248727,46,246,10,1e-06,0.0
271642,6250727,26,249,7,1e-06,0.0
271642,6251727,48,247,5,1e-06,0.0
271642,6252727,25,268,1,1e-06,4.99e-07
271642,6253727,28,239,7,1e-06,0.0
271642,6255727,13,328,4,1e-06,4.99e-07
271642,6256727,13,296,1,1e-06,4.99e-07
271642,6257727,9,319,11,1e-06,4.99e-07
271642,6258727,11,336,22,1e-06,4.99e-07
271642,6259727,14,337,17,1e-06,4.99e-07
271642,6260727,10,9,22,1e-06,0.0
271642,6261727,5,314,5,1e-06,4.99e-07
271642,6262727,23,309,4,1e-06,4.99e-07
271642,6263727,31,257,4,1e-06,4.99e-07
271642,6265727,25,293,12,1e-06,4.99e-07
271642,6266727,40,259,9,1e-06,4.99e-07
271642,6267727,52,274,16,1e-06,4.99e-07
271642,6268727,49,270,14,1e-06,4.99e-07
271642,6270727,63,264,7,1e-06,0.0
271642,6273727,54,277,10,1e-06,0.0
271642,6274727,49,282,5,1e-06,0.0
271642,6275727,46,281,15,1e-06,4.99e-07
271642,6276727,48,283,6,1e-06,4.99e-07
271642,6277727,44,287,4,1e-06,4.99e-07
271642,6278727,39,271,9,1e-06,4.99e-07
271642,6281727,14,257,4,1e-06,4.99e-07
271642,6282727,32,254,17,1e-06,4.99e-07
271642,6283727,14,268,1,1e-06,4.99e-07
271642,6285727,68,247,4,1e-06,0.0
271642,6286727,57,254,25,1e-06,0.0
271642,6287727,52,247,7,1e-06,0.0
271642,6288727,56,249,15,1e-06,0.0
271642,6289727,64,252,28,1e-06,0.0
271642,6290727,59,243,23,1e-06,4.99e-07
271642,6291727,66,233,9,1e-06,4.99e-07
271642,6292727,49,235,37,1e-06,0.0
271642,6293727,62,235,26,1e-06,0.0
271642,6294727,20,245,8,1e-06,0.0
271642,6295727,26,331,15,1e-06,0.0
271642,6296727,27,176,16,1e-06,0.0
271642,6297727,73,126,13,1e-06,0.0
271642,6298727,39,59,11,1e-06,4.99e-07
271642,6299727,61,285,20,1e-06,0.0
271642,6300727,56,289,5,1e-06,0.0
271642,6301727,65,294,6,1e-06,0.0
271642,6302727,49,289,2,1e-06,0.0
271642,6303727,72,286,8,1e-06,0.0
271642,6304727,78,291,1,1e-06,4.99e-07
271642,6305727,68,288,9,1e-06,0.0
271642,6306727,86,285,1,1e-06,4.99e-07
271642,6307727,72,268,2,1e-06,4.99e-07
271642,6308727,67,275,4,1e-06,4.99e-07
271642,6309727,64,287,6,1e-06,0.0
271642,6311727,80,278,1,1e-06,4.99e-07
271642,6314727,80,276,1,1e-06,4.99e-07
271642,6315727,64,278,1,1e-06,4.99e-07
271642,6321727,52,281,1,1e-06,4.99e-07
271642,6323727,68,265,3,1e-06,4.99e-07
271642,6324727,69,258,2,1e-06,0.0
271642,6325727,69,262,1,1e-06,4.99e-07
271642,6326727,46,270,1,inf,0.0
271642,6327727,23,293,1,1e-06,4.99e-07
271642,6329727,60,298,3,1e-06,0.0
271642,6331727,48,266,1,1e-06,4.99e-07
271642,6333727,43,283,1,1e-06,4.99e-07
271642,6334727,46,277,3,1e-06,4.99e-07
271642,6335727,76,272,1,1e-06,4.99e-07
271642,6337727,43,276,1,1e-06,4.99e-07
271642,6339727,55,278,1,1e-06,4.99e-07
271642,6341727,52,273,1,1e-06,4.99e-07
271642,6344727,44,275,2,1e-06,4.99e-07
271642,6345727,45,277,3,1e-06,4.99e-07
271642,6369727,69,100,1,1e-06,0.0
271642,6376727,34,110,1,1e-06,0.0
271642,6382727,60,40,1,1e-06,4.99e-07
271642,6383727,19,85,1,1e-06,0.0
271642,6384727,19,10,1,1e-06,4.99e-07
271642,6385727,29,105,1,1e-06,0.0
271642,6392727,0,0,1,inf,0.0
271642,6394727,59,120,1,1e-06,4.99e-07
271642,6437727,29,30,1,1e-06,4.99e-07
271642,6478727,80,300,1,1e-06,4.99e-07
272642,6235727,54,75,2,1e-06,4.99e-07
272642,6236727,12,51,2,1e-06,4.99e-07
272642,6241727,22,100,1,1e-06,0.0
272642,6242727,41,91,2,1e-06,4.99e-07
272642,6248727,73,251,2,1e-06,0.0
272642,6249727,10,274,10,1e-06,4.99e-07
272642,6250727,19,304,1,1e-06,0.0
272642,6251727,21,147,3,1e-06,4.99e-07
272642,6252727,32,245,2,1e-06,4.99e-07
272642,6253727,19,251,12,1e-06,4.99e-07
272642,6254727,14,297,9,1e-06,4.99e-07
272642,6255727,14,297,10,1e-06,4.99e-07
272642,6256727,25,45,30,1e-06,0.0
272642,6257727,14,16,16,1e-06,0.0
272642,6258727,23,19,7,1e-06,0.0
272642,6259727,22,62,6,1e-06,4.99e-07
272642,6260727,9,334,5,1e-06,4.99e-07
272642,6262727,40,257,4,1e-06,4.99e-07
272642,6263727,50,258,8,1e-06,4.99e-07
272642,6264727,58,260,1,1e-06,4.99e-07
272642,6265727,66,268,2,1e-06,0.0
272642,6266727,67,255,3,1e-06,0.0
272642,6267727,65,260,6,1e-06,4.99e-07
272642,6268727,52,251,3,1e-06,4.99e-07
272642,6269727,67,256,2,1e-06,0.0
272642,6270727,60,265,6,1e-06,4.99e-07
272642,6271727,66,263,2,1e-06,0.0
272642,6272727,74,263,1,1e-06,4.99e-07
272642,6273727,50,269,6,1e-06,0.0
272642,6275727,72,274,2,1e-06,0.0
272642,6276727,57,275,12,1e-06,4.99e-07
272642,6277727,65,278,3,1e-06,0.0
272642,6278727,52,269,8,1e-06,4.99e-07
272642,6280727,86,258,1,1e-06,4.99e-07
272642,6281727,49,258,1,1e-06,4.99e-07
272642,6282727,52,257,8,1e-06,0.0
272642,6283727,62,255,1,1e-06,4.99e-07
272642,6284727,66,252,7,1e-06,0.0
272642,6285727,65,248,7,1e-06,0.0
272642,6286727,51,260,9,1e-06,0.0
272642,6287727,51,254,29,1e-06,0.0
272642,6288727,39,246,9,1e-06,4.99e-07
272642,6289727,39,221,12,1e-06,0.0
272642,6290727,57,245,7,1e-06,4.99e-07
272642,6291727,45,278,19,1e-06,0.0
272642,6292727,30,224,27,1e-06,4.99e-07
272642,6293727,45,172,11,1e-06,4.99e-07
272642,6294727,52,289,9,1e-06,4.99e-07
272642,6295727,66,2,16,1e-06,4.99e-07
272642,6296727,47,113,22,1e-06,0.0
272642,6297727,49,279,18,1e-06,4.99e-07
272642,6298727,55,117,11,1e-06,0.0
272642,6299727,37,190,18,1e-06,4.99e-07
272642,6300727,55,264,19,1e-06,0.0
272642,6301727,66,285,11,1e-06,0.0
272642,6302727,52,291,3,1e-06,0.0
272642,6303727,58,286,6,1e-06,0.0
272642,6306727,57,281,8,1e-06,4.99e-07
272642,6307727,74,272,4,1e-06,4.99e-07
272642,6308727,61,278,7,1e-06,4.99e-07
272642,6309727,47,288,5,1e-06,4.99e-07
272642,6311727,44,300,1,1e-06,4.99e-07
272642,6312727,71,295,4,1e-06,0.0
272642,6314727,70,285,4,1e-06,0.0
272642,6315727,62,285,4,1e-06,0.0
272642,6316727,65,315,2,1e-06,4.99e-07
272642,6317727,16,43,2,1e-06,0.0
272642,6318727,76,273,1,1e-06,4.99e-07
272642,6319727,75,271,2,1e-06,4.99e-07
272642,6321727,82,276,1,1e-06,4.99e-07
272642,6323727,73,266,2,1e-06,4.99e-07
272642,6325727,69,263,1,1e-06,4.99e-07
272642,6327727,34,322,1,1e-06,0.0
272642,6329727,52,307,1,1e-06,0.0
272642,6330727,31,327,2,1e-06,4.99e-07
272642,6331727,35,301,2,1e-06,0.0
272642,6333727,77,273,1,1e-06,4.99e-07
272642,6334727,64,274,1,1e-06,4.99e-07
272642,6336727,48,268,1,1e-06,4.99e-07
272642,6340727,40,264,2,1e-06,0.0
272642,6345727,71,289,3,1e-06,0.0
272642,6355727,25,290,1,1e-06,4.99e-07
272642,6375727,60,100,1,1e-06,0.0
272642,6379727,60,85,1,1e-06,0.0
272642,6383727,0,0,1,inf,0.0
272642,6384727,54,280,2,1e-06,4.99e-07
272642,6385727,80,280,1,1e-06,4.99e-07
272642,6406727,60,80,1,1e-06,0.0
272642,6410727,65,105,1,1e-06,0.0
272642,6420727,49,300,1,1e-06,4.99e-07
272642,6436727,39,140,1,1e-06,4.99e-07
273642,6243727,24,258,6,1e-06,4.99e-07
273642,6246727,48,267,2,1e-06,0.0
273642,6248727,40,100,9,1e-06,4.99e-07
273642,6250727,30,226,13,1e-06,0.0
273642,6251727,6,183,9,1e-06,0.0
273642,6252727,4,244,27,1e-06,4.99e-07
273642,6253727,40,69,23,1e-06,4.99e-07
273642,6254727,9,36,10,1e-06,0.0
273642,6255727,25,45,21,1e-06,0.0
273642,6256727,19,28,14,1e-06,0.0
273642,6257727,19,353,5,1e-06,4.99e-07
273642,6258727,29,35,7,1e-06,0.0
273642,6259727,8,272,5,1e-06,4.99e-07
273642,6261727,73,265,2,1e-06,4.99e-07
273642,6262727,46,265,4,1e-06,4.99e-07
273642,6263727,43,261,10,1e-06,4.99e-07
273642,6265727,60,258,1,1e-06,4.99e-07
273642,6266727,34,263,7,1e-06,4.99e-07
273642,6267727,60,256,10,1e-06,0.0
273642,6268727,58,249,2,1e-06,4.99e-07
273642,6270727,60,269,2,1e-06,0.0
273642,6271727,73,217,1,1e-06,0.0
273642,6272727,35,78,3,1e-06,4.99e-07
273642,6273727,61,285,1,1e-06,4.99e-07
273642,6274727,56,69,7,1e-06,4.99e-07
273642,6275727,52,266,23,1e-06,4.99e-07
273642,6276727,61,297,13,1e-06,0.0
273642,6277727,67,270,6,1e-06,0.0
273642,6278727,64,267,5,1e-06,4.99e-07
273642,6279727,70,265,12,1e-06,4.99e-07
273642,6280727,65,264,9,1e-06,4.99e-07
273642,6282727,60,271,3,1e-06,4.99e-07
273642,6284727,71,274,4,1e-06,0.0
273642,6286727,50,266,6,1e-06,4.99e-07
273642,6287727,21,293,15,1e-06,4.99e-07
273642,6288727,57,257,22,1e-06,4.99e-07
273642,6289727,31,296,27,1e-06,4.99e-07
273642,6290727,46,243,15,1e-06,4.99e-07
273642,6291727,49,246,27,1e-06,0.0
273642,6292727,55,252,16,1e-06,0.0
273642,6293727,57,252,12,1e-06,0.0
273642,6294727,68,269,6,1e-06,0.0
273642,6295727,41,213,9,1e-06,4.99e-07
273642,6296727,61,287,11,1e-06,0.0
273642,6297727,5,23,11,1e-06,0.0
273642,6298727,49,156,24,1e-06,4.99e-07
273642,6299727,41,285,12,1e-06,0.0
273642,6300727,47,288,10,1e-06,4.99e-07
273642,6301727,36,297,11,1e-06,4.99e-07
273642,6302727,29,180,21,1e-06,4.99e-07
273642,6303727,19,204,23,1e-06,4.99e-07
273642,6304727,70,132,13,1e-06,0.0
273642,6305727,31,271,4,1e-06,0.0
273642,6306727,58,278,11,1e-06,4.99e-07
273642,6307727,56,273,3,1e-06,0.0
273642,6309727,76,275,1,1e-06,4.99e-07
273642,6310727,64,294,7,1e-06,0.0
273642,6311727,65,283,1,1e-06,4.99e-07
273642,6312727,52,265,10,1e-06,4.99e-07
273642,6313727,55,245,9,1e-06,4.99e-07
273642,6314727,65,275,8,1e-06,0.0
273642,6315727,65,255,6,1e-06,0.0
273642,6316727,63,282,13,1e-06,0.0
273642,6317727,56,283,5,1e-06,0.0
273642,6318727,51,247,5,1e-06,4.99e-07
273642,6319727,50,271,8,1e-06,4.99e-07
273642,6320727,63,269,4,1e-06,0.0
273642,6321727,65,288,2,1e-06,0.0
273642,6322727,43,305,1,1e-06,0.0
273642,6324727,20,295,1,1e-06,4.99e-07
273642,6325727,20,311,2,6.480538499407091,2.74536067648829
273642,6326727,25,338,3,1e-06,4.99e-07
273642,6329727,26,23,4,1e-06,0.0
273642,6334727,79,273,1,1e-06,4.99e-07
273642,6335727,49,265,2,1e-06,0.0
273642,6336727,49,268,1,1e-06,4.99e-07
273642,6340727,46,261,6,1e-06,0.0
273642,6342727,19,252,2,1e-06,4.99e-07
273642,6345727,45,298,4,1e-06,0.0
273642,6346727,49,290,1,1e-06,4.99e-07
273642,6354727,55,280,1,1e-06,4.99e-07
273642,6375727,9,95,1,1e-06,0.0
273642,6387727,70,275,1,1e-06,4.99e-07
273642,6389727,49,270,1,inf,0.0
273642,6391727,40,265,1,1e-06,4.99e-07
273642,6400727,60,100,1,1e-06,0.0
273642,6402727,65,70,1,1e-06,0.0
273642,6412727,49,110,1,1e-06,0.0
273642,6416727,49,110,1,1e-06,0.0
273642,6434727,75,120,1,1e-06,4.99e-07
273642,6441727,29,280,1,1e-06,4.99e-07
273642,6445727,14,265,1,1e-06,4.99e-07
273642,6452727,9,255,1,1e-06,4.99e-07
273642,6457727,68,270,1,inf,0.0
273642,6458727,76,260,1,1e-06,4.99e-07
273642,6466727,56,76,3,15.29700693299963,5.8093838581647805
274642,6237727,46,258,1,1e-06,4.99e-07
274642,6246727,14,231,6,1e-06,0.0
274642,6248727,45,224,4,1e-06,4.99e-07
274642,6249727,33,92,12,1e-06,4.99e-07
274642,6250727,18,212,5,1e-06,0.0
274642,6251727,17,83,6,1e-06,4.99e-07
274642,6252727,26,227,7,1e-06,0.0
274642,6253727,27,60,3,1e-06,0.0
274642,6254727,15,53,29,1e-06,0.0
274642,6255727,23,264,28,1e-06,4.99e-07
274642,6256727,21,54,4,1e-06,0.0
274642,6257727,40,266,6,1e-06,4.99e-07
274642,6258727,24,85,5,1e-06,4.99e-07
274642,6259727,64,265,5,1e-06,4.99e-07
274642,6260727,75,261,6,1e-06,4.99e-07
274642,6261727,52,268,8,1e-06,4.99e-07
274642,6262727,34,250,7,1e-06,4.99e-07
274642,6263727,70,265,9,1e-06,0.0
274642,6264727,55,106,6,1e-06,4.99e-07
274642,6265727,35,138,1,1e-06,4.99e-07
274642,6267727,29,190,5,1e-06,0.0
274642,6268727,36,270,4,1e-06,4.99e-07
274642,6269727,76,284,1,1e-06,4.99e-07
274642,6271727,65,232,8,1e-06,0.0
274642,6272727,39,110,3,1e-06,4.99e-07
274642,6273727,75,281,3,1e-06,0.0
274642,6274727,47,224,3,1e-06,0.0
274642,6275727,41,222,5,1e-06,4.99e-07
274642,6276727,34,271,14,1e-06,4.99e-07
274642,6277727,46,248,10,1e-06,0.0
274642,6279727,49,257,4,1e-06,4.99e-07
274642,6284727,65,312,6,1e-06,4.99e-07
274642,6285727,13,355,16,1e-06,0.0
274642,6286727,31,145,13,1e-06,0.0
274642,6287727,14,81,31,1e-06,4.99e-07
274642,6288727,68,94,41,1e-06,4.99e-07
274642,6289727,44,124,26,1e-06,4.99e-07
274642,6290727,71,276,12,1e-06,0.0
274642,6291727,12,184,11,1e-06,0.0
274642,6292727,50,221,17,1e-06,0.0
274642,6293727,64,260,22,1e-06,0.0
274642,6294727,63,280,6,1e-06,0.0
274642,6295727,54,295,5,1e-06,0.0
274642,6296727,43,284,4,1e-06,4.99e-07
274642,6297727,29,298,14,1e-06,4.99e-07
274642,6298727,62,284,7,1e-06,4.99e-07
274642,6299727,35,291,9,1e-06,0.0
274642,6300727,62,309,3,1e-06,0.0
274642,6301727,55,260,4,1e-06,0.0
274642,6302727,34,153,7,1e-06,0.0
274642,6303727,65,128,5,1e-06,0.0
274642,6304727,24,216,9,1e-06,4.99e-07
274642,6305727,50,251,9,1e-06,4.99e-07
274642,6307727,35,272,2,1e-06,4.99e-07
274642,6308727,56,118,7,1e-06,0.0
274642,6309727,48,259,6,1e-06,4.99e-07
274642,6310727,63,281,5,1e-06,0.0
274642,6311727,56,243,3,1e-06,0.0
274642,6321727,73,297,2,1e-06,0.0
274642,6322727,49,335,1,1e-06,0.0
274642,6326727,47,271,1,1e-06,4.99e-07
274642,6330727,30,270,1,inf,0.0
274642,6332727,60,263,1,1e-06,4.99e-07
274642,6335727,50,270,2,1e-06,4.99e-07
274642,6336727,54,269,1,1e-06,4.99e-07
274642,6340727,50,266,2,1e-06,0.0
274642,6343727,31,251,4,1e-06,0.0
274642,6344727,53,249,2,1e-06,0.0
274642,6345727,32,296,3,1e-06,0.0
274642,6348727,49,290,1,1e-06,4.99e-07
274642,6363727,39,270,1,inf,0.0
274642,6375727,56,275,3,1e-06,4.99e-07
274642,6389727,44,275,1,1e-06,4.99e-07
274642,6393727,60,290,1,1e-06,4.99e-07
274642,6402727,49,290,1,1e-06,4.99e-07
274642,6405727,49,345,1,1e-06,0.0
274642,6426727,65,325,1,1e-06,0.0
274642,6440727,39,280,1,1e-06,4.99e-07
274642,6448727,14,275,1,1e-06,4.99e-07
274642,6449727,25,330,1,1e-06,0.0
274642,6452727,19,260,1,1e-06,4.99e-07
274642,6457727,8,0,16,1e-06,0.0
274642,6458727,34,48,19,1e-06,0.0
274642,6459727,31,104,13,1e-06,4.99e-07
274642,6462727,34,241,5,1e-06,4.99e-07
274642,6463727,50,278,5,1e-06,4.99e-07
274642,6464727,48,235,1,1e-06,0.0
274642,6465727,36,212,13,1e-06,4.99e-07
274642,6466727,18,308,12,1e-06,4.99e-07
274642,6467727,39,5,6,1e-06,0.0
274642,6468727,16,241,19,1e-06,4.99e-07
274642,6469727,46,118,4,1e-06,0.0
275642,6242727,54,83,1,1e-06,0.0
275642,6243727,80,248,1,1e-06,4.99e-07
275642,6244727,40,108,1,1e-06,0.0
275642,6245727,56,80,3,1e-06,4.99e-07
275642,6247727,57,92,1,1e-06,0.0
275642,6248727,41,81,10,1e-06,4.99e-07
275642,6249727,69,283,1,1e-06,4.99e-07
275642,6251727,42,76,3,1e-06,4.99e-07
275642,6252727,53,95,8,1e-06,4.99e-07
275642,6253727,48,64,12,1e-06,4.99e-07
275642,6254727,66,270,4,1e-06,4.99e-07
275642,6255727,24,244,12,1e-06,4.99e-07
275642,6256727,17,285,9,1e-06,4.99e-07
275642,6257727,70,265,4,1e-06,0.0
275642,6258727,55,120,4,1e-06,0.0
275642,6259727,65,6,2,6.32277970605082,0.0
275642,6260727,46,251,8,1e-06,4.99e-07
275642,6261727,45,81,12,1e-06,4.99e-07
275642,6262727,62,102,1,1e-06,0.0
275642,6265727,90,73,1,1e-06,4.99e-07
275642,6266727,55,259,9,1e-06,4.99e-07
275642,6267727,67,264,1,1e-06,4.99e-07
275642,6268727,38,256,2,1e-06,4.99e-07
275642,6269727,77,88,1,1e-06,0.0
275642,6271727,49,288,4,1e-06,4.99e-07
275642,6272727,70,268,2,1e-06,0.0
275642,6273727,30,78,2,1e-06,4.99e-07
275642,6276727,49,249,12,1e-06,4.99e-07
275642,6277727,72,275,2,1e-06,0.0
275642,6278727,72,345,1,1e-06,0.0
275642,6279727,90,78,1,1e-06,4.99e-07
275642,6280727,48,136,5,1e-06,0.0
275642,6282727,75,100,9,1e-06,4.99e-07
275642,6283727,3,41,2,5.055188838946805,0.0
275642,6284727,46,4,6,1e-06,4.99e-07
275642,6285727,43,354,29,1e-06,4.99e-07
275642,6286727,8,328,24,1e-06,0.0
275642,6287727,41,231,31,1e-06,4.99e-07
275642,6288727,21,174,39,1e-06,0.0
275642,6289727,21,229,39,1e-06,4.99e-07
275642,6290727,51,264,19,1e-06,4.99e-07
275642,6291727,61,100,8,1e-06,4.99e-07
275642,6292727,43,248,8,1e-06,0.0
275642,6293727,64,250,13,1e-06,0.0
275642,6294727,65,253,3,1e-06,0.0
275642,6300727,75,278,1,1e-06,4.99e-07
275642,6302727,45,86,3,5.160334993790778,0.0
275642,6304727,68,303,1,1e-06,4.99e-07
275642,6305727,77,304,2,1e-06,0.0
275642,6306727,21,173,3,1.7814812967956728,0.11351464471994133
275642,6309727,90,83,1,1e-06,4.99e-07
275642,6312727,49,273,1,1e-06,4.99e-07
275642,6314727,80,252,1,1e-06,4.99e-07
275642,6315727,74,263,1,1e-06,4.99e-07
275642,6328727,14,33,1,1e-06,4.99e-07
275642,6329727,7,161,1,1e-06,4.99e-07
275642,6330727,9,9,3,1e-06,0.0
275642,6336727,58,272,2,1e-06,0.0
275642,6337727,80,258,1,1e-06,4.99e-07
275642,6339727,29,78,1,1e-06,0.0
275642,6340727,23,229,1,1e-06,0.0
275642,6341727,71,133,2,1e-06,0.0
275642,6342727,41,151,5,1e-06,0.0
275642,6343727,58,142,3,1e-06,0.0
275642,6344727,54,156,2,1e-06,0.0
275642,6345727,42,183,7,1e-06,4.99e-07
275642,6346727,49,182,5,1e-06,4.99e-07
275642,6347727,70,300,1,1e-06,4.99e-07
275642,6366727,32,263,2,1e-06,4.99e-07
275642,6375727,25,95,1,1e-06,0.0
275642,6399727,35,255,1,1e-06,4.99e-07
275642,6403727,44,315,1,1e-06,0.0
275642,6415727,85,120,1,1e-06,4.99e-07
275642,6424727,54,300,1,1e-06,4.99e-07
275642,6440727,80,310,1,1e-06,4.99e-07
275642,6453727,60,255,1,1e-06,4.99e-07
275642,6457727,21,230,13,1e-06,4.99e-07
275642,6458727,28,243,27,1e-06,0.0
275642,6459727,20,259,26,1e-06,4.99e-07
275642,6460727,28,273,17,1e-06,0.0
275642,6461727,38,262,13,1e-06,4.99e-07
275642,6462727,30,306,5,1e-06,4.99e-07
275642,6463727,54,274,12,1e-06,0.0
275642,6464727,33,250,4,1e-06,0.0
275642,6465727,28,32,12,1e-06,0.0
275642,6466727,44,91,13,1e-06,4.99e-07
275642,6467727,13,122,8,1e-06,0.0
275642,6468727,39,332,11,1e-06,4.99e-07
275642,6469727,53,86,22,1e-06,4.99e-07
275642,6470727,41,162,6,1e-06,0.0
276642,6233727,69,70,1,1e-06,4.99e-07
276642,6237727,53,224,3,1e-06,0.0
276642,6239727,55,88,4,1e-06,4.99e-07
276642,6240727,56,101,6,1e-06,4.99e-07
276642,6241727,57,76,3,1e-06,4.99e-07
276642,6242727,53,84,7,1e-06,4.99e-07
276642,6243727,55,79,4,1e-06,4.99e-07
276642,6245727,56,69,21,1e-06,4.99e-07
276642,6246727,35,54,9,1e-06,0.0
276642,6248727,79,89,10,1e-06,4.99e-07
276642,6249727,60,335,5,1e-06,4.99e-07
276642,6250727,41,95,5,40.577031616975596,0.0
276642,6251727,36,74,16,1e-06,4.99e-07
276642,6252727,47,316,4,1e-06,4.99e-07
276642,6253727,61,257,4,1e-06,4.99e-07
276642,6254727,14,259,4,1e-06,4.99e-07
276642,6255727,63,256,9,1e-06,0.0
276642,6256727,65,283,1,1e-06,4.99e-07
276642,6257727,67,293,3,1e-06,0.0
276642,6258727,33,240,3,1e-06,4.99e-07
276642,6259727,38,290,10,1e-06,4.99e-07
276642,6260727,43,277,5,1e-06,4.99e-07
276642,6261727,34,243,4,1e-06,4.99e-07
276642,6262727,73,244,5,1e-06,0.0
276642,6263727,52,235,10,1e-06,0.0
276642,6264727,37,281,3,1e-06,0.0
276642,6265727,78,88,2,1e-06,4.99e-07
276642,6266727,86,273,1,1e-06,4.99e-07
276642,6268727,58,261,10,1e-06,4.99e-07
276642,6269727,71,273,4,1e-06,0.0
276642,6270727,61,265,4,1e-06,4.99e-07
276642,6271727,50,249,3,1e-06,4.99e-07
276642,6272727,67,260,11,1e-06,0.0
276642,6273727,60,75,3,6.203804579660328,0.0
276642,6276727,80,83,1,1e-06,0.0
276642,6278727,79,255,10,1e-06,0.0
276642,6279727,55,269,8,1e-06,4.99e-07
276642,6280727,22,124,2,5.776207258804815,2.126810810676065
276642,6281727,76,263,9,1e-06,0.0
276642,6282727,81,264,8,1e-06,0.0
276642,6283727,77,277,7,1e-06,4.99e-07
276642,6284727,57,81,21,1e-06,4.99e-07
276642,6286727,81,85,4,1e-06,4.99e-07
276642,6287727,75,267,22,1e-06,4.99e-07
276642,6288727,80,270,6,1e-06,0.0
276642,6289727,71,268,31,1e-06,4.99e-07
276642,6290727,83,101,2,1e-06,0.0
276642,6291727,85,268,1,1e-06,4.99e-07
276642,6294727,59,243,1,1e-06,4.99e-07
276642,6296727,84,276,1,1e-06,4.99e-07
276642,6299727,75,273,1,1e-06,4.99e-07
276642,6300727,90,98,1,1e-06,4.99e-07
276642,6303727,68,281,1,1e-06,4.99e-07
276642,6304727,86,298,1,1e-06,4.99e-07
276642,6306727,79,338,3,1e-06,4.99e-07
276642,6307727,80,268,1,1e-06,4.99e-07
276642,6308727,79,313,2,1e-06,4.99e-07
276642,6309727,47,33,2,1e-06,0.0
276642,6310727,40,217,1,1e-06,0.0
276642,6311727,57,267,6,1e-06,0.0
276642,6312727,51,276,3,23.070030734497177,0.0
276642,6315727,74,76,1,1e-06,0.0
276642,6317727,68,281,2,1e-06,0.0
276642,6319727,30,345,2,1e-06,4.99e-07
276642,6321727,83,86,1,1e-06,0.0
276642,6323727,43,297,3,1e-06,4.99e-07
276642,6324727,9,285,3,1e-06,4.99e-07
276642,6325727,15,305,3,1e-06,4.99e-07
276642,6327727,73,269,1,1e-06,4.99e-07
276642,6328727,27,120,1,1e-06,4.99e-07
276642,6329727,28,251,3,1e-06,4.99e-07
276642,6330727,38,112,4,1e-06,4.99e-07
276642,6331727,19,149,3,1e-06,0.0
276642,6332727,57,276,1,1e-06,4.99e-07
276642,6344727,86,285,1,1e-06,4.99e-07
276642,6348727,85,290,1,1e-06,4.99e-07
276642,6353727,60,280,1,1e-06,4.99e-07
276642,6371727,49,290,1,1e-06,4.99e-07
276642,6391727,49,95,1,1e-06,0.0
276642,6392727,19,280,1,1e-06,4.99e-07
276642,6398727,54,285,1,1e-06,4.99e-07
276642,6402727,60,290,1,1e-06,4.99e-07
276642,6408727,69,295,1,1e-06,4.99e-07
276642,6421727,39,120,1,1e-06,4.99e-07
276642,6423727,44,300,1,1e-06,4.99e-07
276642,6426727,59,315,1,1e-06,0.0
276642,6430727,25,315,1,1e-06,0.0
276642,6452727,25,135,1,1e-06,4.99e-07
276642,6454727,7,115,1,1e-06,0.0
276642,6457727,7,181,12,1e-06,4.99e-07
276642,6458727,25,246,22,1e-06,4.99e-07
276642,6459727,29,309,20,1e-06,0.0
276642,6460727,38,272,25,1e-06,0.0
276642,6461727,32,261,22,1e-06,4.99e-07
276642,6462727,49,326,4,1e-06,4.99e-07
276642,6463727,0,16,12,1e-06,4.99e-07
276642,6464727,20,281,8,1e-06,0.0
276642,6465727,13,166,17,1e-06,0.0
276642,6466727,40,86,14,1e-06,4.99e-07
276642,6467727,40,329,24,1e-06,0.0
276642,6468727,21,340,28,1e-06,0.0
276642,6469727,12,320,20,1e-06,0.0
276642,6470727,37,72,29,1e-06,4.99e-07
276642,6471727,67,61,17,1e-06,0.0
276642,6472727,48,74,7,1e-06,4.99e-07
276642,6473727,88,135,1,1e-06,4.99e-07
276642,6475727,55,105,2,1e-06,4.99e-07
277642,6224727,24,80,1,1e-06,0.0
277642,6232727,69,80,1,1e-06,0.0
277642,6233727,60,95,1,1e-06,0.0
277642,6234727,78,82,1,1e-06,0.0
277642,6235727,65,82,8,1e-06,4.99e-07
277642,6236727,56,86,3,1e-06,4.99e-07
277642,6237727,63,94,5,1e-06,4.99e-07
277642,6238727,33,64,22,1e-06,4.99e-07
277642,6239727,63,82,27,1e-06,4.99e-07
277642,6240727,53,85,31,1e-06,4.99e-07
277642,6241727,37,83,8,1e-06,4.99e-07
277642,6242727,46,85,21,1e-06,4.99e-07
277642,6243727,29,112,24,1e-06,4.99e-07
277642,6244727,16,213,9,1e-06,0.0
277642,6245727,24,61,34,1e-06,0.0
277642,6246727,65,61,9,1e-06,0.0
277642,6247727,72,92,23,1e-06,4.99e-07
277642,6248727,63,73,14,1e-06,4.99e-07
277642,6249727,56,14,7,1e-06,0.0
277642,6250727,55,332,10,1e-06,4.99e-07
277642,6251727,43,68,46,1e-06,4.99e-07
277642,6252727,43,24,15,1e-06,0.0
277642,6253727,22,316,18,1e-06,4.99e-07
277642,6254727,45,20,11,1e-06,0.0
277642,6255727,61,85,18,1e-06,4.99e-07
277642,6256727,54,255,16,1e-06,0.0
277642,6257727,58,250,2,1e-06,0.0
277642,6258727,63,66,2,1e-06,0.0
277642,6259727,55,256,1,1e-06,4.99e-07
277642,6260727,66,253,8,1e-06,4.99e-07
277642,6261727,59,253,3,1e-06,4.99e-07
277642,6262727,71,67,3,1e-06,0.0
277642,6264727,26,68,3,1e-06,4.99e-07
277642,6269727,61,265,6,1e-06,4.99e-07
277642,6272727,77,268,1,1e-06,4.99e-07
277642,6274727,54,265,6,1e-06,4.99e-07
277642,6275727,72,261,4,1e-06,4.99e-07
277642,6278727,34,268,7,1e-06,4.99e-07
277642,6282727,62,69,11,1e-06,4.99e-07
277642,6283727,84,91,4,1e-06,4.99e-07
277642,6284727,70,90,10,1e-06,4.99e-07
277642,6285727,90,83,2,1e-06,0.0
277642,6286727,79,87,4,1e-06,4.99e-07
277642,6287727,71,89,23,1e-06,4.99e-07
277642,6288727,81,271,4,1e-06,0.0
277642,6289727,80,261,9,1e-06,0.0
277642,6290727,77,280,1,1e-06,4.99e-07
277642,6295727,77,255,1,1e-06,4.99e-07
277642,6296727,77,277,1,1e-06,4.99e-07
277642,6299727,85,269,3,1e-06,0.0
277642,6300727,75,83,2,1e-06,4.99e-07
277642,6302727,64,110,4,1e-06,4.99e-07
277642,6307727,83,87,2,1e-06,4.99e-07
277642,6309727,52,317,9,1e-06,4.99e-07
277642,6311727,38,34,3,1e-06,0.0
277642,6312727,55,264,3,1e-06,4.99e-07
277642,6314727,59,298,1,1e-06,4.99e-07
277642,6315727,45,17,2,1e-06,0.0
277642,6316727,69,90,3,1.1720947724754174,0.0
277642,6317727,45,53,7,1e-06,0.0
277642,6320727,82,80,1,1e-06,0.0
277642,6323727,49,86,1,1e-06,0.0
277642,6327727,53,96,1,1e-06,0.0
277642,6328727,62,93,1,1e-06,0.0
277642,6330727,58,103,1,1e-06,0.0
277642,6331727,59,106,1,1e-06,0.0
277642,6341727,58,80,1,1e-06,0.0
277642,6354727,49,255,1,1e-06,4.99e-07
277642,6366727,75,275,1,1e-06,4.99e-07
277642,6368727,29,275,1,1e-06,4.99e-07
277642,6371727,75,305,1,1e-06,4.99e-07
277642,6372727,60,320,1,1e-06,0.0
277642,6373727,29,320,1,1e-06,0.0
277642,6392727,69,270,1,inf,0.0
277642,6398727,65,295,1,1e-06,4.99e-07
277642,6405727,69,270,1,inf,0.0
277642,6445727,70,95,1,1e-06,0.0
277642,6447727,0,0,1,inf,0.0
277642,6455727,2,170,1,1e-06,4.99e-07
277642,6457727,5,185,3,1e-06,4.99e-07
277642,6458727,3,176,4,1e-06,0.0
277642,6459727,9,97,5,1e-06,4.99e-07
277642,6460727,33,295,22,1e-06,4.99e-07
277642,6461727,24,288,35,1e-06,0.0
277642,6462727,36,282,17,1e-06,0.0
277642,6463727,39,245,11,1e-06,0.0
277642,6464727,35,245,18,1e-06,0.0
277642,6465727,20,147,14,1e-06,0.0
277642,6466727,29,230,14,1e-06,4.99e-07
277642,6467727,39,282,18,1e-06,4.99e-07
277642,6468727,29,352,15,1e-06,0.0
277642,6469727,33,156,17,1e-06,0.0
277642,6470727,17,275,22,1e-06,0.0
277642,6471727,52,0,10,1e-06,0.0
277642,6472727,42,41,22,1e-06,0.0
277642,6473727,67,344,10,1e-06,4.99e-07
277642,6474727,30,2,12,1e-06,0.0
277642,6475727,62,187,3,1e-06,4.99e-07
277642,6476727,65,114,20,1e-06,0.0
277642,6477727,56,140,2,1e-06,0.0
278642,6227727,75,80,1,1e-06,0.0
278642,6234727,80,290,1,1e-06,4.99e-07
278642,6235727,37,94,18,1e-06,4.99e-07
278642,6236727,51,140,4,1e-06,0.0
278642,6237727,52,104,6,1e-06,4.99e-07
278642,6238727,50,70,25,1e-06,4.99e-07
278642,6239727,42,35,14,1e-06,0.0
278642,6240727,61,71,18,1e-06,4.99e-07
278642,6241727,47,84,9,1e-06,4.99e-07
278642,6242727,9,125,26,1e-06,4.99e-07
278642,6243727,11,177,19,1e-06,0.0
278642,6244727,13,112,13,1e-06,4.99e-07
278642,6245727,9,322,24,1e-06,0.0
278642,6246727,33,90,32,1e-06,4.99e-07
278642,6247727,39,37,9,1e-06,0.0
278642,6248727,56,77,5,1e-06,4.99e-07
278642,6249727,24,129,13,1e-06,4.99e-07
278642,6250727,53,260,10,1e-06,4.99e-07
278642,6251727,44,253,23,1e-06,4.99e-07
278642,6252727,76,265,8,1e-06,0.0
278642,6253727,64,256,17,1e-06,4.99e-07
278642,6254727,67,257,13,1e-06,0.0
278642,6255727,77,257,4,1e-06,0.0
278642,6256727,24,154,4,1e-06,4.99e-07
278642,6257727,61,259,2,1e-06,0.0
278642,6258727,75,242,1,1e-06,4.99e-07
278642,6262727,67,274,2,1e-06,0.0
278642,6263727,80,268,1,1e-06,4.99e-07
278642,6264727,44,65,3,15.136516250169539,0.0
278642,6265727,62,263,4,1e-06,4.99e-07
278642,6267727,29,266,2,1e-06,4.99e-07
278642,6268727,20,264,3,1e-06,4.99e-07
278642,6269727,77,81,1,1e-06,0.0
278642,6270727,80,75,8,1e-06,0.0
278642,6271727,75,81,7,1e-06,4.99e-07
278642,6272727,70,80,4,1e-06,4.99e-07
278642,6273727,70,75,4,1e-06,4.99e-07
278642,6274727,71,91,2,1e-06,4.99e-07
278642,6275727,42,85,3,1.9984120325109278,0.0
278642,6277727,72,101,4,1e-06,4.99e-07
278642,6278727,79,90,9,1e-06,4.99e-07
278642,6279727,32,232,13,1e-06,4.99e-07
278642,6283727,67,95,10,1e-06,4.99e-07
278642,6284727,69,90,11,1e-06,4.99e-07
278642,6287727,73,88,13,1e-06,4.99e-07
278642,6288727,14,162,2,1.8775626447346303,0.0
278642,6289727,36,284,6,1e-06,4.99e-07
278642,6290727,65,290,7,1e-06,4.99e-07
278642,6291727,80,88,1,1e-06,0.0
278642,6292727,71,102,6,1e-06,4.99e-07
278642,6293727,82,273,2,1e-06,0.0
278642,6294727,79,274,2,1e-06,0.0
278642,6295727,80,261,3,1e-06,0.0
278642,6299727,86,278,1,1e-06,4.99e-07
278642,6300727,63,284,4,1e-06,4.99e-07
278642,6302727,56,278,6,1e-06,4.99e-07
278642,6305727,82,278,1,1e-06,4.99e-07
278642,6307727,83,268,2,1e-06,4.99e-07
278642,6308727,84,96,1,1e-06,0.0
278642,6309727,86,256,1,1e-06,4.99e-07
278642,6310727,80,266,1,1e-06,4.99e-07
278642,6316727,86,75,1,1e-06,4.99e-07
278642,6318727,75,80,2,1e-06,4.99e-07
278642,6319727,63,77,1,1e-06,0.0
278642,6322727,35,88,3,2.8811135398861927,0.0
278642,6323727,18,326,2,1e-06,4.99e-07
278642,6324727,70,82,2,1e-06,4.99e-07
278642,6327727,51,103,2,1e-06,4.99e-07
278642,6331727,69,97,1,1e-06,0.0
278642,6334727,66,88,2,1e-06,4.99e-07
278642,6335727,84,91,2,1e-06,4.99e-07
278642,6341727,52,71,2,1e-06,4.99e-07
278642,6343727,57,98,2,1e-06,4.99e-07
278642,6364727,49,290,1,1e-06,4.99e-07
278642,6365727,44,220,1,1e-06,0.0
278642,6395727,29,270,1,inf,0.0
278642,6396727,69,340,1,1e-06,0.0
278642,6406727,65,280,1,1e-06,4.99e-07
278642,6408727,80,295,1,1e-06,4.99e-07
278642,6420727,60,130,1,1e-06,4.99e-07
278642,6443727,75,275,1,1e-06,4.99e-07
278642,6451727,14,140,1,1e-06,4.99e-07
278642,6456727,90,0,1,1e-06,0.0
278642,6457727,15,53,5,1e-06,0.0
278642,6458727,8,319,7,1e-06,0.0
278642,6459727,10,106,2,1e-06,4.99e-07
278642,6460727,11,41,4,1e-06,0.0
278642,6461727,37,327,9,1e-06,4.99e-07
278642,6462727,45,261,3,1e-06,0.0
278642,6463727,10,16,14,1e-06,0.0
278642,6464727,57,223,10,1e-06,4.99e-07
278642,6465727,36,117,16,1e-06,0.0
278642,6466727,38,121,5,1e-06,0.0
278642,6467727,44,93,13,1e-06,4.99e-07
278642,6468727,22,63,13,1e-06,4.99e-07
278642,6469727,22,45,13,1e-06,4.99e-07
278642,6470727,10,354,14,1e-06,0.0
278642,6471727,60,278,7,1e-06,0.0
278642,6472727,48,223,14,1e-06,4.99e-07
278642,6473727,23,118,10,1e-06,4.99e-07
278642,6474727,30,19,13,1e-06,4.99e-07
278642,6475727,70,355,5,1e-06,4.99e-07
278642,6476727,34,118,10,1e-06,0.0
278642,6477727,5,135,14,1e-06,0.0
278642,6478727,14,266,2,3.6008813984659596,0.0
279642,6234727,38,126,1,1e-06,4.99e-07
279642,6235727,51,83,20,1e-06,4.99e-07
279642,6236727,56,97,15,1e-06,4.99e-07
279642,6237727,31,2,17,1e-06,0.0
279642,6238727,61,105,38,1e-06,4.99e-07
279642,6239727,69,66,14,1e-06,0.0
279642,6240727,13,55,23,1e-06,4.99e-07
279642,6241727,5,309,28,1e-06,4.99e-07
279642,6242727,34,145,33,1e-06,0.0
279642,6243727,1,331,12,1e-06,0.0
279642,6244727,31,48,11,1e-06,0.0
279642,6245727,8,279,8,1e-06,4.99e-07
279642,6246727,23,119,8,1e-06,4.99e-07
279642,6247727,25,322,6,1e-06,0.0
279642,6248727,64,66,4,1e-06,0.0
279642,6249727,78,261,7,1e-06,0.0
279642,6250727,36,53,9,1e-06,0.0
279642,6251727,67,77,8,1e-06,4.99e-07
279642,6252727,72,253,11,1e-06,0.0
279642,6253727,81,256,15,1e-06,0.0
279642,6254727,71,261,25,1e-06,0.0
279642,6255727,42,290,8,1e-06,4.99e-07
279642,6256727,28,336,10,1e-06,0.0
279642,6257727,20,324,4,2.434633438746196,0.0
279642,6258727,69,248,5,1e-06,0.0
279642,6259727,80,252,1,1e-06,4.99e-07
279642,6260727,67,263,1,1e-06,4.99e-07
279642,6263727,85,261,1,1e-06,4.99e-07
279642,6264727,75,88,1,1e-06,0.0
279642,6267727,80,76,1,1e-06,4.99e-07
279642,6268727,70,68,6,1e-06,0.0
279642,6270727,65,80,3,1e-06,4.99e-07
279642,6271727,75,76,7,1e-06,4.99e-07
279642,6272727,75,80,6,1e-06,4.99e-07
279642,6273727,83,80,5,1e-06,0.0
279642,6274727,79,83,5,1e-06,4.99e-07
279642,6275727,65,278,3,1e-06,4.99e-07
279642,6276727,63,105,3,1e-06,4.99e-07
279642,6279727,82,268,1,1e-06,4.99e-07
279642,6281727,80,102,1,1e-06,0.0
279642,6282727,26,359,2,1.755443848042313,0.0
279642,6284727,21,187,4,1.9661703516308133,0.0
279642,6285727,89,80,1,1e-06,4.99e-07
279642,6286727,83,87,6,1e-06,4.99e-07
279642,6287727,75,265,4,1e-06,4.99e-07
279642,6288727,79,268,6,1e-06,4.99e-07
279642,6289727,78,265,6,1e-06,4.99e-07
279642,6290727,73,263,4,1e-06,0.0
279642,6292727,75,93,1,1e-06,0.0
279642,6294727,75,268,1,1e-06,4.99e-07
279642,6295727,72,268,5,1e-06,4.99e-07
279642,6297727,85,268,1,1e-06,4.99e-07
279642,6298727,70,269,2,1e-06,4.99e-07
279642,6299727,75,286,3,1e-06,0.0
279642,6300727,72,276,3,1e-06,4.99e-07
279642,6302727,76,276,2,1e-06,0.0
279642,6303727,83,279,2,1e-06,0.0
279642,6304727,84,279,1,1e-06,4.99e-07
279642,6305727,82,277,3,1e-06,0.0
279642,6308727,64,270,1,inf,0.0
279642,6309727,76,273,3,1e-06,0.0
279642,6310727,80,274,2,1e-06,0.0
279642,6311727,85,264,1,1e-06,4.99e-07
279642,6312727,68,260,1,1e-06,4.99e-07
279642,6313727,76,264,3,107.93311689244743,0.0
279642,6315727,83,258,3,1e-06,4.99e-07
279642,6319727,77,81,1,1e-06,0.0
279642,6322727,60,78,3,1e-06,4.99e-07
279642,6323727,61,73,3,1e-06,4.99e-07
279642,6324727,53,85,2,1e-06,4.99e-07
279642,6327727,37,90,1,1e-06,0.0
279642,6332727,6,238,2,7.185252250957255,3.103859419170708
279642,6335727,54,81,4,1e-06,4.99e-07
279642,6339727,64,65,1,1e-06,4.99e-07
279642,6341727,52,73,1,1e-06,0.0
279642,6343727,48,96,2,1e-06,4.99e-07
279642,6363727,39,280,2,1e-06,4.99e-07
279642,6364727,70,194,1,1e-06,0.0
279642,6365727,60,275,1,1e-06,4.99e-07
279642,6417727,60,125,1,1e-06,4.99e-07
279642,6434727,25,300,1,1e-06,4.99e-07
279642,6450727,65,100,1,1e-06,0.0
279642,6452727,44,105,1,1e-06,0.0
279642,6455727,25,90,1,1e-06,0.0
279642,6457727,8,194,2,1e-06,4.99e-07
279642,6458727,25,187,6,1e-06,0.0
279642,6459727,19,105,5,1e-06,4.99e-07
279642,6460727,39,243,8,1e-06,0.0
279642,6463727,20,100,1,1e-06,0.0
279642,6464727,13,279,9,1e-06,0.0
279642,6465727,2,122,10,1e-06,4.99e-07
279642,6466727,34,106,12,1e-06,4.99e-07
279642,6467727,24,108,16,1e-06,4.99e-07
279642,6468727,27,34,19,1e-06,0.0
279642,6469727,35,97,9,1e-06,4.99e-07
279642,6470727,16,77,13,1e-06,4.99e-07
279642,6471727,32,300,11,1e-06,0.0
279642,6472727,13,35,12,1e-06,4.99e-07
279642,6473727,11,31,12,1e-06,4.99e-07
279642,6474727,6,332,3,1e-06,0.0
279642,6475727,19,180,13,1e-06,4.99e-07
279642,6476727,34,28,16,1e-06,0.0
279642,6477727,19,185,9,1e-06,4.99e-07
279642,6478727,80,151,9,1e-06,4.99e-07
280642,6234727,56,101,14,1e-06,4.99e-07
280642,6235727,69,95,17,1e-06,4.99e-07
280642,6236727,70,89,5,1e-06,4.99e-07
280642,6237727,82,86,2,1e-06,4.99e-07
280642,6239727,62,88,21,1e-06,4.99e-07
280642,6240727,75,82,19,1e-06,4.99e-07
280642,6241727,59,97,7,1e-06,4.99e-07
280642,6242727,89,84,1,1e-06,4.99e-07
280642,6243727,80,81,9,1e-06,4.99e-07
280642,6244727,72,81,6,1e-06,4.99e-07
280642,6245727,70,74,11,1e-06,4.99e-07
280642,6246727,8,156,2,3.2751707966595465,0.0
280642,6247727,57,72,11,1e-06,4.99e-07
280642,6248727,65,81,7,1e-06,4.99e-07
280642,6249727,81,264,16,1e-06,0.0
280642,6250727,60,252,23,1e-06,4.99e-07
280642,6251727,55,267,7,1e-06,4.99e-07
280642,6252727,44,47,7,1e-06,0.0
280642,6253727,47,46,5,1e-06,0.0
280642,6254727,18,298,7,1e-06,4.99e-07
280642,6255727,19,159,2,2.0119824275225366,0.0
280642,6256727,80,261,1,1e-06,4.99e-07
280642,6257727,79,253,2,1e-06,0.0
280642,6259727,85,257,4,1e-06,0.0
280642,6260727,87,79,4,1e-06,0.0
280642,6261727,70,270,1,inf,0.0
280642,6263727,65,257,6,1e-06,4.99e-07
280642,6264727,67,281,3,1e-06,4.99e-07
280642,6265727,24,4,11,1e-06,0.0
280642,6266727,62,44,3,1e-06,0.0
280642,6267727,26,339,4,1e-06,4.99e-07
280642,6268727,67,80,4,1e-06,4.99e-07
280642,6270727,71,73,3,1e-06,4.99e-07
280642,6271727,56,69,4,1e-06,4.99e-07
280642,6272727,38,58,6,1e-06,0.0
280642,6274727,32,20,2,1e-06,0.0
280642,6275727,67,70,2,1e-06,4.99e-07
280642,6276727,79,77,2,1e-06,0.0
280642,6277727,35,289,3,1e-06,4.99e-07
280642,6281727,42,61,2,1e-06,0.0
280642,6282727,25,290,1,1e-06,4.99e-07
280642,6283727,53,80,6,1e-06,4.99e-07
280642,6284727,41,83,2,1e-06,4.99e-07
280642,6286727,24,42,1,1e-06,4.99e-07
280642,6287727,26,68,9,1e-06,4.99e-07
280642,6288727,35,74,5,1e-06,4.99e-07
280642,6289727,16,49,8,1e-06,0.0
280642,6295727,69,272,2,1e-06,4.99e-07
280642,6296727,8,86,3,1e-06,4.99e-07
280642,6297727,57,88,2,1e-06,4.99e-07
280642,6298727,75,281,2,1e-06,0.0
280642,6299727,16,273,1,1e-06,4.99e-07
280642,6300727,66,288,1,1e-06,4.99e-07
280642,6301727,36,280,2,1e-06,0.0
280642,6305727,84,283,1,1e-06,4.99e-07
280642,6310727,90,91,1,1e-06,4.99e-07
280642,6311727,82,275,1,1e-06,4.99e-07
280642,6312727,86,264,1,1e-06,4.99e-07
280642,6316727,83,88,1,1e-06,0.0
280642,6334727,14,98,1,1e-06,0.0
280642,6335727,54,88,1,1e-06,0.0
280642,6336727,43,84,2,1e-06,4.99e-07
280642,6339727,48,57,2,1e-06,0.0
280642,6342727,37,70,1,1e-06,0.0
280642,6343727,54,80,1,1e-06,0.0
280642,6344727,70,89,1,1e-06,0.0
280642,6346727,55,95,2,1e-06,4.99e-07
280642,6358727,44,275,1,1e-06,4.99e-07
280642,6363727,39,285,1,1e-06,4.99e-07
280642,6408727,55,85,1,1e-06,0.0
280642,6419727,80,120,1,1e-06,4.99e-07
280642,6423727,80,130,1,1e-06,4.99e-07
280642,6446727,44,120,1,1e-06,4.99e-07
280642,6459727,20,144,3,1e-06,0.0
280642,6460727,10,135,5,1e-06,0.0
280642,6461727,33,88,2,1e-06,4.99e-07
280642,6462727,22,112,7,1e-06,4.99e-07
280642,6463727,26,114,17,1e-06,4.99e-07
280642,6464727,25,115,13,1e-06,4.99e-07
280642,6466727,30,72,8,1e-06,4.99e-07
280642,6467727,28,85,4,1e-06,4.99e-07
280642,6468727,25,40,1,1e-06,4.99e-07
280642,6469727,14,94,4,1e-06,4.99e-07
280642,6471727,25,131,7,1e-06,0.0
280642,6472727,36,110,22,1e-06,4.99e-07
280642,6473727,24,87,16,1e-06,4.99e-07
280642,6474727,37,233,11,1e-06,4.99e-07
280642,6475727,72,151,4,1e-06,0.0
280642,6476727,45,337,3,1e-06,4.99e-07
280642,6477727,48,300,3,1e-06,0.0
280642,6478727,58,335,5,0.9091076733612322,0.0
281642,6229727,39,80,1,1e-06,0.0
281642,6234727,68,90,2,1e-06,4.99e-07
281642,6235727,63,85,7,1e-06,4.99e-07
281642,6236727,72,89,17,1e-06,4.99e-07
281642,6237727,79,91,4,1e-06,4.99e-07
281642,6238727,69,85,15,1e-06,4.99e-07
281642,6239727,80,84,10,1e-06,4.99e-07
281642,6240727,73,89,11,1e-06,4.99e-07
281642,6241727,55,74,11,1e-06,4.99e-07
281642,6242727,83,82,3,1e-06,0.0
281642,6243727,58,86,14,1e-06,4.99e-07
281642,6244727,45,269,10,1e-06,4.99e-07
281642,6245727,12,281,21,1e-06,4.99e-07
281642,6246727,48,266,7,1e-06,4.99e-07
281642,6247727,52,261,12,1e-06,4.99e-07
281642,6248727,29,69,7,1e-06,4.99e-07
281642,6249727,71,83,3,15.427234270500424,0.0
281642,6250727,11,165,4,14.351897316372018,0.0
281642,6251727,26,186,4,27.56208933859193,13.781044668295966
281642,6253727,60,247,6,1e-06,0.0
281642,6255727,19,302,2,1e-06,0.0
281642,6256727,83,273,1,1e-06,4.99e-07
281642,6258727,68,275,3,25.959455045650387,0.0
281642,6261727,77,263,5,1e-06,0.0
281642,6265727,73,72,1,1e-06,4.99e-07
281642,6266727,22,53,1,1e-06,4.99e-07
281642,6275727,58,280,1,1e-06,4.99e-07
281642,6277727,85,258,1,1e-06,4.99e-07
281642,6282727,36,114,9,1e-06,4.99e-07
281642,6283727,6,90,4,1e-06,4.99e-07
281642,6284727,20,65,13,1e-06,4.99e-07
281642,6285727,8,328,9,1e-06,0.0
281642,6286727,12,319,13,1e-06,4.99e-07
281642,6287727,28,289,6,1e-06,4.99e-07
281642,6288727,19,296,8,1e-06,4.99e-07
281642,6290727,60,101,1,1e-06,0.0
281642,6291727,19,278,1,1e-06,4.99e-07
281642,6292727,44,255,4,1e-06,4.99e-07
281642,6296727,29,261,12,1e-06,4.99e-07
281642,6297727,41,272,3,1e-06,4.99e-07
281642,6299727,9,100,4,1e-06,4.99e-07
281642,6300727,24,269,3,1e-06,0.0
281642,6301727,33,272,4,1e-06,4.99e-07
281642,6303727,27,283,1,1e-06,4.99e-07
281642,6304727,36,283,3,1e-06,4.99e-07
281642,6305727,60,103,1,1e-06,0.0
281642,6315727,80,92,1,1e-06,0.0
281642,6320727,60,91,1,1e-06,0.0
281642,6321727,57,96,1,1e-06,0.0
281642,6326727,13,91,2,1e-06,4.99e-07
281642,6332727,11,117,2,1e-06,4.99e-07
281642,6335727,25,80,1,1e-06,0.0
281642,6336727,39,83,1,1e-06,0.0
281642,6341727,19,43,1,1e-06,4.99e-07
281642,6342727,10,8,1,1e-06,4.99e-07
281642,6343727,18,310,1,1e-06,0.0
281642,6358727,19,300,1,1e-06,4.99e-07
281642,6360727,39,270,1,inf,0.0
281642,6418727,9,305,1,1e-06,0.0
281642,6436727,54,295,1,1e-06,4.99e-07
281642,6443727,34,125,1,1e-06,4.99e-07
281642,6448727,34,120,1,1e-06,4.99e-07
281642,6453727,24,100,1,1e-06,0.0
281642,6461727,48,105,1,1e-06,0.0
281642,6462727,44,113,3,1e-06,4.99e-07
281642,6463727,40,120,2,1e-06,0.0
281642,6464727,34,101,6,1e-06,4.99e-07
281642,6466727,15,66,5,1e-06,4.99e-07
281642,6467727,39,109,4,1e-06,4.99e-07
281642,6472727,34,120,11,1e-06,0.0
281642,6473727,21,132,11,1e-06,4.99e-07
281642,6474727,30,359,10,1e-06,0.0
281642,6476727,72,5,1,1e-06,0.0
282642,6234727,45,86,15,1e-06,4.99e-07
282642,6235727,28,72,4,1e-06,4.99e-07
282642,6236727,55,75,21,1e-06,4.99e-07
282642,6237727,65,73,4,1e-06,4.99e-07
282642,6238727,56,103,1,1e-06,0.0
282642,6239727,77,80,1,1e-06,0.0
282642,6240727,56,85,5,1e-06,4.99e-07
282642,6241727,60,65,5,1e-06,4.99e-07
282642,6243727,77,84,3,1e-06,4.99e-07
282642,6244727,75,81,8,1e-06,4.99e-07
282642,6246727,66,77,4,1e-06,4.99e-07
282642,6247727,55,69,11,1e-06,4.99e-07
282642,6248727,75,260,7,1e-06,4.99e-07
282642,6249727,54,262,17,1e-06,4.99e-07
282642,6251727,29,126,11,1e-06,4.99e-07
282642,6252727,81,91,3,1e-06,4.99e-07
282642,6253727,52,283,22,1e-06,4.99e-07
282642,6255727,69,77,3,1e-06,4.99e-07
282642,6259727,77,80,3,1e-06,4.99e-07
282642,6261727,35,98,1,1e-06,0.0
282642,6264727,14,295,1,1e-06,4.99e-07
282642,6269727,30,295,2,1e-06,4.99e-07
282642,6274727,41,271,2,1e-06,0.0
282642,6279727,56,294,6,1e-06,4.99e-07
282642,6282727,81,278,2,1e-06,0.0
282642,6284727,57,276,10,1e-06,4.99e-07
282642,6285727,64,278,3,1e-06,4.99e-07
282642,6286727,40,290,6,1e-06,0.0
282642,6287727,35,274,2,1e-06,4.99e-07
282642,6288727,42,280,20,1e-06,4.99e-07
282642,6289727,37,282,20,1e-06,4.99e-07
282642,6290727,52,274,11,1e-06,4.99e-07
282642,6291727,40,278,3,1e-06,4.99e-07
282642,6294727,48,272,4,1e-06,4.99e-07
282642,6295727,44,288,1,1e-06,4.99e-07
282642,6296727,43,261,12,1e-06,4.99e-07
282642,6297727,29,278,1,1e-06,4.99e-07
282642,6299727,43,269,1,1e-06,4.99e-07
282642,6300727,41,280,1,1e-06,4.99e-07
282642,6301727,31,274,3,1e-06,4.99e-07
282642,6303727,29,260,4,1e-06,4.99e-07
282642,6304727,21,243,2,1e-06,0.0
282642,6306727,19,230,1,1e-06,0.0
282642,6307727,22,264,2,1e-06,4.99e-07
282642,6309727,26,265,4,1e-06,4.99e-07
282642,6311727,12,243,3,1e-06,4.99e-07
282642,6320727,27,100,1,1e-06,0.0
282642,6321727,30,102,2,1e-06,4.99e-07
282642,6325727,25,108,2,1e-06,4.99e-07
282642,6328727,39,100,1,1e-06,0.0
282642,6330727,7,315,1,1e-06,0.0
282642,6331727,22,96,2,1e-06,4.99e-07
282642,6332727,8,92,1,1e-06,0.0
282642,6333727,19,80,1,1e-06,0.0
282642,6336727,30,70,1,1e-06,0.0
282642,6340727,59,94,1,1e-06,0.0
282642,6342727,47,104,3,1e-06,4.99e-07
282642,6345727,17,199,5,1e-06,0.0
282642,6418727,65,310,1,1e-06,0.0
282642,6453727,19,120,1,1e-06,4.99e-07
282642,6472727,29,95,1,1e-06,0.0
282642,6473727,26,101,6,1e-06,4.99e-07
282642,6474727,20,53,18,1e-06,4.99e-07
282642,6475727,14,123,8,1e-06,0.0
282642,6476727,2,266,7,1e-06,0.0
282642,6478727,24,195,7,1e-06,4.99e-07
283642,6231727,75,25,1,1e-06,4.99e-07
283642,6234727,22,71,4,1e-06,4.99e-07
283642,6236727,41,65,12,1e-06,4.99e-07
283642,6237727,33,51,5,1e-06,0.0
283642,6238727,14,21,5,1e-06,0.0
283642,6239727,29,58,9,1e-06,0.0
283642,6240727,51,60,2,1e-06,0.0
283642,6241727,32,67,12,1e-06,4.99e-07
283642,6242727,44,56,7,1e-06,0.0
283642,6243727,58,76,12,1e-06,4.99e-07
283642,6244727,68,73,9,1e-06,4.99e-07
283642,6245727,69,73,32,1e-06,4.99e-07
283642,6246727,56,69,2,1e-06,4.99e-07
283642,6247727,33,83,8,1e-06,4.99e-07
283642,6249727,60,264,9,1e-06,4.99e-07
283642,6251727,76,86,2,1e-06,4.99e-07
283642,6252727,58,291,3,1e-06,4.99e-07
283642,6253727,76,83,6,1e-06,4.99e-07
283642,6254727,49,88,1,1e-06,0.0
283642,6260727,15,80,2,1e-06,4.99e-07
283642,6265727,20,265,4,1e-06,4.99e-07
283642,6267727,43,278,1,1e-06,4.99e-07
283642,6273727,44,267,9,1e-06,4.99e-07
283642,6274727,40,252,4,1e-06,4.99e-07
283642,6275727,72,260,2,1e-06,0.0
283642,6276727,48,268,18,1e-06,4.99e-07
283642,6277727,62,280,1,1e-06,4.99e-07
283642,6278727,75,270,7,1e-06,4.99e-07
283642,6279727,68,283,1,1e-06,4.99e-07
283642,6280727,71,275,3,1e-06,4.99e-07
283642,6281727,65,276,5,1e-06,4.99e-07
283642,6282727,57,261,6,1e-06,4.99e-07
283642,6283727,77,273,6,1e-06,4.99e-07
283642,6284727,78,274,2,1e-06,4.99e-07
283642,6285727,81,102,3,4.952142834428752,2.476071416214376
283642,6286727,73,282,8,1e-06,0.0
283642,6288727,15,262,3,1e-06,4.99e-07
283642,6289727,51,281,27,1e-06,4.99e-07
283642,6290727,49,278,21,1e-06,4.99e-07
283642,6291727,54,261,4,1e-06,0.0
283642,6293727,78,275,2,1e-06,0.0
283642,6294727,48,271,2,1e-06,4.99e-07
283642,6295727,49,263,1,1e-06,4.99e-07
283642,6296727,29,259,6,1e-06,4.99e-07
283642,6297727,46,270,3,1e-06,0.0
283642,6298727,39,277,4,1e-06,4.99e-07
283642,6299727,25,263,1,1e-06,4.99e-07
283642,6304727,22,242,2,1e-06,0.0
283642,6307727,19,276,1,1e-06,4.99e-07
283642,6308727,62,275,1,1e-06,4.99e-07
283642,6309727,27,258,1,1e-06,4.99e-07
283642,6311727,31,272,2,1e-06,4.99e-07
283642,6312727,38,274,3,1e-06,0.0
283642,6326727,9,233,1,1e-06,0.0
283642,6328727,6,195,2,1e-06,4.99e-07
283642,6331727,11,50,2,1e-06,0.0
283642,6332727,23,85,1,1e-06,0.0
283642,6337727,61,86,3,1e-06,4.99e-07
283642,6338727,15,46,2,1e-06,0.0
283642,6339727,67,79,2,1e-06,4.99e-07
283642,6340727,3,189,3,1e-06,0.0
283642,6342727,15,278,2,1e-06,4.99e-07
283642,6343727,27,159,1,1e-06,4.99e-07
283642,6344727,46,255,1,1e-06,4.99e-07
283642,6346727,55,238,1,1e-06,4.99e-07
283642,6376727,40,325,1,1e-06,0.0
283642,6418727,69,320,1,1e-06,0.0
283642,6474727,31,115,1,1e-06,0.0
283642,6476727,23,95,2,1e-06,4.99e-07
283642,6477727,42,158,9,1e-06,0.0
283642,6478727,72,133,3,1e-06,0.0
283642,6479727,88,180,1,1e-06,0.0
284642,6229727,44,320,1,1e-06,0.0
284642,6235727,25,70,7,1e-06,4.99e-07
284642,6237727,23,49,5,1e-06,0.0
284642,6238727,11,293,1,1e-06,4.99e-07
284642,6239727,12,336,3,1e-06,4.99e-07
284642,6240727,12,8,2,1e-06,0.0
284642,6241727,11,13,5,1e-06,0.0
284642,6242727,9,333,7,1e-06,0.0
284642,6243727,19,334,7,1e-06,4.99e-07
284642,6244727,15,4,9,1e-06,4.99e-07
284642,6245727,10,38,6,1e-06,0.0
284642,6246727,18,31,6,1e-06,0.0
284642,6247727,10,35,2,1e-06,0.0
284642,6250727,23,56,5,1e-06,0.0
284642,6251727,28,13,2,1e-06,0.0
284642,6255727,21,80,3,1e-06,4.99e-07
284642,6261727,17,63,1,1e-06,0.0
284642,6263727,21,246,3,1e-06,4.99e-07
284642,6265727,13,212,1,1e-06,0.0
284642,6266727,16,222,1,1e-06,0.0
284642,6267727,29,243,7,1e-06,4.99e-07
284642,6269727,53,267,4,1e-06,4.99e-07
284642,6270727,54,270,1,inf,0.0
284642,6271727,40,268,2,1e-06,4.99e-07
284642,6272727,34,253,7,1e-06,4.99e-07
284642,6273727,28,268,2,1e-06,0.0
284642,6274727,57,255,2,1e-06,0.0
284642,6275727,46,265,3,1e-06,4.99e-07
284642,6276727,45,258,5,1e-06,0.0
284642,6277727,48,256,16,1e-06,4.99e-07
284642,6278727,52,270,6,1e-06,4.99e-07
284642,6279727,56,267,14,1e-06,4.99e-07
284642,6280727,54,282,2,1e-06,0.0
284642,6281727,45,295,10,1e-06,4.99e-07
284642,6282727,57,265,30,1e-06,4.99e-07
284642,6283727,62,268,15,1e-06,4.99e-07
284642,6284727,76,277,8,1e-06,4.99e-07
284642,6285727,70,277,6,1e-06,0.0
284642,6286727,71,286,5,1e-06,0.0
284642,6287727,75,288,15,1e-06,0.0
284642,6288727,86,283,1,1e-06,4.99e-07
284642,6289727,65,289,8,1e-06,0.0
284642,6290727,68,281,8,1e-06,0.0
284642,6291727,63,270,2,1e-06,4.99e-07
284642,6297727,45,273,4,1e-06,4.99e-07
284642,6298727,44,266,3,1e-06,4.99e-07
284642,6299727,46,268,2,1e-06,0.0
284642,6302727,36,269,2,1e-06,4.99e-07
284642,6303727,38,268,1,1e-06,4.99e-07
284642,6304727,39,241,3,1e-06,0.0
284642,6310727,67,283,1,1e-06,4.99e-07
284642,6311727,62,275,2,1e-06,4.99e-07
284642,6316727,31,258,4,1e-06,4.99e-07
284642,6321727,39,243,1,1e-06,4.99e-07
284642,6322727,17,238,1,1e-06,0.0
284642,6325727,29,248,1,1e-06,4.99e-07
284642,6326727,14,233,1,1e-06,0.0
284642,6327727,19,259,2,1e-06,0.0
284642,6328727,44,262,1,1e-06,4.99e-07
284642,6330727,14,298,1,1e-06,4.99e-07
284642,6331727,16,300,1,1e-06,4.99e-07
284642,6333727,12,295,2,1e-06,4.99e-07
284642,6337727,14,8,1,1e-06,4.99e-07
284642,6338727,7,11,1,1e-06,4.99e-07
284642,6339727,39,63,3,1e-06,4.99e-07
284642,6340727,38,73,2,1e-06,4.99e-07
284642,6341727,39,258,1,1e-06,4.99e-07
284642,6346727,40,250,2,1e-06,0.0
284642,6347727,26,257,2,1e-06,4.99e-07
284642,6424727,65,125,1,1e-06,4.99e-07
284642,6456727,90,0,1,1e-06,0.0
284642,6477727,41,153,5,1e-06,0.0
284642,6478727,37,154,2,1e-06,0.0
285642,6234727,16,297,3,1e-06,0.0
285642,6235727,16,319,3,1e-06,0.0
285642,6236727,15,315,4,1e-06,0.0
285642,6238727,22,317,7,1e-06,4.99e-07
285642,6239727,13,308,5,1e-06,4.99e-07
285642,6241727,15,22,3,1e-06,0.0
285642,6242727,23,309,11,1e-06,4.99e-07
285642,6243727,17,314,10,1e-06,4.99e-07
285642,6244727,14,302,6,1e-06,0.0
285642,6245727,18,289,12,1e-06,0.0
285642,6246727,24,292,6,1e-06,4.99e-07
285642,6247727,15,288,2,1e-06,0.0
285642,6255727,3,38,4,1e-06,0.0
285642,6256727,3,62,2,1e-06,4.99e-07
285642,6262727,16,263,1,1e-06,4.99e-07
285642,6266727,32,244,4,1e-06,4.99e-07
285642,6267727,35,251,11,1e-06,0.0
285642,6268727,32,252,1,1e-06,4.99e-07
285642,6269727,57,258,3,1e-06,0.0
285642,6270727,40,254,6,1e-06,0.0
285642,6271727,40,257,8,1e-06,0.0
285642,6272727,38,262,1,1e-06,4.99e-07
285642,6273727,39,254,12,1e-06,4.99e-07
285642,6274727,42,262,7,1e-06,4.99e-07
285642,6275727,41,253,14,1e-06,4.99e-07
285642,6276727,43,256,5,1e-06,0.0
285642,6277727,48,246,17,1e-06,4.99e-07
285642,6278727,59,242,24,1e-06,0.0
285642,6279727,55,239,8,1e-06,0.0
285642,6280727,80,290,1,1e-06,4.99e-07
285642,6281727,76,276,4,1e-06,0.0
285642,6282727,48,230,4,1e-06,0.0
285642,6283727,63,276,9,1e-06,4.99e-07
285642,6284727,77,280,1,1e-06,4.99e-07
285642,6285727,62,75,1,1e-06,0.0
285642,6286727,64,296,14,1e-06,0.0
285642,6287727,75,291,7,1e-06,0.0
285642,6288727,76,286,17,1e-06,0.0
285642,6289727,74,283,5,1e-06,0.0
285642,6290727,75,288,5,1e-06,0.0
285642,6297727,54,268,1,1e-06,4.99e-07
285642,6302727,49,278,1,1e-06,4.99e-07
285642,6303727,41,270,3,1e-06,0.0
285642,6305727,34,264,1,1e-06,4.99e-07
285642,6306727,54,268,1,1e-06,4.99e-07
285642,6307727,44,262,2,1e-06,0.0
285642,6308727,49,267,1,1e-06,4.99e-07
285642,6312727,41,268,4,1e-06,0.0
285642,6316727,74,280,1,1e-06,4.99e-07
285642,6318727,50,289,1,1e-06,4.99e-07
285642,6319727,41,283,1,1e-06,4.99e-07
285642,6322727,49,276,1,1e-06,4.99e-07
285642,6328727,20,261,3,1e-06,0.0
285642,6329727,39,269,1,1e-06,4.99e-07
285642,6330727,8,300,1,1e-06,4.99e-07
285642,6332727,32,54,2,1e-06,0.0
285642,6334727,17,326,1,1e-06,0.0
285642,6335727,25,56,2,1e-06,0.0
285642,6336727,4,178,6,1e-06,4.99e-07
285642,6337727,17,31,2,1e-06,0.0
285642,6338727,55,85,2,1e-06,4.99e-07
285642,6342727,70,62,2,1e-06,0.0
285642,6343727,54,68,1,1e-06,0.0
285642,6344727,39,68,1,1e-06,0.0
285642,6345727,28,187,3,1e-06,0.0
285642,6348727,20,294,2,1e-06,4.99e-07
285642,6419727,44,320,1,1e-06,0.0
285642,6438727,54,295,1,1e-06,4.99e-07
285642,6444727,54,285,1,1e-06,4.99e-07
285642,6453727,90,0,1,1e-06,0.0
285642,6478727,47,184,4,1e-06,4.99e-07
286642,6234727,32,298,6,1e-06,0.0
286642,6235727,33,283,4,1e-06,0.0
286642,6236727,31,294,2,1e-06,0.0
286642,6237727,31,290,7,1e-06,4.99e-07
286642,6238727,31,289,8,1e-06,4.99e-07
286642,6239727,28,297,14,1e-06,0.0
286642,6242727,28,297,4,1e-06,0.0
286642,6243727,18,290,9,1e-06,0.0
286642,6244727,18,288,5,1e-06,0.0
286642,6245727,21,270,12,1e-06,4.99e-07
286642,6246727,24,286,5,1e-06,0.0
286642,6247727,14,336,1,1e-06,0.0
286642,6250727,17,283,3,1e-06,0.0
286642,6260727,23,257,6,1e-06,4.99e-07
286642,6263727,36,244,4,1e-06,0.0
286642,6264727,31,242,12,1e-06,4.99e-07
286642,6265727,58,248,5,1e-06,0.0
286642,6266727,46,234,3,1e-06,4.99e-07
286642,6268727,39,248,5,1e-06,0.0
286642,6269727,27,246,12,1e-06,4.99e-07
286642,6270727,44,261,7,1e-06,4.99e-07
286642,6271727,36,264,3,1e-06,0.0
286642,6272727,42,211,2,1e-06,4.99e-07
286642,6273727,24,233,2,1e-06,4.99e-07
286642,6274727,29,250,8,1e-06,0.0
286642,6275727,50,250,5,1e-06,4.99e-07
286642,6276727,46,255,12,1e-06,4.99e-07
286642,6277727,64,217,1,1e-06,0.0
286642,6279727,45,214,10,1e-06,4.99e-07
286642,6281727,61,242,4,1e-06,4.99e-07
286642,6282727,59,221,7,1e-06,4.99e-07
286642,6283727,49,290,10,1e-06,0.0
286642,6285727,65,298,1,1e-06,4.99e-07
286642,6287727,66,296,2,1e-06,0.0
286642,6288727,71,301,10,1e-06,0.0
286642,6289727,70,285,8,1e-06,0.0
286642,6290727,63,283,10,1e-06,0.0
286642,6294727,65,273,1,1e-06,4.99e-07
286642,6295727,61,258,1,1e-06,4.99e-07
286642,6297727,57,280,3,1e-06,4.99e-07
286642,6300727,38,271,1,1e-06,4.99e-07
286642,6306727,53,262,2,1e-06,0.0
286642,6308727,38,256,2,1e-06,0.0
286642,6311727,35,248,1,1e-06,4.99e-07
286642,6312727,54,268,1,1e-06,4.99e-07
286642,6316727,44,274,2,1e-06,4.99e-07
286642,6317727,65,268,1,1e-06,4.99e-07
286642,6318727,58,280,5,1e-06,4.99e-07
286642,6321727,54,273,3,1e-06,4.99e-07
286642,6323727,41,263,1,1e-06,4.99e-07
286642,6324727,41,262,1,1e-06,4.99e-07
286642,6326727,45,265,5,1e-06,4.99e-07
286642,6327727,43,287,2,1e-06,0.0
286642,6328727,37,288,2,1e-06,0.0
286642,6329727,30,315,4,1e-06,4.99e-07
286642,6331727,24,339,4,1e-06,4.99e-07
286642,6332727,15,36,2,1e-06,0.0
286642,6333727,17,43,4,1e-06,0.0
286642,6334727,24,82,2,1e-06,4.99e-07
286642,6335727,65,118,1,1e-06,4.99e-07
286642,6336727,27,6,2,1e-06,0.0
286642,6337727,55,78,1,1e-06,0.0
286642,6340727,75,308,1,1e-06,4.99e-07
286642,6341727,25,31,2,1e-06,0.0
286642,6342727,35,188,1,1e-06,0.0
286642,6343727,35,226,12,1e-06,4.99e-07
286642,6344727,73,135,2,1e-06,0.0
286642,6345727,52,165,2,1e-06,0.0
286642,6346727,37,54,2,1e-06,0.0
286642,6418727,55,95,1,1e-06,0.0
287642,6234727,38,270,3,1e-06,4.99e-07
287642,6235727,16,286,8,1e-06,4.99e-07
287642,6237727,41,280,3,1e-06,4.99e-07
287642,6238727,30,282,5,1e-06,4.99e-07
287642,6243727,23,292,16,1e-06,4.99e-07
287642,6244727,24,267,3,1e-06,4.99e-07
287642,6245727,18,278,16,1e-06,0.0
287642,6246727,27,276,9,1e-06,4.99e-07
287642,6247727,19,300,4,1e-06,0.0
287642,6248727,25,278,3,1e-06,4.99e-07
287642,6250727,21,282,6,1e-06,4.99e-07
287642,6251727,49,253,2,1e-06,0.0
287642,6254727,29,284,1,1e-06,4.99e-07
287642,6255727,26,297,3,1e-06,0.0
287642,6259727,16,288,1,1e-06,4.99e-07
287642,6260727,42,256,10,1e-06,4.99e-07
287642,6264727,39,251,2,1e-06,0.0
287642,6265727,56,253,6,1e-06,0.0
287642,6266727,54,264,7,1e-06,4.99e-07
287642,6267727,36,247,4,1e-06,0.0
287642,6268727,36,245,3,1e-06,0.0
287642,6269727,40,253,7,1e-06,4.99e-07
287642,6270727,30,260,4,1e-06,0.0
287642,6271727,43,232,3,1e-06,4.99e-07
287642,6272727,38,240,3,1e-06,0.0
287642,6274727,32,260,2,1e-06,0.0
287642,6275727,70,268,1,1e-06,4.99e-07
287642,6276727,48,255,11,1e-06,4.99e-07
287642,6277727,38,238,1,1e-06,4.99e-07
287642,6278727,50,251,4,1e-06,0.0
287642,6279727,39,177,4,1e-06,4.99e-07
287642,6280727,84,291,1,1e-06,4.99e-07
287642,6281727,30,240,5,1e-06,0.0
287642,6282727,51,230,13,1e-06,4.99e-07
287642,6283727,53,229,12,1e-06,0.0
287642,6284727,57,248,6,1e-06,0.0
287642,6285727,68,271,1,1e-06,4.99e-07
287642,6286727,70,287,2,1e-06,0.0
287642,6288727,74,315,2,1e-06,4.99e-07
287642,6289727,85,306,1,1e-06,4.99e-07
287642,6290727,66,265,6,1e-06,0.0
287642,6293727,65,282,2,1e-06,0.0
287642,6294727,67,279,3,1e-06,0.0
287642,6297727,53,286,3,1e-06,0.0
287642,6299727,58,272,2,1e-06,0.0
287642,6306727,52,270,1,inf,0.0
287642,6308727,42,262,3,1e-06,0.0
287642,6311727,39,270,1,inf,0.0
287642,6315727,90,90,1,inf,0.0
287642,6317727,50,281,3,1e-06,0.0
287642,6318727,46,273,1,1e-06,4.99e-07
287642,6321727,54,280,3,1e-06,0.0
287642,6324727,55,270,2,1e-06,0.0
287642,6325727,45,272,2,1e-06,4.99e-07
287642,6326727,38,268,1,1e-06,4.99e-07
287642,6327727,57,274,2,1e-06,4.99e-07
287642,6328727,45,285,4,1e-06,4.99e-07
287642,6329727,23,29,10,1e-06,0.0
287642,6330727,10,355,4,1e-06,4.99e-07
287642,6331727,19,266,3,1e-06,4.99e-07
287642,6332727,33,93,3,1e-06,4.99e-07
287642,6334727,40,101,2,1e-06,4.99e-07
287642,6335727,60,200,3,1e-06,4.99e-07
287642,6337727,80,23,1,1e-06,0.0
287642,6338727,47,13,3,1e-06,0.0
287642,6340727,28,278,1,1e-06,4.99e-07
287642,6341727,25,108,1,1e-06,0.0
287642,6343727,49,263,3,1e-06,0.0
287642,6344727,19,217,1,1e-06,0.0
287642,6345727,44,143,4,1e-06,0.0
287642,6346727,58,188,2,1e-06,0.0
287642,6349727,39,300,1,1e-06,4.99e-07
287642,6368727,55,105,1,1e-06,0.0
287642,6381727,34,329,1,1e-06,0.0
287642,6436727,75,275,1,1e-06,4.99e-07
287642,6450727,29,275,1,1e-06,4.99e-07
288642,6232727,19,305,1,1e-06,0.0
288642,6234727,42,282,2,1e-06,0.0
288642,6235727,40,284,4,1e-06,0.0
288642,6236727,44,277,5,1e-06,0.0
288642,6237727,37,287,5,1e-06,0.0
288642,6238727,28,291,3,1e-06,0.0
288642,6239727,37,298,4,1e-06,0.0
288642,6240727,51,303,2,1e-06,0.0
288642,6241727,30,26,5,1e-06,0.0
288642,6242727,76,282,1,1e-06,4.99e-07
288642,6243727,39,296,1,1e-06,4.99e-07
288642,6244727,22,275,5,1e-06,0.0
288642,6245727,22,282,7,1e-06,4.99e-07
288642,6249727,23,314,3,1e-06,4.99e-07
288642,6250727,15,270,3,1e-06,4.99e-07
288642,6252727,20,283,1,1e-06,4.99e-07
288642,6258727,34,266,4,1e-06,0.0
288642,6259727,37,261,8,1e-06,0.0
288642,6260727,39,267,12,1e-06,4.99e-07
288642,6264727,45,261,3,1e-06,4.99e-07
288642,6265727,43,257,9,1e-06,0.0
288642,6267727,45,212,2,1e-06,4.99e-07
288642,6268727,46,255,8,1e-06,0.0
288642,6269727,43,253,2,1e-06,0.0
288642,6270727,44,267,8,1e-06,4.99e-07
288642,6271727,40,259,2,1e-06,0.0
288642,6272727,59,261,3,1e-06,4.99e-07
288642,6273727,58,256,8,1e-06,0.0
288642,6277727,61,266,7,1e-06,4.99e-07
288642,6278727,50,272,7,1e-06,4.99e-07
288642,6279727,52,282,4,1e-06,0.0
288642,6280727,34,228,4,1e-06,4.99e-07
288642,6281727,51,290,14,1e-06,0.0
288642,6282727,64,265,2,1e-06,0.0
288642,6283727,58,242,4,1e-06,4.99e-07
288642,6284727,50,262,5,1e-06,4.99e-07
288642,6285727,58,276,2,1e-06,0.0
288642,6286727,55,286,17,1e-06,0.0
288642,6287727,56,324,8,1e-06,4.99e-07
288642,6288727,56,318,6,1e-06,4.99e-07
288642,6289727,71,313,9,1e-06,4.99e-07
288642,6290727,69,278,20,1e-06,0.0
288642,6293727,71,276,4,1e-06,0.0
288642,6295727,67,284,1,1e-06,4.99e-07
288642,6296727,64,282,3,1e-06,0.0
288642,6299727,52,283,3,1e-06,0.0
288642,6305727,27,237,5,1e-06,4.99e-07
288642,6306727,25,210,3,1e-06,4.99e-07
288642,6309727,48,247,2,1e-06,0.0
288642,6310727,22,264,1,1e-06,4.99e-07
288642,6311727,58,258,1,1e-06,4.99e-07
288642,6312727,66,262,1,1e-06,4.99e-07
288642,6315727,58,276,2,1e-06,0.0
288642,6318727,58,267,2,1e-06,4.99e-07
288642,6320727,52,261,3,1e-06,0.0
288642,6321727,32,292,3,1e-06,0.0
288642,6326727,61,257,2,1e-06,0.0
288642,6327727,48,187,4,1e-06,4.99e-07
288642,6328727,30,240,5,1e-06,4.99e-07
288642,6329727,10,313,13,1e-06,0.0
288642,6330727,9,196,6,1e-06,0.0
288642,6331727,77,111,4,1e-06,0.0
288642,6333727,24,149,2,1e-06,0.0
288642,6343727,65,279,3,1e-06,0.0
288642,6344727,41,93,1,1e-06,0.0
288642,6346727,28,174,2,1e-06,4.99e-07
288642,6368727,39,125,1,1e-06,4.99e-07
288642,6379727,69,340,1,1e-06,0.0
288642,6380727,65,330,1,1e-06,0.0
288642,6436727,39,230,1,1e-06,0.0
288642,6453727,39,285,1,1e-06,4.99e-07
288642,6456727,25,270,1,inf,0.0
288642,6464727,39,145,1,1e-06,4.99e-07
289642,6236727,42,285,3,1e-06,0.0
289642,6237727,12,291,4,1e-06,0.0
289642,6238727,30,273,12,1e-06,0.0
289642,6239727,39,279,6,1e-06,0.0
289642,6241727,37,286,1,1e-06,4.99e-07
289642,6242727,52,264,3,1e-06,4.99e-07
289642,6244727,50,283,7,1e-06,0.0
289642,6245727,46,285,9,1e-06,4.99e-07
289642,6248727,35,276,2,1e-06,4.99e-07
289642,6252727,22,271,2,1e-06,0.0
289642,6255727,36,276,8,1e-06,4.99e-07
289642,6257727,36,269,3,1e-06,4.99e-07
289642,6258727,40,265,12,1e-06,4.99e-07
289642,6259727,40,265,17,1e-06,4.99e-07
289642,6260727,38,263,12,1e-06,4.99e-07
289642,6263727,42,254,13,1e-06,0.0
289642,6265727,53,253,9,1e-06,0.0
289642,6266727,52,266,1,1e-06,4.99e-07
289642,6267727,55,258,1,1e-06,4.99e-07
289642,6269727,51,264,2,1e-06,4.99e-07
289642,6270727,55,262,12,1e-06,4.99e-07
289642,6272727,55,259,8,1e-06,4.99e-07
289642,6273727,58,260,7,1e-06,0.0
289642,6276727,57,289,5,1e-06,4.99e-07
289642,6277727,67,290,4,1e-06,0.0
289642,6281727,50,217,5,1e-06,4.99e-07
289642,6282727,65,231,9,1e-06,0.0
289642,6283727,56,232,4,1e-06,0.0
289642,6284727,26,268,4,1e-06,0.0
289642,6285727,44,263,6,1e-06,0.0
289642,6288727,57,295,12,1e-06,0.0
289642,6289727,60,313,15,1e-06,4.99e-07
289642,6290727,49,263,16,1e-06,4.99e-07
289642,6292727,52,266,2,1e-06,4.99e-07
289642,6293727,51,282,2,1e-06,4.99e-07
289642,6295727,54,274,7,1e-06,4.99e-07
289642,6296727,69,283,1,1e-06,4.99e-07
289642,6297727,64,275,5,1e-06,0.0
289642,6299727,72,290,1,1e-06,4.99e-07
289642,6305727,19,192,2,1e-06,4.99e-07
289642,6306727,22,152,4,1e-06,0.0
289642,6307727,47,123,2,1e-06,0.0
289642,6309727,28,227,6,1e-06,4.99e-07
289642,6310727,56,127,3,1e-06,0.0
289642,6312727,90,115,1,1e-06,4.99e-07
289642,6313727,35,234,2,1e-06,4.99e-07
289642,6315727,46,278,1,1e-06,4.99e-07
289642,6316727,38,263,5,1e-06,4.99e-07
289642,6318727,28,233,9,1e-06,4.99e-07
289642,6319727,27,248,1,1e-06,4.99e-07
289642,6320727,45,257,3,1e-06,0.0
289642,6321727,16,218,4,1e-06,4.99e-07
289642,6322727,19,48,3,1e-06,0.0
289642,6324727,25,239,4,1e-06,4.99e-07
289642,6326727,47,257,2,1e-06,4.99e-07
289642,6342727,80,288,1,1e-06,4.99e-07
289642,6343727,60,276,1,1e-06,4.99e-07
289642,6345727,52,238,3,1e-06,4.99e-07
289642,6346727,57,203,2,1e-06,4.99e-07
289642,6348727,39,315,1,1e-06,0.0
289642,6387727,29,295,1,1e-06,4.99e-07
289642,6444727,69,290,1,1e-06,4.99e-07
290642,6235727,54,280,4,1e-06,0.0
290642,6238727,21,271,2,1e-06,0.0
290642,6240727,44,286,2,1e-06,4.99e-07
290642,6242727,55,281,4,1e-06,0.0
290642,6243727,49,277,15,1e-06,4.99e-07
290642,6244727,72,279,12,1e-06,0.0
290642,6245727,59,284,6,1e-06,0.0
290642,6247727,45,280,3,1e-06,0.0
290642,6248727,54,285,4,1e-06,4.99e-07
290642,6249727,60,288,1,1e-06,4.99e-07
290642,6252727,44,278,4,1e-06,4.99e-07
290642,6255727,29,277,7,1e-06,4.99e-07
290642,6256727,70,266,5,1e-06,4.99e-07
290642,6258727,54,264,8,1e-06,4.99e-07
290642,6259727,51,258,2,1e-06,0.0
290642,6260727,40,265,1,1e-06,4.99e-07
290642,6261727,70,267,3,1e-06,4.99e-07
290642,6263727,61,250,17,1e-06,0.0
290642,6264727,75,244,4,1e-06,0.0
290642,6265727,67,256,6,1e-06,0.0
290642,6266727,57,260,1,1e-06,4.99e-07
290642,6267727,60,266,1,1e-06,4.99e-07
290642,6268727,64,270,1,inf,0.0
290642,6277727,53,26,2,1e-06,0.0
290642,6278727,72,269,1,1e-06,4.99e-07
290642,6279727,32,310,4,1e-06,4.99e-07
290642,6280727,54,288,1,1e-06,4.99e-07
290642,6282727,74,266,2,1e-06,4.99e-07
290642,6283727,61,276,11,1e-06,0.0
290642,6284727,54,259,8,1e-06,4.99e-07
290642,6285727,52,230,3,1e-06,4.99e-07
290642,6293727,67,279,3,1e-06,0.0
290642,6294727,67,279,2,1e-06,0.0
290642,6295727,37,251,3,1e-06,0.0
290642,6297727,51,279,5,1e-06,0.0
290642,6298727,78,290,1,1e-06,4.99e-07
290642,6299727,70,278,7,1e-06,0.0
290642,6302727,57,299,2,1e-06,4.99e-07
290642,6303727,49,321,7,1e-06,4.99e-07
290642,6304727,40,326,2,1e-06,4.99e-07
290642,6305727,45,287,4,1e-06,4.99e-07
290642,6312727,69,282,5,1e-06,0.0
290642,6316727,85,285,1,1e-06,4.99e-07
290642,6318727,83,284,2,1e-06,0.0
290642,6320727,35,269,1,1e-06,4.99e-07
290642,6321727,38,192,1,1e-06,0.0
290642,6325727,37,188,1,1e-06,0.0
290642,6327727,29,178,3,1e-06,0.0
290642,6335727,35,185,2,1e-06,4.99e-07
290642,6338727,19,320,2,1e-06,4.99e-07
290642,6339727,26,319,7,1e-06,4.99e-07
290642,6340727,30,298,1,1e-06,4.99e-07
290642,6342727,77,280,1,1e-06,4.99e-07
290642,6343727,57,278,2,1e-06,0.0
290642,6344727,51,284,2,1e-06,4.99e-07
290642,6345727,61,263,1,1e-06,4.99e-07
290642,6351727,65,300,1,1e-06,4.99e-07
290642,6352727,55,280,1,1e-06,4.99e-07
290642,6355727,14,290,1,1e-06,4.99e-07
290642,6394727,0,0,1,inf,0.0
291642,6231727,29,65,1,1e-06,0.0
291642,6238727,35,282,1,1e-06,4.99e-07
291642,6239727,31,271,1,1e-06,4.99e-07
291642,6240727,43,272,1,1e-06,4.99e-07
291642,6242727,63,269,5,1e-06,4.99e-07
291642,6243727,74,290,3,1e-06,0.0
291642,6244727,49,284,7,1e-06,0.0
291642,6245727,61,280,19,1e-06,0.0
291642,6246727,69,282,12,1e-06,0.0
291642,6249727,49,278,1,1e-06,4.99e-07
291642,6252727,69,274,8,1e-06,4.99e-07
291642,6253727,71,264,7,1e-06,0.0
291642,6255727,65,268,1,1e-06,4.99e-07
291642,6256727,75,269,8,1e-06,0.0
291642,6257727,71,252,2,1e-06,0.0
291642,6258727,72,268,17,1e-06,0.0
291642,6259727,59,268,2,1e-06,0.0
291642,6260727,52,252,1,1e-06,4.99e-07
291642,6261727,62,266,4,1e-06,0.0
291642,6263727,72,242,6,1e-06,0.0
291642,6275727,65,254,7,1e-06,0.0
291642,6277727,79,270,2,1e-06,0.0
291642,6278727,46,153,4,1e-06,0.0
291642,6279727,77,166,4,1e-06,4.99e-07
291642,6281727,14,37,2,15.179557690125131,7.044854042369832
291642,6288727,86,260,1,1e-06,4.99e-07
291642,6295727,64,271,1,1e-06,4.99e-07
291642,6297727,73,283,1,1e-06,4.99e-07
291642,6299727,66,297,4,1e-06,0.0
291642,6301727,70,308,3,1e-06,4.99e-07
291642,6302727,53,330,3,1e-06,0.0
291642,6303727,65,322,3,1e-06,4.99e-07
291642,6304727,54,309,1,1e-06,0.0
291642,6305727,49,321,1,1e-06,0.0
291642,6308727,24,18,1,1e-06,4.99e-07
291642,6309727,78,92,1,1e-06,0.0
291642,6310727,82,284,1,1e-06,4.99e-07
291642,6311727,84,295,1,1e-06,4.99e-07
291642,6316727,72,288,3,1e-06,0.0
291642,6319727,70,281,2,1e-06,4.99e-07
291642,6324727,80,263,1,1e-06,4.99e-07
291642,6326727,57,257,2,1e-06,0.0
291642,6327727,46,257,2,1e-06,0.0
291642,6330727,41,245,1,1e-06,4.99e-07
291642,6331727,43,260,3,1e-06,0.0
291642,6332727,34,265,8,1e-06,4.99e-07
291642,6334727,36,294,5,1e-06,4.99e-07
291642,6335727,83,275,2,1e-06,0.0
291642,6337727,75,93,1,1e-06,0.0
291642,6338727,19,17,4,1e-06,0.0
291642,6339727,23,52,7,1e-06,0.0
291642,6340727,38,51,2,1e-06,0.0
291642,6341727,28,352,3,1e-06,4.99e-07
291642,6343727,41,289,1,1e-06,4.99e-07
291642,6381727,0,0,1,inf,0.0
291642,6404727,49,265,1,1e-06,4.99e-07
291642,6405727,44,265,1,1e-06,4.99e-07
291642,6426727,15,325,2,1.789730338142755,0.8948651680713775
291642,6430727,39,320,1,1e-06,0.0
291642,6441727,25,250,1,1e-06,4.99e-07
291642,6444727,65,270,1,inf,0.0
291642,6456727,0,0,1,inf,0.0
291642,6459727,49,290,1,1e-06,4.99e-07
292642,6233727,19,180,1,1e-06,0.0
292642,6235727,35,263,5,1e-06,4.99e-07
292642,6236727,47,274,5,1e-06,4.99e-07
292642,6237727,56,140,2,1e-06,0.0
292642,6238727,50,257,2,1e-06,4.99e-07
292642,6239727,53,256,14,1e-06,0.0
292642,6240727,66,241,6,1e-06,0.0
292642,6241727,89,79,1,1e-06,4.99e-07
292642,6242727,3,142,2,1e-06,0.0
292642,6243727,73,265,1,1e-06,4.99e-07
292642,6244727,33,271,13,1e-06,4.99e-07
292642,6245727,40,253,5,1e-06,4.99e-07
292642,6246727,24,310,10,1e-06,4.99e-07
292642,6247727,83,312,1,1e-06,4.99e-07
292642,6250727,77,269,6,1e-06,4.99e-07
292642,6255727,77,256,6,1e-06,0.0
292642,6259727,73,273,2,1e-06,0.0
292642,6264727,53,75,3,1e-06,4.99e-07
292642,6265727,64,258,9,1e-06,4.99e-07
292642,6266727,60,268,1,1e-06,4.99e-07
292642,6272727,68,258,1,1e-06,4.99e-07
292642,6275727,25,147,4,4.7807030591435815,1.7978364607135395
292642,6276727,86,262,1,1e-06,4.99e-07
292642,6278727,73,296,2,1e-06,0.0
292642,6279727,47,189,5,1e-06,4.99e-07
292642,6281727,89,83,1,1e-06,4.99e-07
292642,6285727,81,80,2,1e-06,4.99e-07
292642,6286727,78,80,2,1e-06,4.99e-07
292642,6287727,64,49,3,1.2051912636321314,0.6025956308160657
292642,6288727,74,66,4,1e-06,0.0
292642,6289727,63,270,6,1e-06,4.99e-07
292642,6290727,73,275,16,1e-06,0.0
292642,6292727,70,274,2,1e-06,0.0
292642,6299727,74,291,1,1e-06,4.99e-07
292642,6301727,56,312,2,1e-06,4.99e-07
292642,6304727,82,294,1,1e-06,4.99e-07
292642,6305727,46,318,1,1e-06,0.0
292642,6307727,43,320,4,1e-06,4.99e-07
292642,6308727,31,6,1,1e-06,4.99e-07
292642,6316727,80,277,1,1e-06,4.99e-07
292642,6320727,67,278,2,1e-06,0.0
292642,6324727,70,268,1,1e-06,4.99e-07
292642,6326727,65,272,1,1e-06,4.99e-07
292642,6330727,51,243,2,1e-06,0.0
292642,6332727,70,268,1,1e-06,4.99e-07
292642,6335727,61,282,1,1e-06,4.99e-07
292642,6336727,77,85,2,1e-06,4.99e-07
292642,6337727,37,90,3,8.669147105520985,0.0
292642,6338727,35,72,1,1e-06,0.0
292642,6340727,60,88,1,1e-06,0.0
292642,6342727,36,64,2,1e-06,4.99e-07
292642,6343727,28,281,3,1e-06,4.99e-07
292642,6352727,49,315,1,1e-06,0.0
292642,6354727,44,295,1,1e-06,4.99e-07
292642,6355727,49,280,1,1e-06,4.99e-07
292642,6374727,19,190,1,1e-06,0.0
292642,6378727,5,355,1,1e-06,0.0
292642,6391727,70,275,1,1e-06,4.99e-07
292642,6431727,75,150,1,1e-06,4.99e-07
292642,6437727,80,155,1,1e-06,0.0
292642,6439727,49,165,1,1e-06,4.99e-07
292642,6452727,59,285,1,1e-06,4.99e-07
292642,6465727,29,355,1,1e-06,0.0
293642,6236727,68,106,4,1e-06,4.99e-07
293642,6237727,31,100,9,1e-06,4.99e-07
293642,6239727,27,270,5,1e-06,4.99e-07
293642,6240727,41,86,8,1e-06,4.99e-07
293642,6241727,34,254,7,1e-06,4.99e-07
293642,6242727,75,92,4,1e-06,0.0
293642,6243727,68,272,1,1e-06,4.99e-07
293642,6244727,50,276,11,1e-06,4.99e-07
293642,6245727,56,269,3,1e-06,4.99e-07
293642,6262727,80,274,5,1e-06,0.0
293642,6263727,71,111,2,1e-06,0.0
293642,6264727,67,291,2,1e-06,0.0
293642,6265727,2,151,6,1e-06,0.0
293642,6266727,76,257,3,1e-06,0.0
293642,6269727,40,135,1,1e-06,4.99e-07
293642,6270727,67,88,2,1e-06,4.99e-07
293642,6271727,29,108,13,1e-06,4.99e-07
293642,6272727,77,264,2,1e-06,0.0
293642,6273727,63,252,3,11.629788793300193,0.0
293642,6274727,76,250,4,1e-06,0.0
293642,6275727,85,89,2,1e-06,4.99e-07
293642,6276727,86,83,1,1e-06,4.99e-07
293642,6277727,78,274,1,1e-06,4.99e-07
293642,6279727,62,267,5,1e-06,4.99e-07
293642,6280727,84,87,2,1e-06,4.99e-07
293642,6281727,81,78,4,1e-06,0.0
293642,6282727,62,271,16,1e-06,4.99e-07
293642,6283727,66,282,5,1e-06,4.99e-07
293642,6284727,75,87,6,1e-06,4.99e-07
293642,6285727,69,71,9,1e-06,4.99e-07
293642,6286727,60,258,3,1e-06,4.99e-07
293642,6287727,84,75,3,1e-06,0.0
293642,6289727,74,265,16,1e-06,0.0
293642,6290727,88,278,1,1e-06,4.99e-07
293642,6292727,75,278,1,1e-06,4.99e-07
293642,6293727,61,275,1,1e-06,4.99e-07
293642,6294727,75,277,1,1e-06,4.99e-07
293642,6295727,68,288,1,1e-06,4.99e-07
293642,6296727,70,288,1,1e-06,4.99e-07
293642,6300727,75,123,1,1e-06,4.99e-07
293642,6304727,59,305,2,1e-06,4.99e-07
293642,6306727,63,299,3,1e-06,0.0
293642,6315727,82,90,2,1e-06,4.99e-07
293642,6316727,78,279,1,1e-06,4.99e-07
293642,6319727,68,297,4,1e-06,0.0
293642,6322727,70,273,1,1e-06,4.99e-07
293642,6323727,72,276,1,1e-06,4.99e-07
293642,6325727,74,278,1,1e-06,4.99e-07
293642,6327727,64,284,3,1e-06,4.99e-07
293642,6331727,66,276,3,1e-06,0.0
293642,6332727,54,278,1,1e-06,4.99e-07
293642,6335727,52,289,1,1e-06,4.99e-07
293642,6336727,71,290,1,1e-06,4.99e-07
293642,6337727,82,275,2,1e-06,0.0
293642,6338727,83,99,1,1e-06,0.0
293642,6340727,90,78,1,1e-06,4.99e-07
293642,6341727,65,271,1,1e-06,4.99e-07
293642,6346727,40,87,1,1e-06,0.0
293642,6365727,19,270,1,inf,0.0
293642,6373727,25,190,1,1e-06,0.0
293642,6391727,80,275,1,1e-06,4.99e-07
293642,6411727,54,285,1,1e-06,4.99e-07
293642,6419727,80,290,1,1e-06,4.99e-07
293642,6426727,49,120,1,1e-06,4.99e-07
293642,6429727,44,295,1,1e-06,4.99e-07
293642,6430727,10,334,2,1e-06,0.0
293642,6435727,80,155,1,1e-06,0.0
293642,6448727,44,275,1,1e-06,4.99e-07
294642,6236727,26,92,4,1e-06,4.99e-07
294642,6238727,21,190,9,1e-06,4.99e-07
294642,6239727,48,169,3,1e-06,4.99e-07
294642,6240727,72,80,3,1e-06,4.99e-07
294642,6241727,55,145,2,1e-06,0.0
294642,6252727,80,242,1,1e-06,4.99e-07
294642,6253727,77,83,2,1e-06,4.99e-07
294642,6260727,49,103,5,1e-06,4.99e-07
294642,6263727,36,83,3,1e-06,4.99e-07
294642,6264727,68,98,6,1e-06,4.99e-07
294642,6265727,8,278,6,1e-06,4.99e-07
294642,6271727,71,262,5,1e-06,4.99e-07
294642,6272727,79,256,4,1e-06,0.0
294642,6273727,84,87,2,1e-06,4.99e-07
294642,6274727,72,83,15,1e-06,4.99e-07
294642,6275727,8,343,2,1e-06,4.99e-07
294642,6276727,10,155,16,1e-06,0.0
294642,6277727,78,263,4,1e-06,0.0
294642,6278727,76,273,3,1e-06,0.0
294642,6279727,75,266,2,1e-06,0.0
294642,6280727,73,260,1,1e-06,4.99e-07
294642,6281727,69,165,3,2.897696362738425,0.0
294642,6282727,68,254,23,1e-06,4.99e-07
294642,6283727,81,70,2,1e-06,0.0
294642,6285727,9,335,14,0.020960115761466502,0.010480056880733252
294642,6286727,79,76,6,1e-06,0.0
294642,6288727,1,78,2,1.5045750140610648,0.4019555235087922
294642,6289727,82,257,16,1e-06,0.0
294642,6290727,83,270,3,1e-06,0.0
294642,6291727,70,273,1,1e-06,4.99e-07
294642,6295727,74,281,1,1e-06,4.99e-07
294642,6296727,71,288,1,1e-06,4.99e-07
294642,6299727,72,293,2,1e-06,0.0
294642,6303727,56,304,2,1e-06,0.0
294642,6304727,37,291,1,1e-06,4.99e-07
294642,6305727,56,309,2,1e-06,4.99e-07
294642,6306727,61,303,2,1e-06,4.99e-07
294642,6308727,48,316,1,1e-06,0.0
294642,6309727,50,320,1,1e-06,0.0
294642,6310727,50,305,2,1e-06,4.99e-07
294642,6314727,45,64,5,1e-06,4.99e-07
294642,6315727,36,49,3,1e-06,0.0
294642,6316727,52,93,1,1e-06,0.0
294642,6317727,86,279,1,1e-06,4.99e-07
294642,6318727,86,95,1,1e-06,0.0
294642,6319727,80,272,5,1e-06,4.99e-07
294642,6320727,73,281,6,1e-06,0.0
294642,6321727,71,275,1,1e-06,4.99e-07
294642,6323727,67,272,2,1e-06,4.99e-07
294642,6325727,64,276,1,1e-06,4.99e-07
294642,6326727,50,285,1,1e-06,4.99e-07
294642,6330727,81,277,2,1e-06,0.0
294642,6331727,61,275,1,1e-06,4.99e-07
294642,6333727,82,281,1,1e-06,4.99e-07
294642,6334727,68,281,2,1e-06,0.0
294642,6337727,80,288,1,1e-06,4.99e-07
294642,6340727,75,80,1,1e-06,0.0
294642,6343727,72,89,2,1e-06,4.99e-07
294642,6344727,79,99,1,1e-06,0.0
294642,6346727,80,98,1,1e-06,0.0
294642,6374727,14,180,1,1e-06,0.0
294642,6376727,19,355,1,1e-06,0.0
294642,6377727,0,0,1,inf,0.0
294642,6407727,60,140,1,1e-06,4.99e-07
294642,6408727,40,290,1,1e-06,4.99e-07
294642,6411727,19,295,1,1e-06,4.99e-07
294642,6412727,60,295,1,1e-06,4.99e-07
294642,6423727,54,300,1,1e-06,4.99e-07
294642,6453727,49,255,1,1e-06,4.99e-07
294642,6454727,44,75,1,1e-06,0.0
295642,6231727,0,0,1,inf,0.0
295642,6236727,49,285,8,1e-06,4.99e-07
295642,6239727,72,53,15,1e-06,0.0
295642,6240727,48,328,1,1e-06,0.0
295642,6241727,10,236,2,1e-06,4.99e-07
295642,6244727,55,117,5,1e-06,0.0
295642,6249727,69,78,2,1e-06,4.99e-07
295642,6252727,75,72,7,1e-06,0.0
295642,6253727,76,77,3,1e-06,4.99e-07
295642,6254727,80,253,2,1e-06,0.0
295642,6255727,71,85,2,1e-06,4.99e-07
295642,6256727,68,90,1,1e-06,0.0
295642,6258727,68,93,5,1e-06,4.99e-07
295642,6259727,72,96,7,1e-06,4.99e-07
295642,6260727,77,87,1,1e-06,0.0
295642,6261727,84,267,2,1e-06,0.0
295642,6263727,46,70,3,1.6751734812308,0.0
295642,6264727,10,299,4,0.34463189566841623,0.0
295642,6266727,75,175,2,1.6983397681195158,0.0014477474936918644
295642,6267727,78,256,8,1e-06,0.0
295642,6268727,76,252,1,1e-06,4.99e-07
295642,6270727,77,253,3,1e-06,0.0
295642,6271727,11,168,2,1e-06,4.99e-07
295642,6272727,68,256,7,1e-06,0.0
295642,6273727,69,72,8,1e-06,0.0
295642,6274727,75,264,9,1e-06,4.99e-07
295642,6275727,81,77,3,1e-06,0.0
295642,6276727,75,79,12,1e-06,4.99e-07
295642,6277727,6,254,12,1e-06,4.99e-07
295642,6278727,67,267,6,1e-06,4.99e-07
295642,6280727,37,258,14,1e-06,4.99e-07
295642,6281727,64,84,2,1e-06,4.99e-07
295642,6282727,53,258,10,1e-06,4.99e-07
295642,6283727,90,272,1,1e-06,4.99e-07
295642,6284727,5,112,1,1e-06,0.0
295642,6285727,34,81,11,1e-06,4.99e-07
295642,6286727,75,79,4,1e-06,4.99e-07
295642,6287727,39,69,14,1e-06,4.99e-07
295642,6288727,59,72,1,1e-06,0.0
295642,6289727,60,63,5,1e-06,0.0
295642,6290727,27,316,2,1e-06,4.99e-07
295642,6291727,50,74,6,1e-06,4.99e-07
295642,6292727,58,270,2,1e-06,4.99e-07
295642,6293727,71,262,4,1e-06,0.0
295642,6296727,69,273,4,1e-06,4.99e-07
295642,6298727,75,301,3,1e-06,0.0
295642,6299727,80,298,1,1e-06,4.99e-07
295642,6302727,84,298,2,1e-06,0.0
295642,6303727,66,303,3,1.2998271166140767,0.6499135573070384
295642,6305727,25,45,2,1e-06,0.0
295642,6306727,61,280,8,1e-06,4.99e-07
295642,6307727,38,278,7,1e-06,4.99e-07
295642,6309727,50,315,1,1e-06,0.0
295642,6314727,37,327,7,1e-06,4.99e-07
295642,6315727,40,336,3,1e-06,4.99e-07
295642,6319727,72,175,1,1e-06,0.0
295642,6321727,79,268,1,1e-06,4.99e-07
295642,6322727,69,263,1,1e-06,4.99e-07
295642,6323727,66,272,1,1e-06,4.99e-07
295642,6325727,75,280,1,1e-06,4.99e-07
295642,6326727,54,276,1,1e-06,4.99e-07
295642,6328727,54,280,1,1e-06,4.99e-07
295642,6333727,59,277,1,1e-06,4.99e-07
295642,6334727,63,291,2,1e-06,0.0
295642,6335727,85,100,1,1e-06,4.99e-07
295642,6336727,80,280,2,1e-06,0.0
295642,6337727,70,280,1,1e-06,4.99e-07
295642,6338727,90,101,1,1e-06,4.99e-07
295642,6340727,85,274,1,1e-06,4.99e-07
295642,6342727,73,98,1,1e-06,0.0
295642,6354727,29,75,1,1e-06,0.0
295642,6408727,34,229,1,1e-06,0.0
295642,6421727,60,310,1,1e-06,0.0
295642,6441727,70,150,1,1e-06,4.99e-07
295642,6455727,90,100,1,1e-06,4.99e-07
295642,6478727,36,187,2,1e-06,4.99e-07
296642,6226727,49,145,1,1e-06,4.99e-07
296642,6235727,65,132,1,1e-06,4.99e-07
296642,6236727,77,76,6,1e-06,0.0
296642,6244727,49,48,15,1e-06,0.0
296642,6245727,53,59,2,1e-06,0.0
296642,6246727,67,65,3,1e-06,0.0
296642,6251727,60,68,1,1e-06,0.0
296642,6252727,49,78,1,1e-06,0.0
296642,6253727,64,80,9,1e-06,4.99e-07
296642,6255727,78,80,13,1e-06,4.99e-07
296642,6256727,73,82,16,1e-06,4.99e-07
296642,6257727,59,276,4,1e-06,4.99e-07
296642,6258727,13,2,6,1e-06,0.0
296642,6259727,27,86,5,1e-06,4.99e-07
296642,6260727,67,89,15,1e-06,4.99e-07
296642,6261727,76,89,3,1e-06,4.99e-07
296642,6264727,80,83,7,1e-06,4.99e-07
296642,6265727,64,264,15,1e-06,4.99e-07
296642,6266727,58,268,15,1e-06,4.99e-07
296642,6268727,71,260,7,1e-06,0.0
296642,6270727,69,83,1,1e-06,0.0
296642,6271727,73,88,2,1e-06,4.99e-07
296642,6272727,57,261,5,1e-06,4.99e-07
296642,6273727,63,70,13,1e-06,4.99e-07
296642,6274727,74,80,15,1e-06,4.99e-07
296642,6275727,84,69,3,1e-06,0.0
296642,6276727,51,262,10,1e-06,4.99e-07
296642,6277727,76,76,4,1e-06,4.99e-07
296642,6278727,14,265,1,1e-06,4.99e-07
296642,6279727,27,85,8,1e-06,4.99e-07
296642,6280727,12,76,25,1e-06,4.99e-07
296642,6281727,9,90,17,1e-06,4.99e-07
296642,6282727,9,78,14,1e-06,4.99e-07
296642,6283727,41,254,5,1e-06,0.0
296642,6284727,29,267,26,1e-06,4.99e-07
296642,6285727,31,266,20,1e-06,4.99e-07
296642,6286727,23,276,11,1e-06,4.99e-07
296642,6287727,21,265,6,1e-06,4.99e-07
296642,6288727,28,295,24,1e-06,4.99e-07
296642,6289727,25,303,16,1e-06,4.99e-07
296642,6290727,28,315,14,1e-06,4.99e-07
296642,6291727,38,292,9,1e-06,4.99e-07
296642,6293727,25,298,10,1e-06,4.99e-07
296642,6296727,40,300,6,1e-06,4.99e-07
296642,6297727,76,289,4,1e-06,0.0
296642,6298727,78,293,2,1e-06,0.0
296642,6306727,58,280,5,1e-06,0.0
296642,6307727,61,284,7,1e-06,4.99e-07
296642,6310727,73,317,3,1e-06,4.99e-07
296642,6315727,40,320,5,1e-06,4.99e-07
296642,6322727,45,86,3,1.7497725034408702,0.0
296642,6325727,54,263,1,1e-06,4.99e-07
296642,6326727,63,280,5,1e-06,4.99e-07
296642,6330727,74,282,3,1e-06,0.0
296642,6332727,62,284,2,1e-06,0.0
296642,6333727,76,286,2,1e-06,0.0
296642,6334727,75,288,1,1e-06,4.99e-07
296642,6335727,14,350,2,2.7275301151082747,0.0
296642,6337727,82,95,2,1e-06,4.99e-07
296642,6340727,5,49,2,2.1146190720456075,0.6587442963375496
296642,6344727,65,98,1,1e-06,0.0
296642,6358727,19,70,1,1e-06,0.0
296642,6367727,14,25,1,1e-06,4.99e-07
296642,6375727,14,115,1,1e-06,0.0
296642,6411727,29,310,1,1e-06,0.0
296642,6414727,29,295,1,1e-06,4.99e-07
296642,6416727,44,295,1,1e-06,4.99e-07
296642,6418727,65,295,1,1e-06,4.99e-07
296642,6420727,0,0,1,inf,0.0
296642,6421727,54,305,1,1e-06,0.0
296642,6442727,44,155,1,1e-06,4.99e-07
296642,6459727,80,325,1,1e-06,0.0
296642,6478727,19,75,1,1e-06,0.0
296642,6479727,69,0,1,1e-06,0.0
297642,6230727,40,175,1,1e-06,0.0
297642,6235727,68,70,10,1e-06,4.99e-07
297642,6236727,75,63,5,1e-06,0.0
297642,6237727,85,358,3,1e-06,4.99e-07
297642,6238727,33,101,13,1e-06,4.99e-07
297642,6244727,72,80,12,1e-06,4.99e-07
297642,6246727,71,73,6,1e-06,4.99e-07
297642,6250727,70,83,2,1e-06,4.99e-07
297642,6251727,90,58,1,1e-06,4.99e-07
297642,6252727,54,73,12,1e-06,4.99e-07
297642,6253727,63,69,6,1e-06,4.99e-07
297642,6256727,83,78,3,1e-06,0.0
297642,6257727,64,75,6,1e-06,4.99e-07
297642,6258727,73,80,1,1e-06,0.0
297642,6260727,82,93,1,1e-06,0.0
297642,6262727,40,278,1,1e-06,4.99e-07
297642,6263727,72,268,3,1e-06,4.99e-07
297642,6264727,72,83,1,1e-06,0.0
297642,6265727,65,269,6,1e-06,4.99e-07
297642,6266727,53,81,11,1e-06,4.99e-07
297642,6267727,71,78,6,1e-06,4.99e-07
297642,6268727,85,82,1,1e-06,4.99e-07
297642,6269727,71,88,8,1e-06,4.99e-07
297642,6270727,41,75,6,1e-06,4.99e-07
297642,6271727,19,78,1,1e-06,0.0
297642,6272727,29,70,4,1e-06,4.99e-07
297642,6273727,47,65,3,1e-06,4.99e-07
297642,6274727,11,100,11,1e-06,4.99e-07
297642,6275727,26,255,6,1e-06,4.99e-07
297642,6276727,20,246,9,1e-06,0.0
297642,6277727,47,247,2,1e-06,0.0
297642,6278727,50,263,9,1e-06,4.99e-07
297642,6279727,47,257,15,1e-06,4.99e-07
297642,6280727,33,272,14,1e-06,4.99e-07
297642,6281727,44,264,16,1e-06,4.99e-07
297642,6282727,40,261,22,1e-06,4.99e-07
297642,6283727,46,263,17,1e-06,0.0
297642,6284727,34,270,21,1e-06,0.0
297642,6285727,45,274,9,1e-06,0.0
297642,6286727,40,274,13,1e-06,4.99e-07
297642,6287727,38,278,12,1e-06,4.99e-07
297642,6288727,41,292,13,1e-06,0.0
297642,6289727,43,282,2,1e-06,0.0
297642,6290727,33,285,15,1e-06,0.0
297642,6291727,43,291,6,1e-06,0.0
297642,6293727,44,287,10,1e-06,0.0
297642,6295727,40,305,2,1e-06,4.99e-07
297642,6296727,35,8,1,1e-06,4.99e-07
297642,6297727,39,345,2,1e-06,4.99e-07
297642,6298727,16,38,2,14.749587955183769,6.742090421731112
297642,6300727,77,289,1,1e-06,4.99e-07
297642,6301727,63,286,4,1e-06,0.0
297642,6302727,66,288,2,1e-06,0.0
297642,6306727,74,281,1,1e-06,4.99e-07
297642,6307727,72,278,3,1e-06,4.99e-07
297642,6310727,58,26,2,1e-06,0.0
297642,6311727,64,93,3,1e-06,0.0
297642,6314727,44,308,4,1e-06,4.99e-07
297642,6317727,41,312,1,1e-06,0.0
297642,6318727,50,308,1,1e-06,0.0
297642,6319727,34,299,1,1e-06,4.99e-07
297642,6321727,39,287,3,1e-06,4.99e-07
297642,6322727,39,285,4,1e-06,4.99e-07
297642,6323727,25,311,7,1e-06,4.99e-07
297642,6324727,33,291,3,1e-06,4.99e-07
297642,6326727,73,276,1,1e-06,4.99e-07
297642,6327727,62,286,1,1e-06,4.99e-07
297642,6329727,63,297,1,1e-06,4.99e-07
297642,6331727,67,282,2,1e-06,0.0
297642,6334727,68,289,3,1e-06,0.0
297642,6335727,79,298,1,1e-06,4.99e-07
297642,6338727,86,283,1,1e-06,4.99e-07
297642,6339727,69,86,1,1e-06,0.0
297642,6340727,82,96,1,1e-06,0.0
297642,6341727,67,97,1,1e-06,0.0
297642,6344727,78,105,1,1e-06,4.99e-07
297642,6366727,9,5,1,1e-06,4.99e-07
297642,6367727,9,350,1,1e-06,0.0
297642,6390727,85,275,1,1e-06,4.99e-07
297642,6412727,19,290,1,1e-06,4.99e-07
297642,6416727,9,295,1,1e-06,4.99e-07
297642,6458727,70,329,2,1e-06,4.99e-07
297642,6459727,74,339,2,1e-06,4.99e-07
298642,6236727,55,85,4,1e-06,4.99e-07
298642,6238727,49,88,8,1e-06,4.99e-07
298642,6239727,62,73,7,1e-06,4.99e-07
298642,6244727,71,78,11,1e-06,4.99e-07
298642,6246727,62,72,5,1e-06,4.99e-07
298642,6247727,64,78,2,1e-06,4.99e-07
298642,6250727,56,73,6,1e-06,4.99e-07
298642,6251727,39,60,1,1e-06,4.99e-07
298642,6252727,68,73,5,1e-06,4.99e-07
298642,6253727,50,76,2,1e-06,4.99e-07
298642,6254727,42,78,6,1e-06,4.99e-07
298642,6264727,69,38,1,1e-06,4.99e-07
298642,6265727,60,84,16,1e-06,4.99e-07
298642,6266727,60,87,10,1e-06,4.99e-07
298642,6267727,64,77,5,1e-06,4.99e-07
298642,6269727,42,55,5,1e-06,0.0
298642,6270727,34,71,11,1e-06,4.99e-07
298642,6271727,15,100,6,1e-06,4.99e-07
298642,6272727,33,73,2,1e-06,4.99e-07
298642,6273727,31,252,7,1e-06,4.99e-07
298642,6274727,28,260,7,1e-06,0.0
298642,6275727,36,252,6,1e-06,4.99e-07
298642,6276727,48,253,8,1e-06,0.0
298642,6277727,57,252,2,1e-06,4.99e-07
298642,6278727,37,254,2,1e-06,0.0
298642,6280727,38,265,10,1e-06,4.99e-07
298642,6281727,48,267,13,1e-06,0.0
298642,6282727,39,265,14,1e-06,4.99e-07
298642,6283727,42,265,8,1e-06,0.0
298642,6284727,38,272,19,1e-06,4.99e-07
298642,6285727,53,266,2,1e-06,0.0
298642,6286727,44,278,4,1e-06,0.0
298642,6287727,45,284,8,1e-06,4.99e-07
298642,6288727,48,266,2,1e-06,0.0
298642,6289727,31,271,17,1e-06,4.99e-07
298642,6290727,46,273,7,1e-06,4.99e-07
298642,6291727,50,282,14,1e-06,4.99e-07
298642,6292727,45,283,2,1e-06,0.0
298642,6293727,34,310,3,1e-06,4.99e-07
298642,6295727,45,302,11,1e-06,4.99e-07
298642,6300727,73,292,5,1e-06,0.0
298642,6303727,85,296,1,1e-06,4.99e-07
298642,6304727,69,289,3,1e-06,0.0
298642,6311727,71,277,2,1e-06,0.0
298642,6312727,59,62,5,1e-06,0.0
298642,6313727,14,53,1,1e-06,4.99e-07
298642,6314727,62,302,1,1e-06,4.99e-07
298642,6316727,46,315,1,1e-06,0.0
298642,6317727,55,320,1,1e-06,0.0
298642,6320727,41,302,2,1e-06,4.99e-07
298642,6321727,30,303,1,1e-06,0.0
298642,6322727,37,282,2,1e-06,0.0
298642,6323727,33,301,5,1e-06,0.0
298642,6324727,19,278,1,1e-06,4.99e-07
298642,6330727,65,283,2,1e-06,0.0
298642,6335727,80,299,1,1e-06,4.99e-07
298642,6336727,75,288,2,1e-06,0.0
298642,6337727,23,187,2,2.853156545363981,0.0
298642,6339727,42,80,3,1e-06,4.99e-07
298642,6345727,69,101,1,1e-06,0.0
298642,6355727,65,95,1,1e-06,0.0
298642,6358727,25,95,1,1e-06,0.0
298642,6362727,49,99,2,1e-06,4.99e-07
298642,6366727,29,310,1,1e-06,0.0
298642,6370727,57,281,2,1e-06,4.99e-07
298642,6371727,9,215,1,1e-06,0.0
298642,6374727,0,0,1,inf,0.0
298642,6418727,49,300,1,1e-06,4.99e-07
298642,6456727,80,100,1,1e-06,0.0
298642,6457727,70,85,1,1e-06,0.0
298642,6459727,60,320,2,1e-06,4.99e-07
298642,6460727,65,335,1,1e-06,0.0
299642,6236727,66,85,5,1e-06,4.99e-07
299642,6237727,81,64,1,1e-06,4.99e-07
299642,6239727,65,79,4,1e-06,4.99e-07
299642,6240727,58,88,3,1e-06,4.99e-07
299642,6243727,59,68,6,1e-06,4.99e-07
299642,6244727,64,69,13,1e-06,4.99e-07
299642,6246727,63,72,7,1e-06,4.99e-07
299642,6247727,50,70,21,1e-06,4.99e-07
299642,6248727,47,63,5,1e-06,0.0
299642,6249727,49,66,6,1e-06,4.99e-07
299642,6250727,32,58,10,1e-06,0.0
299642,6252727,30,74,3,1e-06,4.99e-07
299642,6253727,44,67,5,1e-06,4.99e-07
299642,6254727,13,8,2,1e-06,0.0
299642,6255727,25,27,2,1e-06,0.0
299642,6264727,9,62,3,1e-06,4.99e-07
299642,6265727,20,239,1,1e-06,4.99e-07
299642,6267727,10,268,11,1e-06,0.0
299642,6268727,55,287,2,1e-06,0.0
299642,6269727,21,265,13,1e-06,4.99e-07
299642,6271727,19,257,3,1e-06,4.99e-07
299642,6272727,44,258,1,1e-06,4.99e-07
299642,6273727,41,250,4,1e-06,0.0
299642,6274727,40,254,5,1e-06,4.99e-07
299642,6275727,60,259,2,1e-06,4.99e-07
299642,6280727,48,257,2,1e-06,0.0
299642,6281727,62,270,3,1e-06,4.99e-07
299642,6282727,51,271,9,1e-06,4.99e-07
299642,6283727,44,271,10,1e-06,4.99e-07
299642,6284727,40,273,11,1e-06,4.99e-07
299642,6285727,48,277,5,1e-06,0.0
299642,6286727,64,278,1,1e-06,4.99e-07
299642,6287727,55,286,7,1e-06,0.0
299642,6288727,44,289,2,1e-06,0.0
299642,6289727,61,264,2,1e-06,4.99e-07
299642,6290727,63,262,1,1e-06,4.99e-07
299642,6292727,57,300,5,1e-06,0.0
299642,6295727,42,300,3,1e-06,0.0
299642,6296727,46,310,2,1e-06,4.99e-07
299642,6297727,53,309,2,1e-06,4.99e-07
299642,6299727,74,303,1,1e-06,4.99e-07
299642,6300727,80,288,1,1e-06,4.99e-07
299642,6304727,65,299,2,1e-06,0.0
299642,6306727,72,294,2,1e-06,0.0
299642,6313727,72,56,4,1e-06,0.0
299642,6314727,58,65,4,1e-06,0.0
299642,6315727,37,333,4,1e-06,4.99e-07
299642,6320727,43,288,1,1e-06,4.99e-07
299642,6323727,39,311,1,1e-06,0.0
299642,6324727,52,285,2,1e-06,4.99e-07
299642,6325727,42,298,1,1e-06,4.99e-07
299642,6330727,18,340,6,1e-06,0.0
299642,6334727,82,288,1,1e-06,4.99e-07
299642,6335727,90,295,1,1e-06,4.99e-07
299642,6337727,63,289,5,1e-06,0.0
299642,6339727,65,293,1,1e-06,4.99e-07
299642,6340727,19,333,2,1e-06,4.99e-07
299642,6341727,50,90,3,2.569364872266028,0.0
299642,6342727,60,91,2,1e-06,4.99e-07
299642,6343727,45,98,2,1e-06,4.99e-07
299642,6344727,57,109,1,1e-06,0.0
299642,6345727,57,99,3,1e-06,4.99e-07
299642,6373727,0,0,1,inf,0.0
299642,6419727,0,0,1,inf,0.0
299642,6421727,39,315,1,1e-06,0.0
300642,6234727,55,94,3,1e-06,4.99e-07
300642,6235727,64,85,3,1e-06,4.99e-07
300642,6236727,69,82,7,1e-06,4.99e-07
300642,6237727,59,86,13,1e-06,4.99e-07
300642,6238727,48,73,7,1e-06,4.99e-07
300642,6240727,65,90,2,1e-06,4.99e-07
300642,6241727,62,77,4,1e-06,4.99e-07
300642,6242727,41,66,1,1e-06,0.0
300642,6243727,56,74,17,1e-06,4.99e-07
300642,6244727,68,80,5,1e-06,4.99e-07
300642,6245727,34,43,1,1e-06,4.99e-07
300642,6246727,52,280,1,1e-06,4.99e-07
300642,6247727,59,79,4,1e-06,4.99e-07
300642,6248727,30,85,6,1e-06,4.99e-07
300642,6249727,43,35,1,1e-06,4.99e-07
300642,6251727,73,80,3,1e-06,4.99e-07
300642,6252727,29,68,1,1e-06,0.0
300642,6254727,11,354,1,1e-06,0.0
300642,6256727,22,315,2,1e-06,4.99e-07
300642,6259727,13,346,1,1e-06,0.0
300642,6264727,44,277,6,1e-06,4.99e-07
300642,6266727,25,282,12,1e-06,4.99e-07
300642,6267727,24,269,8,1e-06,4.99e-07
300642,6268727,38,248,3,1e-06,0.0
300642,6269727,20,252,1,1e-06,4.99e-07
300642,6276727,52,243,1,1e-06,4.99e-07
300642,6277727,43,250,1,1e-06,4.99e-07
300642,6278727,57,257,7,1e-06,4.99e-07
300642,6279727,44,246,1,1e-06,4.99e-07
300642,6280727,53,259,5,1e-06,0.0
300642,6281727,70,268,1,1e-06,4.99e-07
300642,6282727,56,268,20,1e-06,0.0
300642,6283727,55,272,3,1e-06,0.0
300642,6284727,52,282,1,1e-06,4.99e-07
300642,6285727,53,276,10,1e-06,0.0
300642,6286727,54,285,7,1e-06,0.0
300642,6287727,53,285,7,1e-06,0.0
300642,6288727,51,276,3,1e-06,0.0
300642,6290727,60,252,14,1e-06,0.0
300642,6291727,84,223,2,1e-06,4.99e-07
300642,6292727,38,217,1,1e-06,0.0
300642,6293727,56,291,2,1e-06,0.0
300642,6295727,67,305,1,1e-06,4.99e-07
300642,6296727,56,313,1,1e-06,0.0
300642,6297727,60,315,2,1e-06,4.99e-07
300642,6300727,67,98,1,1e-06,0.0
300642,6303727,50,294,4,1e-06,0.0
300642,6304727,65,293,1,1e-06,4.99e-07
300642,6306727,64,295,1,1e-06,4.99e-07
300642,6307727,70,292,4,1e-06,0.0
300642,6316727,39,300,1,1e-06,4.99e-07
300642,6322727,52,293,1,1e-06,4.99e-07
300642,6323727,45,295,2,1e-06,0.0
300642,6324727,57,299,1,1e-06,4.99e-07
300642,6325727,49,290,2,1e-06,0.0
300642,6327727,38,291,7,1e-06,0.0
300642,6330727,31,299,3,1e-06,0.0
300642,6334727,10,195,3,1e-06,0.0
300642,6337727,76,297,2,1e-06,0.0
300642,6338727,85,303,1,1e-06,4.99e-07
300642,6339727,69,123,1,1e-06,4.99e-07
300642,6340727,71,290,4,1e-06,0.0
300642,6341727,69,281,3,5.018591405507983,2.5092957017539916
300642,6344727,65,110,1,1e-06,0.0
300642,6361727,35,105,1,1e-06,0.0
300642,6364727,5,130,1,1e-06,4.99e-07
300642,6366727,39,110,1,1e-06,0.0
300642,6374727,0,0,1,inf,0.0
300642,6403727,60,329,1,1e-06,0.0
300642,6418727,9,130,1,1e-06,4.99e-07
300642,6425727,39,320,1,1e-06,0.0
300642,6435727,9,145,1,1e-06,4.99e-07
300642,6445727,19,40,1,1e-06,4.99e-07
300642,6459727,39,30,1,1e-06,4.99e-07
300642,6460727,72,326,3,1e-06,4.99e-07
300642,6461727,69,340,1,1e-06,0.0
301642,6228727,70,95,1,1e-06,0.0
301642,6234727,70,89,7,1e-06,4.99e-07
301642,6235727,59,83,10,1e-06,4.99e-07
301642,6236727,61,86,6,1e-06,4.99e-07
301642,6237727,59,78,8,1e-06,4.99e-07
301642,6238727,62,73,7,1e-06,4.99e-07
301642,6239727,31,78,6,1e-06,4.99e-07
301642,6241727,60,83,1,1e-06,0.0
301642,6244727,49,85,8,1e-06,4.99e-07
301642,6245727,42,91,3,1e-06,4.99e-07
301642,6246727,11,124,2,1e-06,0.0
301642,6247727,5,183,1,1e-06,0.0
301642,6248727,23,80,6,1e-06,4.99e-07
301642,6251727,12,94,3,1e-06,4.99e-07
301642,6252727,10,63,3,1e-06,4.99e-07
301642,6253727,9,48,1,1e-06,4.99e-07
301642,6257727,39,264,1,1e-06,4.99e-07
301642,6259727,49,274,1,1e-06,4.99e-07
301642,6260727,45,266,3,1e-06,0.0
301642,6263727,58,286,1,1e-06,4.99e-07
301642,6264727,61,272,1,1e-06,4.99e-07
301642,6265727,46,273,7,1e-06,4.99e-07
301642,6266727,40,267,25,1e-06,4.99e-07
301642,6267727,51,266,10,1e-06,4.99e-07
301642,6272727,78,284,1,1e-06,4.99e-07
301642,6273727,36,263,4,1e-06,4.99e-07
301642,6276727,50,249,3,1e-06,4.99e-07
301642,6277727,47,247,7,1e-06,0.0
301642,6279727,67,256,8,1e-06,4.99e-07
301642,6280727,63,256,6,1e-06,0.0
301642,6281727,59,269,10,1e-06,0.0
301642,6282727,59,267,13,1e-06,0.0
301642,6283727,48,286,2,1e-06,0.0
301642,6284727,69,283,4,1e-06,0.0
301642,6285727,54,279,9,1e-06,4.99e-07
301642,6286727,49,289,7,1e-06,4.99e-07
301642,6287727,57,276,12,1e-06,4.99e-07
301642,6288727,53,266,10,1e-06,0.0
301642,6289727,18,152,2,2.3813905433170097,0.0
301642,6291727,77,222,6,1e-06,4.99e-07
301642,6292727,22,287,2,1e-06,0.0
301642,6302727,30,70,1,1e-06,0.0
301642,6303727,26,318,4,1e-06,0.0
301642,6305727,76,307,1,1e-06,4.99e-07
301642,6308727,45,164,6,1e-06,0.0
301642,6309727,12,150,2,5.424232258410463,0.0
301642,6312727,65,128,2,1e-06,0.0
301642,6322727,54,293,4,1e-06,0.0
301642,6327727,69,298,1,1e-06,4.99e-07
301642,6330727,43,289,4,1e-06,0.0
301642,6332727,24,306,2,1e-06,4.99e-07
301642,6333727,24,278,1,1e-06,4.99e-07
301642,6336727,60,277,1,1e-06,4.99e-07
301642,6337727,24,225,1,1e-06,0.0
301642,6339727,16,289,3,1e-06,0.0
301642,6340727,80,294,3,1e-06,0.0
301642,6342727,90,111,1,1e-06,4.99e-07
301642,6345727,80,100,1,1e-06,0.0
301642,6364727,9,125,1,1e-06,4.99e-07
301642,6370727,19,105,1,1e-06,0.0
301642,6373727,19,95,1,1e-06,0.0
301642,6389727,75,285,1,1e-06,4.99e-07
301642,6415727,25,130,1,1e-06,4.99e-07
301642,6421727,17,336,2,1e-06,4.99e-07
301642,6424727,25,335,1,1e-06,0.0
301642,6446727,44,80,1,1e-06,0.0
301642,6459727,52,2,3,1e-06,4.99e-07
301642,6460727,39,263,2,1e-06,4.99e-07
301642,6461727,69,0,1,1e-06,0.0
302642,6234727,44,95,6,1e-06,4.99e-07
302642,6235727,22,113,7,1e-06,4.99e-07
302642,6236727,50,78,3,1e-06,4.99e-07
302642,6238727,29,68,1,1e-06,0.0
302642,6239727,23,88,6,1e-06,4.99e-07
302642,6240727,48,73,1,1e-06,0.0
302642,6241727,37,86,2,1e-06,4.99e-07
302642,6244727,24,94,2,1e-06,4.99e-07
302642,6247727,14,208,1,1e-06,0.0
302642,6248727,15,61,5,1e-06,4.99e-07
302642,6250727,27,48,1,1e-06,4.99e-07
302642,6251727,9,10,4,1e-06,0.0
302642,6253727,11,73,2,1e-06,4.99e-07
302642,6257727,52,266,1,1e-06,4.99e-07
302642,6260727,53,266,7,1e-06,4.99e-07
302642,6262727,66,288,1,1e-06,4.99e-07
302642,6263727,63,273,17,1e-06,4.99e-07
302642,6264727,60,279,18,1e-06,0.0
302642,6266727,46,263,7,1e-06,0.0
302642,6267727,51,260,6,1e-06,4.99e-07
302642,6268727,73,258,5,1e-06,0.0
302642,6269727,57,257,10,1e-06,4.99e-07
302642,6271727,28,274,1,1e-06,4.99e-07
302642,6272727,43,268,7,1e-06,4.99e-07
302642,6273727,52,258,9,1e-06,4.99e-07
302642,6275727,49,252,7,1e-06,0.0
302642,6278727,52,255,4,1e-06,4.99e-07
302642,6279727,77,258,4,1e-06,0.0
302642,6281727,63,264,11,1e-06,0.0
302642,6285727,63,274,3,1e-06,0.0
302642,6288727,58,272,12,1e-06,4.99e-07
302642,6289727,62,260,4,1e-06,0.0
302642,6290727,52,248,1,1e-06,4.99e-07
302642,6291727,59,262,3,1e-06,4.99e-07
302642,6293727,74,123,1,1e-06,4.99e-07
302642,6302727,44,248,1,1e-06,4.99e-07
302642,6306727,75,133,1,1e-06,4.99e-07
302642,6307727,54,310,1,1e-06,0.0
302642,6308727,63,178,4,1e-06,4.99e-07
302642,6309727,39,225,1,1e-06,0.0
302642,6310727,44,192,2,52.93963555314157,0.0
302642,6311727,50,252,2,1e-06,4.99e-07
302642,6312727,58,187,3,1.3511491568401361,0.0
302642,6313727,73,318,6,1e-06,4.99e-07
302642,6316727,50,154,1,1e-06,4.99e-07
302642,6319727,35,196,2,1e-06,4.99e-07
302642,6321727,42,276,2,1e-06,0.0
302642,6322727,47,288,3,1e-06,0.0
302642,6324727,90,14,1,1e-06,0.0
302642,6325727,70,288,1,1e-06,4.99e-07
302642,6328727,71,284,1,1e-06,4.99e-07
302642,6331727,54,298,1,1e-06,4.99e-07
302642,6333727,24,278,1,1e-06,4.99e-07
302642,6334727,61,279,2,1e-06,4.99e-07
302642,6336727,47,272,2,1e-06,0.0
302642,6337727,54,298,1,1e-06,4.99e-07
302642,6338727,38,288,1,1e-06,4.99e-07
302642,6339727,33,289,3,1e-06,0.0
302642,6341727,31,100,1,1e-06,0.0
302642,6345727,61,98,1,1e-06,0.0
302642,6363727,19,130,1,1e-06,4.99e-07
302642,6404727,65,350,1,1e-06,0.0
302642,6409727,14,350,1,1e-06,0.0
302642,6423727,29,170,1,1e-06,4.99e-07
302642,6434727,65,145,1,1e-06,4.99e-07
302642,6437727,39,155,1,1e-06,4.99e-07
302642,6457727,29,90,1,1e-06,0.0
302642,6461727,60,355,1,1e-06,0.0
303642,6228727,39,120,1,1e-06,4.99e-07
303642,6234727,34,90,1,1e-06,0.0
303642,6236727,22,106,2,1e-06,4.99e-07
303642,6238727,18,230,3,1e-06,0.0
303642,6242727,60,260,8,1e-06,4.99e-07
303642,6244727,17,307,5,1e-06,4.99e-07
303642,6256727,44,258,6,1e-06,0.0
303642,6257727,52,274,1,1e-06,4.99e-07
303642,6258727,48,242,1,1e-06,4.99e-07
303642,6260727,80,278,1,1e-06,4.99e-07
303642,6261727,43,267,4,1e-06,4.99e-07
303642,6262727,50,108,3,1184.3230376074378,0.0
303642,6263727,55,250,6,1e-06,4.99e-07
303642,6264727,31,293,5,1e-06,4.99e-07
303642,6265727,77,277,3,1e-06,4.99e-07
303642,6266727,80,106,1,1e-06,4.99e-07
303642,6267727,60,255,3,1e-06,0.0
303642,6269727,48,266,2,1e-06,4.99e-07
303642,6270727,74,276,2,1e-06,4.99e-07
303642,6272727,69,267,9,1e-06,4.99e-07
303642,6273727,61,265,10,1e-06,4.99e-07
303642,6274727,67,258,4,1e-06,4.99e-07
303642,6275727,64,258,12,1e-06,4.99e-07
303642,6277727,67,248,6,1e-06,0.0
303642,6278727,69,262,7,1e-06,0.0
303642,6281727,69,266,5,1e-06,0.0
303642,6287727,60,300,4,1e-06,0.0
303642,6290727,72,300,1,1e-06,4.99e-07
303642,6291727,29,4,3,1e-06,0.0
303642,6302727,72,68,2,1e-06,0.0
303642,6304727,73,127,1,1e-06,4.99e-07
303642,6305727,61,102,1,1e-06,0.0
303642,6307727,22,226,1,1e-06,0.0
303642,6309727,37,228,6,1e-06,4.99e-07
303642,6310727,57,261,7,1e-06,0.0
303642,6311727,66,265,6,1e-06,4.99e-07
303642,6312727,51,218,7,1e-06,4.99e-07
303642,6313727,63,193,4,1e-06,4.99e-07
303642,6315727,90,168,1,1e-06,0.0
303642,6316727,75,156,1,1e-06,4.99e-07
303642,6322727,39,272,1,1e-06,4.99e-07
303642,6323727,54,279,2,1e-06,0.0
303642,6324727,53,286,2,1e-06,0.0
303642,6325727,64,284,1,1e-06,4.99e-07
303642,6328727,74,278,1,1e-06,4.99e-07
303642,6331727,51,291,6,1e-06,0.0
303642,6332727,64,298,1,1e-06,4.99e-07
303642,6333727,73,287,3,1e-06,0.0
303642,6334727,56,279,4,1e-06,0.0
303642,6336727,51,274,3,1e-06,4.99e-07
303642,6337727,38,289,2,1e-06,0.0
303642,6338727,40,288,2,1e-06,0.0
303642,6339727,36,295,2,1e-06,0.0
303642,6342727,30,284,1,1e-06,4.99e-07
303642,6345727,82,288,3,1e-06,0.0
303642,6366727,80,195,1,1e-06,0.0
303642,6367727,39,315,1,1e-06,0.0
303642,6369727,24,350,1,1e-06,0.0
303642,6373727,5,279,2,1e-06,0.0
303642,6391727,60,335,1,1e-06,0.0
303642,6394727,80,325,1,1e-06,0.0
303642,6397727,0,0,1,inf,0.0
303642,6434727,39,330,1,1e-06,0.0
303642,6445727,69,120,1,1e-06,4.99e-07
303642,6459727,14,125,1,1e-06,4.99e-07
303642,6460727,0,0,1,inf,0.0
303642,6461727,37,291,2,1e-06,0.0
303642,6462727,39,320,2,1e-06,4.99e-07
304642,6233727,2,95,2,1e-06,4.99e-07
304642,6235727,7,171,5,1e-06,0.0
304642,6236727,8,201,6,1e-06,0.0
304642,6238727,11,187,3,1e-06,4.99e-07
304642,6240727,49,53,1,1e-06,4.99e-07
304642,6250727,40,248,1,1e-06,4.99e-07
304642,6257727,58,239,3,1e-06,4.99e-07
304642,6258727,55,258,1,1e-06,4.99e-07
304642,6260727,52,108,3,1e-06,4.99e-07
304642,6262727,48,231,3,1e-06,4.99e-07
304642,6263727,50,195,7,1e-06,4.99e-07
304642,6264727,60,243,3,1e-06,0.0
304642,6265727,67,103,7,1e-06,4.99e-07
304642,6266727,55,266,9,1e-06,4.99e-07
304642,6267727,82,37,1,1e-06,4.99e-07
304642,6273727,72,262,3,1e-06,0.0
304642,6274727,66,254,2,1e-06,0.0
304642,6275727,72,264,1,1e-06,4.99e-07
304642,6276727,69,254,6,1e-06,0.0
304642,6277727,71,253,5,1e-06,0.0
304642,6278727,67,254,4,1e-06,0.0
304642,6284727,81,264,1,1e-06,4.99e-07
304642,6285727,18,14,2,1e-06,0.0
304642,6287727,44,97,3,1e-06,4.99e-07
304642,6290727,39,349,3,1e-06,4.99e-07
304642,6291727,46,26,2,1e-06,0.0
304642,6294727,34,358,1,1e-06,0.0
304642,6295727,44,5,2,1e-06,4.99e-07
304642,6296727,80,49,1,1e-06,4.99e-07
304642,6301727,77,275,1,1e-06,4.99e-07
304642,6302727,50,65,4,1e-06,4.99e-07
304642,6304727,65,68,1,1e-06,4.99e-07
304642,6307727,68,288,1,1e-06,4.99e-07
304642,6309727,54,145,1,1e-06,4.99e-07
304642,6310727,80,263,1,1e-06,4.99e-07
304642,6311727,60,280,1,1e-06,4.99e-07
304642,6312727,46,260,2,1e-06,0.0
304642,6313727,39,285,1,1e-06,4.99e-07
304642,6314727,43,188,1,1e-06,0.0
304642,6315727,62,182,2,1e-06,4.99e-07
304642,6316727,64,174,1,1e-06,0.0
304642,6326727,76,270,1,inf,0.0
304642,6327727,51,243,5,1e-06,4.99e-07
304642,6328727,75,295,2,1e-06,0.0
304642,6329727,72,302,1,1e-06,4.99e-07
304642,6330727,34,293,1,1e-06,4.99e-07
304642,6331727,41,287,1,1e-06,4.99e-07
304642,6333727,46,282,1,1e-06,4.99e-07
304642,6336727,57,283,1,1e-06,4.99e-07
304642,6338727,44,296,4,1e-06,0.0
304642,6341727,63,291,2,1e-06,0.0
304642,6342727,40,290,1,1e-06,4.99e-07
304642,6343727,46,294,1,1e-06,4.99e-07
304642,6344727,5,129,1,1e-06,4.99e-07
304642,6345727,8,209,2,1e-06,4.99e-07
304642,6346727,78,109,1,1e-06,4.99e-07
304642,6363727,90,100,1,1e-06,4.99e-07
304642,6369727,90,95,1,1e-06,4.99e-07
304642,6371727,49,95,1,1e-06,0.0
304642,6376727,70,275,1,1e-06,4.99e-07
304642,6433727,80,335,1,1e-06,0.0
305642,6231727,75,275,1,1e-06,4.99e-07
305642,6236727,44,262,2,1e-06,0.0
305642,6237727,32,252,1,1e-06,4.99e-07
305642,6238727,17,265,2,1e-06,0.0
305642,6246727,35,263,1,1e-06,4.99e-07
305642,6247727,48,271,1,1e-06,4.99e-07
305642,6248727,24,185,15,1e-06,0.0
305642,6249727,26,189,14,1e-06,0.0
305642,6250727,48,246,1,1e-06,4.99e-07
305642,6253727,80,78,1,1e-06,0.0
305642,6254727,59,246,4,1e-06,0.0
305642,6255727,56,197,5,1e-06,4.99e-07
305642,6256727,54,115,4,1e-06,0.0
305642,6257727,48,234,6,1e-06,4.99e-07
305642,6258727,38,227,7,1e-06,0.0
305642,6259727,44,128,6,1e-06,0.0
305642,6260727,65,78,1,1e-06,0.0
305642,6261727,54,259,10,1e-06,4.99e-07
305642,6262727,83,238,1,1e-06,4.99e-07
305642,6264727,33,141,2,1e-06,0.0
305642,6265727,90,118,1,1e-06,4.99e-07
305642,6267727,62,142,5,1e-06,0.0
305642,6270727,24,258,7,1e-06,0.0
305642,6272727,69,271,4,1e-06,0.0
305642,6273727,53,268,7,1e-06,4.99e-07
305642,6274727,67,262,3,1e-06,0.0
305642,6275727,66,259,2,1e-06,0.0
305642,6276727,52,291,2,1e-06,0.0
305642,6277727,65,84,5,1e-06,4.99e-07
305642,6278727,32,338,21,1e-06,0.0
305642,6280727,62,306,2,1e-06,4.99e-07
305642,6284727,63,213,3,1e-06,4.99e-07
305642,6285727,46,156,12,1e-06,0.0
305642,6286727,63,137,3,1e-06,0.0
305642,6288727,44,106,3,1e-06,4.99e-07
305642,6293727,31,258,1,1e-06,4.99e-07
305642,6294727,29,54,1,1e-06,4.99e-07
305642,6295727,42,322,4,1e-06,4.99e-07
305642,6296727,34,24,1,1e-06,4.99e-07
305642,6297727,86,269,1,1e-06,4.99e-07
305642,6301727,58,323,2,1e-06,4.99e-07
305642,6302727,50,306,3,1e-06,4.99e-07
305642,6304727,55,286,1,1e-06,4.99e-07
305642,6305727,21,321,5,1e-06,0.0
305642,6306727,36,220,4,1e-06,0.0
305642,6307727,58,233,1,1e-06,0.0
305642,6308727,74,287,3,1e-06,0.0
305642,6312727,61,290,3,1e-06,0.0
305642,6313727,54,292,1,1e-06,4.99e-07
305642,6315727,75,275,1,1e-06,4.99e-07
305642,6316727,50,265,3,1e-06,0.0
305642,6317727,43,197,1,1e-06,0.0
305642,6318727,57,246,2,1e-06,0.0
305642,6319727,46,143,1,1e-06,4.99e-07
305642,6320727,23,132,4,1e-06,0.0
305642,6321727,35,292,3,1e-06,4.99e-07
305642,6328727,20,257,7,1e-06,0.0
305642,6329727,26,328,4,1e-06,0.0
305642,6333727,69,266,2,1e-06,0.0
305642,6336727,50,292,3,1e-06,0.0
305642,6337727,81,299,1,1e-06,4.99e-07
305642,6338727,35,300,2,1e-06,0.0
305642,6340727,43,295,3,1e-06,0.0
305642,6341727,74,296,2,1e-06,0.0
305642,6343727,39,297,5,1e-06,0.0
305642,6344727,49,309,1,1e-06,0.0
305642,6345727,42,298,2,1e-06,0.0
305642,6346727,29,298,1,1e-06,4.99e-07
305642,6406727,49,345,1,1e-06,0.0
305642,6432727,60,335,1,1e-06,0.0
305642,6445727,9,140,1,1e-06,4.99e-07
306642,6230727,80,275,1,1e-06,4.99e-07
306642,6234727,75,275,1,1e-06,4.99e-07
306642,6235727,69,266,5,1e-06,4.99e-07
306642,6236727,63,265,3,1e-06,4.99e-07
306642,6237727,67,267,2,1e-06,0.0
306642,6239727,80,258,1,1e-06,4.99e-07
306642,6241727,42,264,13,1e-06,4.99e-07
306642,6243727,52,264,9,1e-06,4.99e-07
306642,6244727,64,256,6,1e-06,4.99e-07
306642,6245727,44,256,12,1e-06,4.99e-07
306642,6246727,39,255,20,1e-06,4.99e-07
306642,6247727,43,272,7,1e-06,4.99e-07
306642,6248727,37,238,5,1e-06,4.99e-07
306642,6252727,70,88,1,1e-06,0.0
306642,6255727,75,79,3,1e-06,4.99e-07
306642,6256727,41,101,4,1e-06,4.99e-07
306642,6257727,69,123,1,1e-06,4.99e-07
306642,6259727,67,99,2,1e-06,4.99e-07
306642,6261727,69,78,3,1e-06,4.99e-07
306642,6262727,62,93,6,1e-06,4.99e-07
306642,6263727,72,279,2,1e-06,0.0
306642,6264727,74,74,3,1e-06,4.99e-07
306642,6265727,38,111,9,1e-06,4.99e-07
306642,6266727,46,121,5,1e-06,4.99e-07
306642,6267727,72,94,1,1e-06,0.0
306642,6268727,33,76,5,1e-06,4.99e-07
306642,6269727,80,238,1,1e-06,4.99e-07
306642,6270727,80,53,1,1e-06,4.99e-07
306642,6271727,42,58,12,1e-06,0.0
306642,6272727,44,55,12,1e-06,0.0
306642,6273727,78,66,2,1e-06,0.0
306642,6274727,27,62,7,1e-06,4.99e-07
306642,6275727,69,121,2,1e-06,0.0
306642,6276727,53,63,8,1e-06,0.0
306642,6277727,24,356,24,1e-06,0.0
306642,6278727,31,23,12,1e-06,0.0
306642,6279727,46,74,8,1e-06,4.99e-07
306642,6280727,40,330,5,1e-06,4.99e-07
306642,6281727,50,331,9,1e-06,4.99e-07
306642,6282727,49,318,6,1e-06,4.99e-07
306642,6283727,73,95,1,1e-06,0.0
306642,6285727,61,124,1,1e-06,4.99e-07
306642,6294727,36,323,5,1e-06,4.99e-07
306642,6295727,35,349,5,1e-06,4.99e-07
306642,6296727,18,344,1,1e-06,0.0
306642,6300727,27,295,2,1e-06,4.99e-07
306642,6301727,25,63,1,1e-06,0.0
306642,6302727,58,260,1,1e-06,4.99e-07
306642,6303727,65,278,1,1e-06,4.99e-07
306642,6304727,42,286,2,1e-06,0.0
306642,6305727,38,276,3,1e-06,4.99e-07
306642,6306727,16,217,6,1e-06,4.99e-07
306642,6307727,41,335,2,1e-06,0.0
306642,6308727,74,111,3,1e-06,0.0
306642,6309727,66,321,6,1e-06,4.99e-07
306642,6310727,77,306,1,1e-06,4.99e-07
306642,6311727,49,111,4,1e-06,0.0
306642,6312727,69,303,2,1e-06,0.0
306642,6315727,29,278,1,1e-06,4.99e-07
306642,6316727,60,274,3,1e-06,4.99e-07
306642,6317727,72,291,2,1e-06,0.0
306642,6318727,56,268,3,1e-06,0.0
306642,6319727,39,243,1,1e-06,4.99e-07
306642,6320727,16,18,8,1e-06,0.0
306642,6321727,32,68,2,1e-06,4.99e-07
306642,6333727,62,293,1,1e-06,4.99e-07
306642,6334727,40,292,2,1e-06,0.0
306642,6336727,48,311,3,1e-06,4.99e-07
306642,6337727,38,303,2,1e-06,4.99e-07
306642,6338727,39,299,1,1e-06,4.99e-07
306642,6339727,47,301,2,1e-06,0.0
306642,6345727,41,302,7,1e-06,0.0
306642,6408727,19,280,1,1e-06,4.99e-07
306642,6437727,9,260,1,1e-06,4.99e-07
306642,6464727,11,320,1,1e-06,0.0
306642,6465727,34,315,1,1e-06,0.0
307642,6235727,52,285,4,1e-06,4.99e-07
307642,6237727,57,248,5,1e-06,4.99e-07
307642,6239727,51,266,11,1e-06,4.99e-07
307642,6241727,1,153,8,1e-06,0.0
307642,6243727,44,250,6,1e-06,4.99e-07
307642,6247727,70,256,1,1e-06,4.99e-07
307642,6249727,69,252,1,1e-06,4.99e-07
307642,6250727,6,314,4,1e-06,4.99e-07
307642,6251727,10,249,5,1e-06,0.0
307642,6252727,16,138,1,1e-06,4.99e-07
307642,6253727,7,181,1,1e-06,0.0
307642,6254727,39,63,5,1e-06,4.99e-07
307642,6255727,66,83,6,1e-06,4.99e-07
307642,6256727,2,206,2,1e-06,0.0
307642,6258727,73,70,4,1e-06,0.0
307642,6259727,10,93,2,1e-06,0.0
307642,6261727,53,100,7,1e-06,4.99e-07
307642,6264727,37,128,5,1e-06,4.99e-07
307642,6265727,33,82,2,1e-06,4.99e-07
307642,6268727,57,88,1,1e-06,0.0
307642,6269727,28,34,13,1e-06,0.0
307642,6270727,32,332,20,1e-06,4.99e-07
307642,6271727,19,42,47,1e-06,0.0
307642,6272727,16,266,26,1e-06,4.99e-07
307642,6274727,37,72,3,1e-06,4.99e-07
307642,6275727,53,68,11,1e-06,4.99e-07
307642,6276727,63,86,15,1e-06,4.99e-07
307642,6277727,58,90,18,1e-06,4.99e-07
307642,6278727,54,34,6,1e-06,0.0
307642,6279727,63,91,7,1e-06,4.99e-07
307642,6280727,73,82,1,1e-06,0.0
307642,6281727,25,356,10,1e-06,0.0
307642,6282727,27,83,1,1e-06,0.0
307642,6283727,75,92,6,1e-06,4.99e-07
307642,6284727,35,80,8,1e-06,4.99e-07
307642,6288727,64,98,1,1e-06,0.0
307642,6294727,71,66,2,1e-06,0.0
307642,6295727,43,8,1,1e-06,4.99e-07
307642,6296727,21,349,4,1e-06,0.0
307642,6303727,39,266,2,1e-06,0.0
307642,6307727,29,277,1,1e-06,4.99e-07
307642,6308727,48,302,4,1e-06,4.99e-07
307642,6309727,59,4,11,1e-06,4.99e-07
307642,6310727,50,322,3,1e-06,4.99e-07
307642,6311727,58,338,10,1e-06,4.99e-07
307642,6312727,56,136,7,1e-06,0.0
307642,6313727,35,246,3,1e-06,4.99e-07
307642,6314727,49,298,4,1e-06,0.0
307642,6315727,44,276,1,1e-06,4.99e-07
307642,6316727,41,266,3,1e-06,4.99e-07
307642,6317727,26,329,12,1e-06,4.99e-07
307642,6318727,50,349,4,1e-06,4.99e-07
307642,6320727,29,35,3,1e-06,0.0
307642,6321727,43,44,7,1e-06,0.0
307642,6331727,22,124,1,1e-06,4.99e-07
307642,6335727,42,359,3,1e-06,0.0
307642,6336727,52,319,6,1e-06,4.99e-07
307642,6338727,59,299,1,1e-06,4.99e-07
307642,6339727,42,299,1,1e-06,4.99e-07
307642,6346727,47,315,2,1e-06,4.99e-07
307642,6464727,14,345,1,1e-06,0.0
307642,6467727,29,335,1,1e-06,0.0
308642,6226727,49,295,1,1e-06,4.99e-07
308642,6232727,49,275,1,1e-06,4.99e-07
308642,6234727,60,275,1,1e-06,4.99e-07
308642,6237727,60,260,3,1e-06,4.99e-07
308642,6247727,65,92,5,1e-06,4.99e-07
308642,6248727,19,144,6,1e-06,0.0
308642,6249727,54,88,1,1e-06,0.0
308642,6252727,51,75,4,1e-06,4.99e-07
308642,6253727,89,262,1,1e-06,4.99e-07
308642,6254727,69,84,1,1e-06,0.0
308642,6255727,58,76,21,1e-06,4.99e-07
308642,6256727,81,85,5,1e-06,4.99e-07
308642,6257727,76,76,2,1e-06,4.99e-07
308642,6258727,26,335,2,3.1310465430141603,0.0
308642,6259727,43,74,20,1e-06,4.99e-07
308642,6260727,56,87,2,1e-06,4.99e-07
308642,6261727,50,84,6,1e-06,4.99e-07
308642,6262727,43,72,6,1e-06,4.99e-07
308642,6263727,43,278,4,1e-06,0.0
308642,6264727,49,266,10,1e-06,4.99e-07
308642,6265727,61,267,4,1e-06,4.99e-07
308642,6266727,51,280,7,1e-06,4.99e-07
308642,6267727,68,275,4,1e-06,4.99e-07
308642,6269727,35,73,7,1e-06,0.0
308642,6270727,76,75,13,1e-06,0.0
308642,6271727,11,155,27,1e-06,0.0
308642,6272727,65,59,10,1e-06,0.0
308642,6273727,59,67,3,1e-06,4.99e-07
308642,6274727,82,65,1,1e-06,4.99e-07
308642,6276727,67,73,9,1e-06,4.99e-07
308642,6280727,67,83,9,1e-06,4.99e-07
308642,6281727,55,80,13,1e-06,4.99e-07
308642,6283727,45,81,4,1e-06,4.99e-07
308642,6284727,56,76,6,1e-06,4.99e-07
308642,6288727,85,80,1,1e-06,4.99e-07
308642,6292727,40,167,3,1e-06,0.0
308642,6293727,68,93,1,1e-06,0.0
308642,6295727,17,12,2,1e-06,0.0
308642,6297727,41,267,1,1e-06,4.99e-07
308642,6300727,58,272,1,1e-06,4.99e-07
308642,6304727,30,251,3,1e-06,0.0
308642,6306727,35,276,2,1e-06,0.0
308642,6308727,32,279,3,1e-06,4.99e-07
308642,6309727,54,358,12,1e-06,4.99e-07
308642,6310727,39,268,13,1e-06,0.0
308642,6311727,46,310,8,1e-06,4.99e-07
308642,6312727,60,143,3,5.521318046253926,2.760659022126963
308642,6313727,69,328,9,1e-06,4.99e-07
308642,6314727,29,303,2,1e-06,4.99e-07
308642,6315727,45,287,10,1e-06,0.0
308642,6316727,46,352,14,1e-06,4.99e-07
308642,6317727,47,4,7,1e-06,4.99e-07
308642,6318727,55,355,4,1e-06,4.99e-07
308642,6319727,49,48,1,1e-06,4.99e-07
308642,6320727,48,355,2,1e-06,4.99e-07
308642,6321727,53,14,3,1e-06,0.0
308642,6329727,14,20,1,1e-06,4.99e-07
308642,6340727,72,303,1,1e-06,4.99e-07
308642,6345727,45,304,1,1e-06,0.0
308642,6368727,80,100,1,1e-06,0.0
308642,6390727,65,145,1,1e-06,4.99e-07
308642,6407727,0,0,1,inf,0.0
308642,6419727,90,0,1,1e-06,0.0
308642,6428727,29,0,1,1e-06,0.0
308642,6436727,39,150,1,1e-06,4.99e-07
309642,6224727,70,85,1,1e-06,0.0
309642,6235727,7,15,2,1e-06,0.0
309642,6236727,37,264,2,1e-06,0.0
309642,6239727,26,274,3,1e-06,4.99e-07
309642,6246727,49,85,1,1e-06,0.0
309642,6247727,45,332,2,1e-06,0.0
309642,6248727,72,82,5,1e-06,4.99e-07
309642,6250727,66,92,4,1e-06,4.99e-07
309642,6252727,48,62,5,1e-06,0.0
309642,6253727,39,69,6,1e-06,4.99e-07
309642,6254727,69,72,1,1e-06,0.0
309642,6255727,37,69,4,1e-06,4.99e-07
309642,6257727,5,291,4,1e-06,4.99e-07
309642,6259727,59,253,8,1e-06,0.0
309642,6264727,60,248,8,1e-06,0.0
309642,6265727,88,242,1,1e-06,4.99e-07
309642,6266727,72,244,5,1e-06,0.0
309642,6267727,52,55,7,1e-06,0.0
309642,6268727,46,56,2,1e-06,0.0
309642,6269727,58,70,7,1e-06,4.99e-07
309642,6270727,55,68,6,1e-06,4.99e-07
309642,6271727,49,75,5,1e-06,4.99e-07
309642,6272727,47,69,5,1e-06,4.99e-07
309642,6276727,53,66,8,1e-06,4.99e-07
309642,6281727,78,90,3,1e-06,4.99e-07
309642,6283727,69,87,4,1e-06,4.99e-07
309642,6285727,80,82,1,1e-06,0.0
309642,6292727,68,97,1,1e-06,0.0
309642,6296727,47,89,4,1e-06,4.99e-07
309642,6298727,28,236,2,1e-06,4.99e-07
309642,6304727,46,265,2,1e-06,0.0
309642,6306727,30,273,1,1e-06,4.99e-07
309642,6307727,16,241,2,1e-06,4.99e-07
309642,6308727,42,291,6,1e-06,0.0
309642,6309727,60,293,5,1e-06,4.99e-07
309642,6310727,17,296,11,1e-06,4.99e-07
309642,6311727,42,282,5,1e-06,0.0
309642,6312727,47,300,2,1e-06,4.99e-07
309642,6314727,61,332,3,1e-06,4.99e-07
309642,6315727,33,287,10,1e-06,0.0
309642,6316727,14,97,16,1e-06,0.0
309642,6317727,37,237,9,1e-06,0.0
309642,6318727,47,299,2,1.6343541624027094,0.0
309642,6319727,71,356,1,1e-06,0.0
309642,6320727,32,316,2,1e-06,0.0
309642,6321727,62,27,3,1e-06,0.0
309642,6323727,59,3,3,1e-06,4.99e-07
309642,6324727,39,356,1,1e-06,0.0
309642,6331727,8,347,3,1e-06,4.99e-07
309642,6333727,41,148,1,1e-06,4.99e-07
309642,6334727,1,228,1,1e-06,0.0
309642,6339727,45,303,3,1e-06,0.0
309642,6344727,59,308,1,1e-06,0.0
309642,6406727,44,310,1,1e-06,0.0
309642,6427727,19,335,1,1e-06,0.0
309642,6465727,14,330,1,1e-06,0.0
310642,6229727,65,95,1,1e-06,0.0
310642,6233727,44,90,1,1e-06,0.0
310642,6237727,14,108,1,1e-06,0.0
310642,6238727,37,102,4,1e-06,4.99e-07
310642,6239727,46,90,3,1e-06,4.99e-07
310642,6242727,64,82,3,1e-06,4.99e-07
310642,6243727,62,79,9,1e-06,4.99e-07
310642,6245727,62,86,1,1e-06,0.0
310642,6246727,57,84,9,1e-06,4.99e-07
310642,6252727,44,72,1,1e-06,0.0
310642,6253727,10,82,12,1e-06,4.99e-07
310642,6257727,11,308,8,1e-06,4.99e-07
310642,6259727,7,286,8,1e-06,4.99e-07
310642,6260727,85,263,1,1e-06,4.99e-07
310642,6261727,63,285,3,1e-06,4.99e-07
310642,6263727,36,269,5,1e-06,4.99e-07
310642,6264727,62,65,4,1e-06,0.0
310642,6265727,57,79,9,1e-06,4.99e-07
310642,6266727,56,60,6,1e-06,0.0
310642,6267727,64,73,2,1e-06,4.99e-07
310642,6268727,41,67,8,1e-06,4.99e-07
310642,6269727,44,49,9,1e-06,0.0
310642,6270727,74,64,10,1e-06,0.0
310642,6271727,52,57,8,1e-06,0.0
310642,6272727,76,63,10,1e-06,0.0
310642,6273727,86,68,1,1e-06,4.99e-07
310642,6278727,39,66,3,1e-06,4.99e-07
310642,6279727,66,75,4,1e-06,4.99e-07
310642,6281727,68,80,5,1e-06,4.99e-07
310642,6282727,60,90,2,1e-06,4.99e-07
310642,6283727,60,89,11,1e-06,4.99e-07
310642,6285727,52,98,2,1e-06,4.99e-07
310642,6286727,56,93,3,1e-06,4.99e-07
310642,6287727,66,92,3,1e-06,4.99e-07
310642,6289727,57,97,10,1e-06,4.99e-07
310642,6291727,41,113,1,1e-06,0.0
310642,6296727,14,143,1,1e-06,4.99e-07
310642,6298727,18,216,2,1e-06,4.99e-07
310642,6299727,13,173,1,1e-06,4.99e-07
310642,6300727,27,206,1,1e-06,0.0
310642,6301727,44,192,3,1e-06,4.99e-07
310642,6304727,12,207,4,1e-06,0.0
310642,6306727,30,209,2,1e-06,4.99e-07
310642,6307727,55,243,7,1e-06,4.99e-07
310642,6309727,27,279,5,1e-06,0.0
310642,6310727,41,296,4,1e-06,0.0
310642,6311727,24,260,2,1e-06,0.0
310642,6312727,19,350,9,1e-06,0.0
310642,6313727,57,314,11,1e-06,4.99e-07
310642,6314727,69,321,7,1e-06,4.99e-07
310642,6315727,57,338,8,1e-06,4.99e-07
310642,6316727,23,319,14,1e-06,0.0
310642,6317727,70,289,5,1e-06,0.0
310642,6318727,69,260,2,1e-06,0.0
310642,6320727,82,38,1,1e-06,4.99e-07
310642,6322727,62,48,2,1e-06,0.0
310642,6331727,9,23,1,1e-06,4.99e-07
310642,6332727,34,291,1,1e-06,4.99e-07
310642,6335727,21,131,2,1e-06,0.0
310642,6336727,25,129,1,1e-06,4.99e-07
310642,6339727,31,340,2,1e-06,4.99e-07
310642,6340727,45,42,2,1e-06,0.0
310642,6341727,59,54,2,1e-06,0.0
310642,6342727,46,13,1,1e-06,4.99e-07
310642,6343727,54,317,4,1e-06,4.99e-07
310642,6345727,55,318,2,1e-06,4.99e-07
310642,6391727,40,95,1,1e-06,0.0
310642,6407727,0,0,1,inf,0.0
310642,6410727,20,320,2,1e-06,4.99e-07
310642,6452727,44,310,1,1e-06,0.0
311642,6237727,52,70,1,1e-06,0.0
311642,6238727,74,81,6,1e-06,4.99e-07
311642,6242727,62,73,7,1e-06,4.99e-07
311642,6243727,38,344,2,7.785940213522039,0.0
311642,6244727,61,73,1,1e-06,0.0
311642,6245727,28,245,3,1e-06,4.99e-07
311642,6246727,31,91,2,1e-06,4.99e-07
311642,6247727,44,64,1,1e-06,0.0
311642,6248727,44,303,1,1e-06,4.99e-07
311642,6251727,66,252,3,1e-06,0.0
311642,6253727,20,141,4,1e-06,0.0
311642,6254727,58,244,4,1e-06,0.0
311642,6255727,43,86,1,1e-06,0.0
311642,6258727,40,74,7,1e-06,4.99e-07
311642,6259727,81,98,1,1e-06,0.0
311642,6260727,76,264,1,1e-06,4.99e-07
311642,6261727,46,69,7,1e-06,0.0
311642,6262727,58,62,13,1e-06,0.0
311642,6263727,36,47,6,1e-06,0.0
311642,6264727,11,287,4,3.30938411375305,0.0
311642,6265727,62,64,3,1e-06,0.0
311642,6268727,82,67,2,1e-06,0.0
311642,6269727,71,60,6,1e-06,0.0
311642,6270727,66,57,5,1e-06,0.0
311642,6271727,60,58,6,1e-06,0.0
311642,6272727,70,69,8,1e-06,0.0
311642,6274727,40,70,1,1e-06,0.0
311642,6275727,68,52,2,1e-06,0.0
311642,6276727,48,62,4,1e-06,0.0
311642,6279727,66,84,1,1e-06,0.0
311642,6283727,40,83,6,1e-06,4.99e-07
311642,6286727,37,97,2,1e-06,4.99e-07
311642,6288727,33,101,3,1e-06,4.99e-07
311642,6289727,68,102,1,1e-06,0.0
311642,6290727,43,114,1,1e-06,0.0
311642,6291727,46,99,5,1e-06,4.99e-07
311642,6292727,67,111,2,1e-06,0.0
311642,6296727,23,131,1,1e-06,4.99e-07
311642,6297727,82,99,1,1e-06,0.0
311642,6299727,35,143,4,1e-06,0.0
311642,6301727,80,286,2,1e-06,0.0
311642,6302727,65,291,1,1e-06,4.99e-07
311642,6303727,80,304,1,1e-06,4.99e-07
311642,6304727,69,302,5,1e-06,0.0
311642,6306727,54,286,8,1e-06,0.0
311642,6307727,62,301,6,1e-06,0.0
311642,6308727,39,296,9,1e-06,0.0
311642,6309727,20,263,8,1e-06,0.0
311642,6310727,59,294,4,1e-06,0.0
311642,6311727,83,309,1,1e-06,4.99e-07
311642,6312727,47,322,8,1e-06,4.99e-07
311642,6313727,36,301,7,1e-06,0.0
311642,6314727,20,207,21,1e-06,4.99e-07
311642,6315727,55,322,11,1e-06,4.99e-07
311642,6316727,72,303,4,1e-06,0.0
311642,6317727,43,290,4,1e-06,0.0
311642,6318727,71,293,5,1e-06,0.0
311642,6319727,67,266,3,1e-06,4.99e-07
311642,6320727,33,274,7,1e-06,4.99e-07
311642,6321727,74,86,4,1e-06,4.99e-07
311642,6322727,63,68,3,1e-06,4.99e-07
311642,6323727,69,207,2,1e-06,0.0
311642,6330727,20,310,1,1e-06,0.0
311642,6331727,52,319,1,1e-06,0.0
311642,6332727,14,321,1,1e-06,0.0
311642,6335727,46,138,1,1e-06,4.99e-07
311642,6339727,45,259,2,1e-06,0.0
311642,6344727,71,60,3,1e-06,0.0
311642,6345727,43,32,2,1e-06,0.0
311642,6407727,9,100,1,1e-06,0.0
311642,6466727,49,40,1,1e-06,4.99e-07
311642,6467727,9,40,1,1e-06,4.99e-07
312642,6232727,65,100,1,1e-06,0.0
312642,6236727,68,80,11,1e-06,4.99e-07
312642,6239727,64,89,7,1e-06,4.99e-07
312642,6240727,36,80,2,1e-06,4.99e-07
312642,6243727,50,70,2,1e-06,4.99e-07
312642,6245727,43,78,1,1e-06,0.0
312642,6246727,48,74,4,1e-06,4.99e-07
312642,6249727,57,68,3,1e-06,0.0
312642,6250727,56,243,4,1e-06,0.0
312642,6253727,65,248,1,1e-06,4.99e-07
312642,6254727,74,232,2,1e-06,0.0
312642,6258727,49,50,13,1e-06,0.0
312642,6259727,73,259,8,1e-06,0.0
312642,6260727,34,299,8,1e-06,4.99e-07
312642,6261727,9,189,2,1e-06,4.99e-07
312642,6262727,55,62,6,1e-06,0.0
312642,6263727,58,83,3,1e-06,4.99e-07
312642,6265727,61,67,21,1e-06,0.0
312642,6266727,62,72,1,1e-06,0.0
312642,6268727,77,57,2,1e-06,0.0
312642,6269727,65,59,16,1e-06,0.0
312642,6270727,50,38,2,1e-06,0.0
312642,6271727,55,50,3,1e-06,0.0
312642,6272727,48,55,11,1e-06,0.0
312642,6273727,60,66,1,1e-06,4.99e-07
312642,6274727,54,60,8,1e-06,0.0
312642,6275727,39,74,1,1e-06,0.0
312642,6276727,47,71,12,1e-06,4.99e-07
312642,6278727,29,79,5,1e-06,4.99e-07
312642,6279727,8,42,7,1e-06,0.0
312642,6280727,23,286,1,1e-06,4.99e-07
312642,6281727,23,80,3,1e-06,4.99e-07
312642,6283727,37,90,4,1e-06,4.99e-07
312642,6284727,23,254,3,1e-06,4.99e-07
312642,6286727,27,87,7,1e-06,4.99e-07
312642,6287727,5,128,5,1e-06,0.0
312642,6288727,19,128,1,1e-06,4.99e-07
312642,6291727,61,97,2,1e-06,4.99e-07
312642,6297727,58,102,3,1e-06,4.99e-07
312642,6301727,83,297,1,1e-06,4.99e-07
312642,6304727,54,299,1,1e-06,4.99e-07
312642,6305727,83,290,1,1e-06,4.99e-07
312642,6306727,55,294,4,1e-06,0.0
312642,6307727,53,287,1,1e-06,4.99e-07
312642,6308727,48,316,19,1e-06,0.0
312642,6309727,54,284,1,1e-06,4.99e-07
312642,6310727,37,294,8,1e-06,4.99e-07
312642,6311727,38,297,4,1e-06,0.0
312642,6312727,56,305,3,1e-06,4.99e-07
312642,6313727,72,308,2,1e-06,0.0
312642,6314727,57,321,4,1e-06,4.99e-07
312642,6315727,64,336,3,1e-06,4.99e-07
312642,6316727,80,313,4,1e-06,4.99e-07
312642,6317727,64,311,5,1e-06,0.0
312642,6318727,71,289,3,1e-06,0.0
312642,6319727,69,281,7,1e-06,0.0
312642,6320727,73,290,3,1e-06,0.0
312642,6323727,56,271,4,1e-06,4.99e-07
312642,6324727,67,273,1,1e-06,4.99e-07
312642,6325727,54,274,1,1e-06,4.99e-07
312642,6326727,52,283,3,1e-06,0.0
312642,6331727,70,304,1,1e-06,4.99e-07
312642,6332727,40,308,1,1e-06,0.0
312642,6334727,3,97,11,1e-06,0.0
312642,6335727,78,133,2,1e-06,0.0
312642,6336727,80,133,1,1e-06,4.99e-07
312642,6337727,57,153,1,1e-06,4.99e-07
312642,6339727,88,308,1,1e-06,4.99e-07
312642,6340727,74,102,2,1e-06,4.99e-07
312642,6342727,80,278,1,1e-06,4.99e-07
312642,6343727,61,280,1,1e-06,4.99e-07
312642,6345727,64,78,1,1e-06,0.0
312642,6382727,39,184,1,1e-06,0.0
312642,6401727,44,80,1,1e-06,0.0
312642,6406727,39,80,1,1e-06,0.0
312642,6437727,25,335,1,1e-06,0.0
312642,6456727,14,224,1,1e-06,0.0
312642,6465727,14,255,1,1e-06,4.99e-07
312642,6466727,9,30,1,1e-06,4.99e-07
313642,6225727,65,95,1,1e-06,0.0
313642,6234727,65,95,1,1e-06,0.0
313642,6235727,40,96,2,1e-06,4.99e-07
313642,6236727,50,87,21,1e-06,4.99e-07
313642,6237727,40,88,13,1e-06,4.99e-07
313642,6238727,45,87,9,1e-06,4.99e-07
313642,6239727,72,83,8,1e-06,4.99e-07
313642,6240727,21,79,20,1e-06,4.99e-07
313642,6242727,80,66,1,1e-06,4.99e-07
313642,6243727,23,64,1,1e-06,0.0
313642,6249727,77,65,1,1e-06,4.99e-07
313642,6250727,6,212,2,1e-06,4.99e-07
313642,6254727,88,71,1,1e-06,4.99e-07
313642,6255727,77,254,5,1e-06,0.0
313642,6256727,39,265,5,1e-06,4.99e-07
313642,6257727,50,286,14,1e-06,4.99e-07
313642,6258727,20,347,6,1e-06,0.0
313642,6259727,66,261,8,1e-06,0.0
313642,6260727,48,348,4,1e-06,4.99e-07
313642,6262727,68,64,8,1e-06,0.0
313642,6265727,52,59,7,1e-06,0.0
313642,6266727,53,61,14,1e-06,0.0
313642,6268727,70,54,6,1e-06,0.0
313642,6269727,63,60,13,1e-06,0.0
313642,6271727,52,47,3,1e-06,0.0
313642,6276727,86,250,1,1e-06,4.99e-07
313642,6278727,8,41,7,1e-06,4.99e-07
313642,6279727,3,10,4,1e-06,0.0
313642,6280727,6,274,5,1e-06,4.99e-07
313642,6281727,4,71,8,1e-06,4.99e-07
313642,6283727,23,291,5,1e-06,4.99e-07
313642,6284727,17,85,3,1e-06,4.99e-07
313642,6285727,57,87,1,1e-06,0.0
313642,6286727,17,290,3,1e-06,4.99e-07
313642,6287727,26,71,6,1e-06,4.99e-07
313642,6288727,62,82,3,1e-06,4.99e-07
313642,6289727,40,85,10,1e-06,4.99e-07
313642,6290727,83,270,1,inf,0.0
313642,6295727,72,111,1,1e-06,4.99e-07
313642,6297727,86,90,2,1e-06,4.99e-07
313642,6298727,73,271,2,1e-06,4.99e-07
313642,6301727,65,289,3,1e-06,0.0
313642,6307727,67,300,1,1e-06,4.99e-07
313642,6309727,55,301,7,1e-06,0.0
313642,6310727,47,301,5,1e-06,0.0
313642,6311727,45,288,4,1e-06,0.0
313642,6312727,48,289,7,1e-06,0.0
313642,6315727,46,311,1,1e-06,0.0
313642,6316727,61,317,3,1e-06,4.99e-07
313642,6317727,58,278,12,1e-06,0.0
313642,6318727,68,301,5,1e-06,0.0
313642,6319727,58,299,1,1e-06,4.99e-07
313642,6321727,77,282,7,1e-06,0.0
313642,6323727,77,273,1,1e-06,4.99e-07
313642,6324727,51,279,8,1e-06,4.99e-07
313642,6325727,63,277,13,1e-06,0.0
313642,6328727,70,296,1,1e-06,4.99e-07
313642,6331727,57,298,4,1e-06,0.0
313642,6332727,53,313,3,1e-06,4.99e-07
313642,6333727,67,320,3,1e-06,4.99e-07
313642,6334727,46,130,10,1e-06,0.0
313642,6335727,54,321,2,1e-06,4.99e-07
313642,6336727,52,126,2,1e-06,0.0
313642,6337727,58,131,3,1e-06,0.0
313642,6343727,67,278,1,1e-06,4.99e-07
313642,6345727,56,81,3,1e-06,4.99e-07
313642,6383727,40,175,1,1e-06,0.0
313642,6435727,75,329,1,1e-06,0.0
313642,6436727,75,329,1,1e-06,0.0
313642,6467727,9,230,1,1e-06,0.0
314642,6228727,60,100,1,1e-06,0.0
314642,6231727,25,155,1,1e-06,4.99e-07
314642,6235727,9,181,9,1e-06,0.0
314642,6236727,20,136,6,1e-06,0.0
314642,6237727,13,168,7,1e-06,0.0
314642,6238727,28,239,5,1e-06,4.99e-07
314642,6239727,37,262,3,1e-06,0.0
314642,6240727,11,230,6,1e-06,4.99e-07
314642,6251727,65,246,1,1e-06,4.99e-07
314642,6252727,86,262,1,1e-06,4.99e-07
314642,6253727,59,238,7,1e-06,0.0
314642,6254727,70,240,11,1e-06,0.0
314642,6255727,4,178,10,1e-06,4.99e-07
314642,6256727,72,32,3,1e-06,0.0
314642,6257727,76,73,9,1e-06,0.0
314642,6258727,64,61,2,1e-06,0.0
314642,6259727,53,48,3,1e-06,0.0
314642,6260727,74,250,4,1e-06,0.0
314642,6261727,39,226,5,1e-06,0.0
314642,6262727,28,303,10,1e-06,4.99e-07
314642,6263727,49,37,4,1e-06,0.0
314642,6265727,69,53,7,1e-06,0.0
314642,6266727,66,59,7,1e-06,0.0
314642,6267727,54,30,1,1e-06,4.99e-07
314642,6269727,39,41,4,1e-06,0.0
314642,6272727,27,30,2,1e-06,0.0
314642,6273727,25,29,5,1e-06,0.0
314642,6276727,15,62,2,1e-06,4.99e-07
314642,6277727,10,28,3,1e-06,0.0
314642,6279727,9,319,6,1e-06,4.99e-07
314642,6280727,13,98,1,1e-06,0.0
314642,6282727,75,94,3,1e-06,4.99e-07
314642,6283727,23,96,5,1e-06,4.99e-07
314642,6284727,17,41,5,1e-06,0.0
314642,6285727,49,92,1,1e-06,0.0
314642,6286727,54,79,3,3.8311934563446286,0.0
314642,6287727,40,70,8,1e-06,4.99e-07
314642,6288727,63,83,7,1e-06,4.99e-07
314642,6289727,59,79,10,1e-06,4.99e-07
314642,6291727,72,85,10,1e-06,4.99e-07
314642,6293727,85,270,1,inf,0.0
314642,6294727,77,92,4,1e-06,4.99e-07
314642,6298727,60,268,13,1e-06,4.99e-07
314642,6301727,62,275,2,1e-06,0.0
314642,6302727,61,274,2,1e-06,4.99e-07
314642,6303727,70,283,2,1e-06,0.0
314642,6306727,48,288,10,1e-06,0.0
314642,6308727,39,291,3,1e-06,0.0
314642,6310727,82,304,1,1e-06,4.99e-07
314642,6311727,50,280,4,1e-06,0.0
314642,6312727,42,293,8,1e-06,0.0
314642,6313727,57,287,13,1e-06,0.0
314642,6315727,49,289,7,1e-06,0.0
314642,6316727,55,282,13,1e-06,0.0
314642,6317727,56,293,8,1e-06,0.0
314642,6318727,57,303,7,1e-06,4.99e-07
314642,6320727,68,283,1,1e-06,4.99e-07
314642,6321727,80,279,3,1e-06,0.0
314642,6323727,65,277,1,1e-06,4.99e-07
314642,6325727,62,270,12,1e-06,4.99e-07
314642,6327727,52,288,1,1e-06,4.99e-07
314642,6328727,60,282,10,1e-06,0.0
314642,6330727,75,284,4,1e-06,0.0
314642,6331727,22,157,2,5.543911167637354,0.0
314642,6332727,61,317,5,1e-06,4.99e-07
314642,6334727,22,337,2,1e-06,4.99e-07
314642,6336727,35,143,2,1e-06,0.0
314642,6337727,45,135,4,1e-06,0.0
314642,6346727,77,73,1,1e-06,4.99e-07
314642,6348727,75,75,1,1e-06,0.0
314642,6365727,40,268,1,1e-06,4.99e-07
314642,6383727,19,215,1,1e-06,0.0
314642,6403727,49,125,1,1e-06,4.99e-07
314642,6407727,5,100,1,1e-06,0.0
315642,6233727,14,219,1,1e-06,0.0
315642,6236727,23,246,2,1e-06,0.0
315642,6237727,62,255,5,1e-06,4.99e-07
315642,6238727,36,260,8,1e-06,0.0
315642,6239727,49,252,3,1e-06,0.0
315642,6240727,22,226,2,1e-06,4.99e-07
315642,6243727,38,338,2,1.5234589112014263,0.3005127210351831
315642,6244727,55,238,1,1e-06,4.99e-07
315642,6248727,62,238,2,1e-06,0.0
315642,6249727,69,70,4,1e-06,0.0
315642,6250727,69,253,3,0.9815999420023589,0.4907999700011794
315642,6251727,64,61,6,1e-06,0.0
315642,6252727,36,51,10,1e-06,0.0
315642,6253727,32,303,11,1e-06,4.99e-07
315642,6254727,39,319,20,1e-06,4.99e-07
315642,6255727,82,256,1,1e-06,4.99e-07
315642,6256727,67,42,2,1e-06,0.0
315642,6259727,19,230,2,1e-06,0.0
315642,6260727,39,31,12,1e-06,0.0
315642,6261727,16,64,8,1e-06,0.0
315642,6263727,63,78,8,1e-06,4.99e-07
315642,6264727,70,234,4,1e-06,4.99e-07
315642,6266727,64,81,1,1e-06,0.0
315642,6270727,35,56,2,1e-06,0.0
315642,6271727,50,70,5,1e-06,4.99e-07
315642,6272727,34,41,2,1e-06,0.0
315642,6273727,25,30,5,1e-06,0.0
315642,6276727,35,66,8,1e-06,4.99e-07
315642,6280727,19,280,12,1e-06,4.99e-07
315642,6281727,4,38,2,1e-06,0.0
315642,6282727,16,62,3,1e-06,4.99e-07
315642,6283727,15,306,17,1e-06,4.99e-07
315642,6284727,58,265,2,1e-06,4.99e-07
315642,6285727,33,37,4,1e-06,0.0
315642,6286727,44,18,1,1e-06,4.99e-07
315642,6288727,46,66,15,1e-06,4.99e-07
315642,6291727,72,84,8,1e-06,4.99e-07
315642,6292727,64,277,1,1e-06,4.99e-07
315642,6294727,69,272,4,1e-06,4.99e-07
315642,6295727,86,85,1,1e-06,0.0
315642,6302727,62,277,1,1e-06,4.99e-07
315642,6306727,17,218,2,1e-06,0.0
315642,6307727,60,296,4,1e-06,0.0
315642,6308727,25,48,2,2.589955183597198,0.7322859471537437
315642,6309727,57,283,1,1e-06,4.99e-07
315642,6312727,51,281,13,1e-06,4.99e-07
315642,6313727,57,234,3,1e-06,4.99e-07
315642,6325727,49,284,4,1e-06,0.0
315642,6327727,57,280,1,1e-06,4.99e-07
315642,6328727,79,283,2,1e-06,0.0
315642,6329727,53,281,5,1e-06,0.0
315642,6330727,68,282,12,1e-06,0.0
315642,6332727,54,306,11,1e-06,0.0
315642,6333727,70,322,2,1e-06,4.99e-07
315642,6334727,70,322,6,1e-06,4.99e-07
315642,6335727,37,343,10,1e-06,4.99e-07
315642,6336727,39,347,3,1e-06,4.99e-07
315642,6337727,72,321,1,1e-06,0.0
315642,6338727,61,113,2,1e-06,0.0
315642,6339727,63,123,3,1e-06,0.0
315642,6342727,26,107,3,1e-06,4.99e-07
315642,6346727,45,280,3,1e-06,4.99e-07
315642,6380727,34,295,1,1e-06,4.99e-07
315642,6398727,39,30,1,1e-06,4.99e-07
315642,6456727,40,85,1,1e-06,0.0
316642,6235727,49,265,1,1e-06,4.99e-07
316642,6237727,81,276,2,1e-06,0.0
316642,6238727,65,261,6,1e-06,0.0
316642,6239727,42,284,3,1e-06,4.99e-07
316642,6246727,85,246,1,1e-06,4.99e-07
316642,6247727,78,248,1,1e-06,4.99e-07
316642,6248727,62,241,2,1e-06,0.0
316642,6249727,26,144,10,1e-06,4.99e-07
316642,6250727,3,160,16,1e-06,4.99e-07
316642,6251727,52,73,10,1e-06,4.99e-07
316642,6252727,50,255,20,1e-06,0.0
316642,6253727,71,239,9,1e-06,0.0
316642,6256727,18,44,12,1e-06,0.0
316642,6257727,28,87,12,1e-06,4.99e-07
316642,6258727,24,75,17,1e-06,4.99e-07
316642,6259727,17,314,18,1e-06,4.99e-07
316642,6260727,43,249,10,1e-06,4.99e-07
316642,6261727,69,251,5,1e-06,0.0
316642,6265727,50,76,2,1e-06,4.99e-07
316642,6266727,46,84,5,1e-06,4.99e-07
316642,6270727,57,71,9,1e-06,4.99e-07
316642,6271727,56,56,1,1e-06,4.99e-07
316642,6272727,45,68,5,1e-06,4.99e-07
316642,6276727,54,67,3,1e-06,4.99e-07
316642,6277727,22,244,5,1e-06,4.99e-07
316642,6278727,17,95,8,1e-06,4.99e-07
316642,6280727,10,199,13,1e-06,0.0
316642,6281727,60,274,1,1e-06,4.99e-07
316642,6282727,80,285,1,1e-06,4.99e-07
316642,6283727,9,356,12,1e-06,0.0
316642,6284727,36,41,10,1e-06,0.0
316642,6285727,37,33,3,1e-06,0.0
316642,6286727,27,19,10,1e-06,0.0
316642,6288727,31,9,11,1e-06,0.0
316642,6289727,23,10,14,1e-06,0.0
316642,6290727,17,42,3,1e-06,0.0
316642,6292727,51,277,8,1e-06,4.99e-07
316642,6295727,41,245,4,1e-06,4.99e-07
316642,6296727,46,257,1,1e-06,4.99e-07
316642,6299727,13,91,1,1e-06,0.0
316642,6300727,27,149,1,1e-06,4.99e-07
316642,6303727,70,288,1,1e-06,4.99e-07
316642,6304727,72,287,1,1e-06,4.99e-07
316642,6305727,63,285,3,1e-06,0.0
316642,6306727,49,308,1,1e-06,0.0
316642,6309727,51,279,7,1e-06,4.99e-07
316642,6312727,39,302,3,1e-06,4.99e-07
316642,6313727,60,239,1,1e-06,4.99e-07
316642,6325727,53,308,5,1e-06,4.99e-07
316642,6327727,53,293,2,1e-06,0.0
316642,6330727,57,280,4,1e-06,0.0
316642,6331727,66,300,12,1e-06,0.0
316642,6332727,68,311,11,1e-06,0.0
316642,6333727,82,311,1,1e-06,4.99e-07
316642,6334727,73,317,11,1e-06,4.99e-07
316642,6336727,61,308,7,1e-06,0.0
316642,6337727,38,341,10,1e-06,4.99e-07
316642,6339727,30,60,6,1e-06,4.99e-07
316642,6340727,56,108,4,1e-06,4.99e-07
316642,6342727,67,98,1,1e-06,0.0
316642,6343727,34,90,1,1e-06,0.0
316642,6346727,53,60,4,1e-06,0.0
316642,6371727,44,270,1,inf,0.0
316642,6381727,19,5,1,1e-06,4.99e-07
316642,6447727,29,170,1,1e-06,4.99e-07
316642,6457727,14,130,1,1e-06,4.99e-07
316642,6463727,35,234,1,1e-06,0.0
317642,6238727,65,98,3,1e-06,4.99e-07
317642,6246727,78,238,1,1e-06,4.99e-07
317642,6247727,78,240,3,1e-06,0.0
317642,6248727,69,72,11,1e-06,0.0
317642,6249727,32,60,7,1e-06,0.0
317642,6250727,44,59,20,1e-06,0.0
317642,6251727,66,240,21,1e-06,0.0
317642,6252727,67,235,3,2.8284402131886015,1.4142201055943007
317642,6254727,32,292,18,1e-06,4.99e-07
317642,6255727,27,32,3,1e-06,0.0
317642,6256727,29,83,11,1e-06,4.99e-07
317642,6257727,24,248,3,1e-06,0.0
317642,6258727,59,282,4,1e-06,4.99e-07
317642,6266727,72,72,2,1e-06,4.99e-07
317642,6267727,80,86,4,1e-06,4.99e-07
317642,6269727,80,242,1,1e-06,4.99e-07
317642,6270727,74,81,4,1e-06,4.99e-07
317642,6272727,74,82,7,1e-06,4.99e-07
317642,6273727,39,58,13,1e-06,0.0
317642,6276727,33,71,3,0.5223396449255329,0.0
317642,6277727,53,84,11,1e-06,4.99e-07
317642,6278727,71,95,11,1e-06,4.99e-07
317642,6280727,75,262,1,1e-06,4.99e-07
317642,6282727,67,95,1,1e-06,0.0
317642,6283727,70,87,8,1e-06,4.99e-07
317642,6284727,63,80,9,1e-06,4.99e-07
317642,6286727,46,65,3,1e-06,4.99e-07
317642,6287727,60,60,2,1e-06,0.0
317642,6289727,36,52,12,1e-06,0.0
317642,6292727,10,10,10,1e-06,0.0
317642,6293727,56,290,5,1e-06,4.99e-07
317642,6295727,38,278,1,1e-06,4.99e-07
317642,6296727,12,25,2,1e-06,0.0
317642,6299727,20,285,3,1e-06,4.99e-07
317642,6301727,8,262,1,1e-06,4.99e-07
317642,6306727,60,278,1,1e-06,4.99e-07
317642,6307727,46,270,1,inf,0.0
317642,6309727,42,296,6,1e-06,4.99e-07
317642,6310727,62,257,3,1e-06,0.0
317642,6312727,90,55,2,1e-06,0.0
317642,6318727,47,279,2,1e-06,4.99e-07
317642,6321727,51,265,5,1e-06,4.99e-07
317642,6322727,34,272,2,1e-06,4.99e-07
317642,6327727,50,302,10,1e-06,0.0
317642,6328727,44,287,4,1e-06,0.0
317642,6331727,51,304,6,1e-06,0.0
317642,6333727,70,299,18,1e-06,0.0
317642,6335727,69,309,10,1e-06,4.99e-07
317642,6337727,73,311,1,1e-06,0.0
317642,6338727,79,302,3,1e-06,0.0
317642,6339727,38,302,5,1e-06,0.0
317642,6340727,32,75,6,1e-06,4.99e-07
317642,6343727,34,71,1,1e-06,0.0
317642,6344727,32,85,9,1e-06,4.99e-07
317642,6346727,47,73,12,1e-06,4.99e-07
317642,6362727,60,288,1,1e-06,4.99e-07
317642,6371727,60,270,1,inf,0.0
317642,6384727,5,100,1,1e-06,0.0
317642,6404727,39,110,1,1e-06,0.0
317642,6446727,25,155,1,1e-06,4.99e-07
318642,6244727,69,41,3,1e-06,0.0
318642,6245727,78,88,2,1e-06,4.99e-07
318642,6246727,62,57,3,1e-06,0.0
318642,6247727,54,95,3,1e-06,4.99e-07
318642,6248727,86,235,2,1e-06,0.0
318642,6249727,27,276,25,1e-06,4.99e-07
318642,6250727,25,355,14,1e-06,4.99e-07
318642,6251727,33,252,4,1e-06,0.0
318642,6252727,46,250,13,1e-06,4.99e-07
318642,6253727,46,234,8,1e-06,0.0
318642,6254727,16,325,6,1e-06,4.99e-07
318642,6255727,48,251,6,1e-06,0.0
318642,6256727,61,256,3,1e-06,0.0
318642,6265727,68,77,3,1e-06,4.99e-07
318642,6267727,44,71,3,1e-06,4.99e-07
318642,6268727,67,75,4,1e-06,4.99e-07
318642,6269727,68,263,2,1e-06,4.99e-07
318642,6270727,51,66,7,1e-06,4.99e-07
318642,6271727,14,319,2,1e-06,0.0
318642,6272727,57,73,7,1e-06,4.99e-07
318642,6273727,77,81,4,1e-06,4.99e-07
318642,6274727,40,83,1,1e-06,0.0
318642,6276727,32,85,2,1e-06,4.99e-07
318642,6277727,63,86,7,1e-06,4.99e-07
318642,6278727,65,86,11,1e-06,4.99e-07
318642,6279727,40,93,2,1e-06,4.99e-07
318642,6282727,33,92,11,1e-06,4.99e-07
318642,6283727,40,82,1,1e-06,0.0
318642,6284727,31,94,6,1e-06,4.99e-07
318642,6287727,37,276,6,1e-06,4.99e-07
318642,6289727,45,95,2,1e-06,4.99e-07
318642,6291727,57,286,3,1e-06,0.0
318642,6292727,6,4,12,1e-06,0.0
318642,6293727,42,264,4,1e-06,4.99e-07
318642,6299727,63,265,4,1e-06,0.0
318642,6300727,18,290,5,1e-06,4.99e-07
318642,6301727,52,276,5,1e-06,4.99e-07
318642,6308727,58,271,6,1e-06,4.99e-07
318642,6309727,51,107,5,1e-06,4.99e-07
318642,6310727,58,246,5,1e-06,0.0
318642,6312727,64,262,4,1e-06,0.0
318642,6315727,62,237,8,1e-06,0.0
318642,6316727,74,235,2,1e-06,0.0
318642,6318727,68,257,14,1e-06,0.0
318642,6319727,79,270,4,1e-06,0.0
318642,6320727,83,93,1,1e-06,0.0
318642,6321727,18,187,4,67.26575431743184,0.0
318642,6322727,69,278,4,1e-06,4.99e-07
318642,6327727,73,294,3,1e-06,0.0
318642,6328727,32,290,8,1e-06,0.0
318642,6329727,57,290,1,1e-06,4.99e-07
318642,6330727,20,277,2,1e-06,4.99e-07
318642,6333727,75,297,3,1e-06,0.0
318642,6335727,71,304,2,1e-06,0.0
318642,6336727,73,299,7,1e-06,0.0
318642,6337727,79,295,3,1e-06,0.0
318642,6338727,77,297,3,1e-06,0.0
318642,6339727,73,130,1,1e-06,4.99e-07
318642,6340727,62,288,8,1e-06,0.0
318642,6341727,51,293,8,1e-06,0.0
318642,6343727,18,319,11,1e-06,0.0
318642,6344727,32,299,3,1e-06,4.99e-07
318642,6346727,38,64,1,1e-06,0.0
318642,6359727,43,84,2,1e-06,4.99e-07
318642,6361727,82,88,1,1e-06,0.0
318642,6362727,82,273,1,1e-06,4.99e-07
318642,6363727,85,280,1,1e-06,4.99e-07
318642,6365727,57,278,1,1e-06,4.99e-07
318642,6371727,49,290,1,1e-06,4.99e-07
318642,6383727,5,85,1,1e-06,0.0
318642,6421727,19,150,1,1e-06,4.99e-07
318642,6422727,0,0,1,inf,0.0
319642,6242727,80,75,1,1e-06,4.99e-07
319642,6243727,65,90,1,1e-06,0.0
319642,6244727,57,63,8,1e-06,0.0
319642,6245727,73,183,5,1e-06,4.99e-07
319642,6246727,28,176,5,1e-06,0.0
319642,6247727,63,234,7,1e-06,0.0
319642,6248727,31,46,13,1e-06,0.0
319642,6249727,30,245,10,1e-06,4.99e-07
319642,6250727,16,172,3,1e-06,0.0
319642,6251727,55,251,8,1e-06,4.99e-07
319642,6252727,50,208,1,1e-06,0.0
319642,6264727,23,73,3,1e-06,4.99e-07
319642,6265727,42,68,3,1e-06,4.99e-07
319642,6266727,40,67,11,1e-06,4.99e-07
319642,6267727,21,49,5,1e-06,0.0
319642,6268727,30,56,10,1e-06,0.0
319642,6270727,44,60,11,1e-06,0.0
319642,6272727,38,68,13,1e-06,4.99e-07
319642,6273727,42,70,13,1e-06,4.99e-07
319642,6274727,75,77,1,1e-06,0.0
319642,6275727,24,80,3,1e-06,4.99e-07
319642,6276727,47,85,6,1e-06,4.99e-07
319642,6278727,70,263,3,1e-06,0.0
319642,6279727,53,258,5,1e-06,4.99e-07
319642,6282727,51,266,3,1e-06,4.99e-07
319642,6283727,60,253,14,1e-06,4.99e-07
319642,6287727,48,269,12,1e-06,4.99e-07
319642,6288727,6,358,7,1e-06,0.0
319642,6291727,71,275,3,1e-06,4.99e-07
319642,6292727,53,280,7,1e-06,4.99e-07
319642,6295727,26,187,7,1e-06,0.0
319642,6297727,67,57,1,1e-06,4.99e-07
319642,6298727,54,281,3,1e-06,0.0
319642,6299727,21,356,3,1e-06,0.0
319642,6301727,41,278,9,1e-06,4.99e-07
319642,6302727,34,284,7,1e-06,4.99e-07
319642,6303727,64,72,4,1e-06,4.99e-07
319642,6304727,16,333,3,1e-06,4.99e-07
319642,6305727,35,280,1,1e-06,4.99e-07
319642,6306727,9,349,2,1e-06,4.99e-07
319642,6307727,19,356,8,1e-06,0.0
319642,6308727,56,262,4,1e-06,4.99e-07
319642,6309727,69,98,1,1e-06,0.0
319642,6315727,62,233,1,1e-06,4.99e-07
319642,6317727,62,224,2,1e-06,4.99e-07
319642,6318727,61,238,4,1e-06,4.99e-07
319642,6319727,78,269,1,1e-06,4.99e-07
319642,6320727,66,267,12,1e-06,4.99e-07
319642,6324727,80,302,5,1e-06,0.0
319642,6326727,77,295,2,1e-06,0.0
319642,6327727,77,298,1,1e-06,4.99e-07
319642,6330727,79,288,4,1e-06,0.0
319642,6335727,85,311,1,1e-06,4.99e-07
319642,6336727,74,299,6,1e-06,0.0
319642,6337727,77,298,2,1e-06,0.0
319642,6338727,74,294,2,1e-06,0.0
319642,6339727,76,292,10,1e-06,0.0
319642,6341727,70,279,5,1e-06,0.0
319642,6342727,65,297,4,1e-06,0.0
319642,6343727,63,287,5,1e-06,0.0
319642,6344727,76,287,5,1e-06,0.0
319642,6345727,78,295,1,1e-06,4.99e-07
319642,6359727,52,114,2,1e-06,4.99e-07
319642,6361727,70,293,6,1e-06,0.0
319642,6362727,80,276,7,1e-06,0.0
319642,6363727,86,268,1,1e-06,4.99e-07
319642,6372727,85,345,1,1e-06,0.0
319642,6373727,55,5,1,1e-06,0.0
319642,6403727,25,35,1,1e-06,4.99e-07
319642,6412727,39,135,1,1e-06,4.99e-07
319642,6415727,0,0,1,inf,0.0
319642,6424727,19,320,1,1e-06,0.0
319642,6458727,20,150,1,1e-06,4.99e-07
319642,6462727,22,165,1,1e-06,4.99e-07
320642,6239727,58,85,5,1e-06,4.99e-07
320642,6242727,72,108,1,1e-06,4.99e-07
320642,6243727,43,337,6,1e-06,4.99e-07
320642,6244727,78,223,4,1e-06,4.99e-07
320642,6245727,62,68,8,1e-06,0.0
320642,6246727,31,334,4,1e-06,4.99e-07
320642,6249727,74,79,6,1e-06,4.99e-07
320642,6252727,50,279,5,1e-06,4.99e-07
320642,6254727,69,59,5,1e-06,0.0
320642,6255727,70,60,1,1e-06,4.99e-07
320642,6263727,29,296,2,1e-06,0.0
320642,6264727,9,288,3,1e-06,4.99e-07
320642,6265727,25,295,7,1e-06,4.99e-07
320642,6266727,19,297,13,1e-06,4.99e-07
320642,6267727,18,324,9,1e-06,4.99e-07
320642,6268727,45,275,7,1e-06,4.99e-07
320642,6269727,24,318,9,1e-06,4.99e-07
320642,6270727,25,304,16,1e-06,4.99e-07
320642,6271727,60,264,1,1e-06,4.99e-07
320642,6272727,42,274,21,1e-06,4.99e-07
320642,6276727,57,254,10,1e-06,0.0
320642,6278727,59,257,5,1e-06,4.99e-07
320642,6279727,24,261,16,1e-06,4.99e-07
320642,6280727,41,268,10,1e-06,4.99e-07
320642,6281727,26,261,8,1e-06,4.99e-07
320642,6282727,14,270,16,1e-06,4.99e-07
320642,6283727,35,252,7,1e-06,4.99e-07
320642,6288727,62,66,8,1e-06,0.0
320642,6289727,83,71,2,1e-06,0.0
320642,6290727,64,92,4,1e-06,4.99e-07
320642,6291727,61,76,3,1e-06,4.99e-07
320642,6292727,6,183,15,1e-06,0.0
320642,6296727,77,87,1,1e-06,0.0
320642,6297727,9,255,3,1e-06,4.99e-07
320642,6298727,32,21,3,1e-06,0.0
320642,6300727,48,55,8,1e-06,0.0
320642,6301727,41,317,5,1e-06,4.99e-07
320642,6305727,76,78,1,1e-06,0.0
320642,6307727,38,253,11,1e-06,4.99e-07
320642,6308727,46,247,3,1e-06,0.0
320642,6318727,49,223,3,1e-06,4.99e-07
320642,6320727,74,260,6,1e-06,0.0
320642,6323727,88,313,1,1e-06,4.99e-07
320642,6326727,75,297,7,1e-06,0.0
320642,6332727,66,283,3,8.721369444782628,4.360684721391314
320642,6333727,82,299,2,1e-06,0.0
320642,6334727,43,237,13,1e-06,4.99e-07
320642,6335727,44,226,3,1e-06,4.99e-07
320642,6338727,70,292,5,1e-06,0.0
320642,6342727,78,285,2,1e-06,0.0
320642,6343727,74,287,4,1e-06,0.0
320642,6344727,48,181,2,1.3395645703130843,0.0
320642,6346727,21,39,4,1e-06,0.0
320642,6347727,57,285,2,1e-06,0.0
320642,6359727,57,106,10,1e-06,4.99e-07
320642,6360727,22,109,18,1e-06,0.0
320642,6361727,75,58,1,1e-06,4.99e-07
320642,6362727,58,118,5,1e-06,0.0
320642,6363727,80,99,2,1e-06,4.99e-07
320642,6364727,39,263,2,1e-06,4.99e-07
320642,6371727,60,335,1,1e-06,0.0
320642,6380727,60,65,1,1e-06,4.99e-07
320642,6383727,9,70,1,1e-06,0.0
320642,6396727,44,315,1,1e-06,0.0
320642,6404727,14,90,1,1e-06,0.0
320642,6444727,34,205,1,1e-06,0.0
320642,6462727,39,150,1,1e-06,4.99e-07
321642,6239727,39,230,7,1e-06,0.0
321642,6240727,49,156,1,1e-06,4.99e-07
321642,6241727,55,103,2,1e-06,4.99e-07
321642,6243727,55,248,11,1e-06,0.0
321642,6244727,43,245,16,1e-06,0.0
321642,6245727,45,45,8,1e-06,0.0
321642,6246727,80,57,3,1e-06,0.0
321642,6248727,77,255,3,1e-06,0.0
321642,6249727,80,252,1,1e-06,4.99e-07
321642,6252727,46,62,3,1e-06,0.0
321642,6253727,63,33,5,1e-06,0.0
321642,6254727,62,76,7,1e-06,4.99e-07
321642,6256727,14,15,1,1e-06,4.99e-07
321642,6260727,73,271,1,1e-06,4.99e-07
321642,6263727,50,272,10,1e-06,4.99e-07
321642,6265727,59,275,11,1e-06,4.99e-07
321642,6267727,51,280,6,1e-06,4.99e-07
321642,6268727,48,282,14,1e-06,0.0
321642,6269727,56,268,6,1e-06,4.99e-07
321642,6270727,61,265,3,1e-06,4.99e-07
321642,6271727,52,271,15,1e-06,4.99e-07
321642,6272727,55,269,6,1e-06,4.99e-07
321642,6273727,41,271,4,1e-06,4.99e-07
321642,6274727,24,268,5,1e-06,4.99e-07
321642,6276727,42,262,8,1e-06,4.99e-07
321642,6277727,44,262,1,1e-06,4.99e-07
321642,6279727,23,122,1,1e-06,4.99e-07
321642,6285727,44,65,6,1e-06,4.99e-07
321642,6286727,40,265,4,1e-06,4.99e-07
321642,6287727,27,66,1,1e-06,0.0
321642,6288727,19,44,10,1e-06,0.0
321642,6289727,35,32,1,1e-06,4.99e-07
321642,6292727,45,282,10,1e-06,4.99e-07
321642,6294727,28,92,5,1e-06,4.99e-07
321642,6295727,17,130,4,1e-06,0.0
321642,6296727,40,74,2,1e-06,4.99e-07
321642,6297727,12,343,4,1e-06,0.0
321642,6298727,40,52,3,1e-06,0.0
321642,6301727,40,25,19,1e-06,0.0
321642,6307727,26,61,3,1e-06,4.99e-07
321642,6308727,39,269,2,1e-06,4.99e-07
321642,6315727,34,223,1,1e-06,0.0
321642,6317727,56,209,3,1e-06,4.99e-07
321642,6318727,90,46,1,1e-06,4.99e-07
321642,6320727,64,249,2,1e-06,0.0
321642,6321727,73,294,1,1e-06,4.99e-07
321642,6322727,70,303,10,1e-06,0.0
321642,6324727,70,298,5,1e-06,0.0
321642,6326727,80,306,1,1e-06,4.99e-07
321642,6327727,78,294,6,1e-06,0.0
321642,6328727,82,301,4,1e-06,0.0
321642,6330727,71,292,4,1e-06,0.0
321642,6331727,49,296,3,1e-06,4.99e-07
321642,6334727,84,123,1,1e-06,4.99e-07
321642,6335727,64,281,4,1e-06,0.0
321642,6336727,73,303,5,1e-06,0.0
321642,6341727,77,296,1,1e-06,4.99e-07
321642,6342727,11,20,2,1e-06,4.99e-07
321642,6343727,75,299,2,1e-06,0.0
321642,6344727,70,295,5,1e-06,0.0
321642,6345727,78,292,4,1e-06,0.0
321642,6346727,73,290,1,1e-06,4.99e-07
321642,6359727,70,110,1,1e-06,4.99e-07
321642,6360727,49,196,2,2.1867635911550245,0.44259531698215737
321642,6361727,45,138,14,1e-06,0.0
321642,6362727,55,114,10,1e-06,0.0
321642,6363727,84,90,3,1e-06,4.99e-07
321642,6364727,70,97,4,1e-06,4.99e-07
321642,6365727,69,88,4,1e-06,4.99e-07
321642,6368727,19,100,1,1e-06,0.0
321642,6386727,44,125,1,1e-06,4.99e-07
321642,6411727,44,140,1,1e-06,4.99e-07
321642,6417727,5,180,1,1e-06,0.0
321642,6446727,40,194,1,1e-06,0.0
321642,6456727,19,350,1,1e-06,0.0
322642,6237727,71,100,3,1e-06,4.99e-07
322642,6239727,56,217,11,1e-06,4.99e-07
322642,6240727,63,230,10,1e-06,4.99e-07
322642,6241727,49,264,14,1e-06,0.0
322642,6242727,43,262,10,1e-06,4.99e-07
322642,6243727,10,284,11,1e-06,4.99e-07
322642,6246727,34,144,4,35.01147436057699,0.0
322642,6251727,23,23,4,1e-06,0.0
322642,6252727,32,308,4,1e-06,4.99e-07
322642,6253727,46,260,7,1e-06,4.99e-07
322642,6255727,64,259,7,1e-06,0.0
322642,6261727,60,268,1,1e-06,4.99e-07
322642,6262727,47,276,5,1e-06,4.99e-07
322642,6263727,65,277,5,1e-06,0.0
322642,6265727,56,264,11,1e-06,4.99e-07
322642,6267727,58,304,1,1e-06,4.99e-07
322642,6281727,67,254,2,1e-06,0.0
322642,6282727,70,275,3,1e-06,4.99e-07
322642,6284727,15,208,4,1e-06,4.99e-07
322642,6285727,90,98,1,1e-06,4.99e-07
322642,6289727,47,295,4,1e-06,4.99e-07
322642,6291727,51,252,3,1e-06,4.99e-07
322642,6292727,36,274,23,1e-06,4.99e-07
322642,6293727,26,273,8,1e-06,4.99e-07
322642,6294727,26,254,6,1e-06,4.99e-07
322642,6295727,70,271,1,1e-06,4.99e-07
322642,6296727,52,273,8,1e-06,0.0
322642,6297727,42,285,14,1e-06,4.99e-07
322642,6301727,36,307,17,1e-06,4.99e-07
322642,6305727,54,266,4,1e-06,0.0
322642,6307727,55,267,4,1e-06,4.99e-07
322642,6308727,28,272,3,1e-06,4.99e-07
322642,6309727,56,243,1,1e-06,4.99e-07
322642,6312727,40,248,1,1e-06,4.99e-07
322642,6314727,66,238,3,1e-06,0.0
322642,6315727,67,239,4,1e-06,0.0
322642,6316727,65,226,5,1e-06,4.99e-07
322642,6320727,68,290,1,1e-06,4.99e-07
322642,6324727,76,305,8,1e-06,0.0
322642,6325727,64,297,2,1e-06,0.0
322642,6331727,86,304,2,1e-06,0.0
322642,6336727,72,292,2,1e-06,0.0
322642,6338727,58,282,12,1e-06,0.0
322642,6344727,90,103,1,1e-06,4.99e-07
322642,6346727,69,311,8,1e-06,0.0
322642,6356727,75,290,1,1e-06,4.99e-07
322642,6362727,18,348,9,1e-06,0.0
322642,6363727,81,90,10,1e-06,4.99e-07
322642,6364727,36,71,10,1e-06,4.99e-07
322642,6365727,43,160,10,1e-06,0.0
322642,6366727,0,0,1,inf,0.0
322642,6369727,85,95,1,1e-06,0.0
322642,6396727,80,70,1,1e-06,4.99e-07
322642,6415727,5,315,1,1e-06,0.0
322642,6421727,0,0,1,inf,0.0
322642,6422727,25,320,2,1e-06,0.0
322642,6429727,70,329,1,1e-06,0.0
322642,6478727,19,350,1,1e-06,0.0
323642,6230727,49,80,1,1e-06,0.0
323642,6237727,58,104,6,1e-06,4.99e-07
323642,6239727,65,201,3,1e-06,4.99e-07
323642,6240727,55,191,15,1e-06,4.99e-07
323642,6241727,47,267,3,50.11562716830051,25.057813583150256
323642,6243727,26,43,3,1e-06,0.0
323642,6244727,16,333,2,12.531442363212735,5.717284842946511
323642,6245727,88,63,1,1e-06,4.99e-07
323642,6246727,31,244,9,1e-06,0.0
323642,6248727,34,270,2,1e-06,4.99e-07
323642,6249727,55,241,2,1e-06,0.0
323642,6250727,51,261,4,1e-06,0.0
323642,6251727,53,257,3,1e-06,4.99e-07
323642,6252727,64,263,4,1e-06,0.0
323642,6253727,61,263,9,1e-06,0.0
323642,6255727,67,260,11,1e-06,0.0
323642,6259727,70,268,4,1e-06,4.99e-07
323642,6260727,40,284,4,1e-06,4.99e-07
323642,6262727,15,27,3,1e-06,0.0
323642,6280727,60,261,2,1e-06,0.0
323642,6281727,23,239,15,1e-06,4.99e-07
323642,6283727,54,72,2,1e-06,4.99e-07
323642,6284727,31,82,5,1e-06,4.99e-07
323642,6285727,36,246,7,1e-06,4.99e-07
323642,6286727,27,249,2,1e-06,4.99e-07
323642,6289727,52,272,8,1e-06,4.99e-07
323642,6290727,65,274,1,1e-06,4.99e-07
323642,6291727,56,264,4,1e-06,0.0
323642,6292727,65,270,13,1e-06,4.99e-07
323642,6293727,70,268,3,17.92448335131538,0.0
323642,6296727,56,277,13,1e-06,0.0
323642,6297727,68,275,13,1e-06,0.0
323642,6298727,77,277,1,1e-06,4.99e-07
323642,6301727,47,283,23,1e-06,4.99e-07
323642,6305727,51,284,4,1e-06,0.0
323642,6307727,42,278,6,1e-06,4.99e-07
323642,6308727,31,288,1,1e-06,4.99e-07
323642,6312727,59,251,6,1e-06,0.0
323642,6313727,49,252,1,1e-06,4.99e-07
323642,6315727,75,246,1,1e-06,4.99e-07
323642,6317727,79,227,8,1e-06,4.99e-07
323642,6320727,68,259,4,1e-06,4.99e-07
323642,6321727,83,310,2,1e-06,0.0
323642,6322727,73,315,1,1e-06,0.0
323642,6323727,75,311,1,1e-06,0.0
323642,6324727,82,302,1,1e-06,4.99e-07
323642,6327727,73,298,4,1e-06,0.0
323642,6328727,72,302,4,1e-06,0.0
323642,6329727,76,297,2,1e-06,0.0
323642,6336727,83,295,2,1e-06,0.0
323642,6338727,72,293,1,1e-06,4.99e-07
323642,6339727,79,289,2,1e-06,0.0
323642,6363727,68,113,8,1e-06,0.0
323642,6365727,50,158,13,1e-06,0.0
323642,6368727,29,115,1,1e-06,0.0
323642,6376727,0,0,1,inf,0.0
323642,6377727,80,229,1,1e-06,4.99e-07
323642,6384727,19,90,1,1e-06,0.0
323642,6400727,0,0,1,inf,0.0
323642,6429727,70,300,1,1e-06,4.99e-07
323642,6436727,60,335,1,1e-06,0.0
323642,6449727,25,200,1,1e-06,0.0
324642,6237727,86,238,1,1e-06,4.99e-07
324642,6239727,75,195,5,1e-06,4.99e-07
324642,6240727,75,213,8,1e-06,4.99e-07
324642,6242727,65,60,2,1e-06,0.0
324642,6245727,63,66,7,1e-06,0.0
324642,6246727,21,34,10,1e-06,0.0
324642,6247727,35,337,8,1e-06,4.99e-07
324642,6248727,54,264,9,1e-06,4.99e-07
324642,6249727,66,245,1,1e-06,4.99e-07
324642,6250727,59,258,4,1e-06,0.0
324642,6251727,55,261,11,1e-06,0.0
324642,6255727,55,258,8,1e-06,4.99e-07
324642,6259727,63,281,3,1e-06,0.0
324642,6280727,36,105,9,1e-06,4.99e-07
324642,6281727,14,172,12,1e-06,0.0
324642,6284727,28,186,5,1e-06,0.0
324642,6285727,52,248,1,1e-06,4.99e-07
324642,6290727,5,306,2,4.381684358255338,0.0
324642,6291727,66,262,11,1e-06,4.99e-07
324642,6292727,64,264,8,1e-06,4.99e-07
324642,6293727,65,266,4,1e-06,4.99e-07
324642,6296727,79,271,2,1e-06,0.0
324642,6297727,76,271,2,1e-06,4.99e-07
324642,6298727,75,274,11,1e-06,4.99e-07
324642,6301727,59,276,24,1e-06,4.99e-07
324642,6303727,57,280,6,1e-06,4.99e-07
324642,6304727,82,271,1,1e-06,4.99e-07
324642,6306727,64,273,2,1e-06,4.99e-07
324642,6307727,64,288,2,1e-06,0.0
324642,6308727,57,271,3,1e-06,4.99e-07
324642,6312727,57,254,6,1e-06,0.0
324642,6317727,68,239,2,1e-06,0.0
324642,6318727,77,236,1,1e-06,4.99e-07
324642,6319727,61,228,2,1e-06,4.99e-07
324642,6320727,70,268,5,1e-06,4.99e-07
324642,6321727,79,308,7,1e-06,0.0
324642,6322727,76,298,5,1e-06,0.0
324642,6323727,87,296,2,1e-06,0.0
324642,6324727,82,300,3,1.4698742517672283,0.7349371248836142
324642,6325727,78,283,3,1e-06,0.0
324642,6327727,85,300,1,1e-06,4.99e-07
324642,6329727,42,345,5,1e-06,0.0
324642,6330727,73,300,9,1e-06,0.0
324642,6331727,68,298,10,1e-06,0.0
324642,6332727,76,304,3,1e-06,0.0
324642,6333727,89,111,1,1e-06,4.99e-07
324642,6336727,85,122,1,1e-06,4.99e-07
324642,6365727,74,158,1,1e-06,0.0
324642,6368727,37,110,2,1e-06,4.99e-07
324642,6375727,0,0,1,inf,0.0
324642,6377727,32,36,2,1e-06,0.0
324642,6378727,49,50,1,1e-06,4.99e-07
324642,6380727,55,95,1,1e-06,0.0
324642,6385727,34,80,1,1e-06,0.0
324642,6423727,9,275,1,1e-06,4.99e-07
324642,6430727,19,295,1,1e-06,4.99e-07
324642,6432727,70,329,1,1e-06,0.0
324642,6450727,29,204,1,1e-06,0.0
325642,6227727,80,265,1,1e-06,4.99e-07
325642,6231727,44,95,1,1e-06,0.0
325642,6235727,9,184,1,1e-06,0.0
325642,6236727,18,186,6,1e-06,4.99e-07
325642,6238727,63,200,7,1e-06,4.99e-07
325642,6239727,56,64,3,1.6673931401900866,0.8336965690950433
325642,6245727,39,265,5,1e-06,4.99e-07
325642,6246727,49,253,9,1e-06,4.99e-07
325642,6247727,61,262,4,1e-06,0.0
325642,6250727,65,261,12,1e-06,4.99e-07
325642,6251727,61,266,5,1e-06,4.99e-07
325642,6255727,39,241,9,1e-06,4.99e-07
325642,6256727,23,10,3,1e-06,0.0
325642,6262727,36,37,3,1e-06,0.0
325642,6276727,80,78,1,1e-06,0.0
325642,6281727,40,351,4,1.850771947493464,0.0
325642,6282727,44,180,4,51.92547195387985,0.0
325642,6287727,64,86,3,1e-06,4.99e-07
325642,6288727,86,100,1,1e-06,4.99e-07
325642,6290727,80,73,1,1e-06,4.99e-07
325642,6291727,72,269,5,1e-06,0.0
325642,6292727,64,252,9,1e-06,4.99e-07
325642,6293727,86,99,1,1e-06,4.99e-07
325642,6297727,67,268,6,1e-06,0.0
325642,6301727,73,277,7,1e-06,0.0
325642,6305727,59,277,2,1e-06,0.0
325642,6306727,41,264,1,1e-06,4.99e-07
325642,6309727,63,260,10,1e-06,0.0
325642,6310727,56,261,5,1e-06,4.99e-07
325642,6312727,34,272,3,1e-06,4.99e-07
325642,6313727,69,241,4,1e-06,0.0
325642,6316727,64,237,4,1e-06,0.0
325642,6318727,68,242,12,1e-06,0.0
325642,6319727,65,224,1,1e-06,0.0
325642,6321727,78,294,9,1e-06,0.0
325642,6322727,83,286,2,1e-06,0.0
325642,6323727,83,288,1,1e-06,4.99e-07
325642,6324727,77,291,5,1e-06,0.0
325642,6325727,82,280,1,1e-06,4.99e-07
325642,6327727,84,298,2,1e-06,0.0
325642,6328727,74,303,2,1e-06,0.0
325642,6329727,75,302,5,1e-06,0.0
325642,6330727,77,304,12,1e-06,0.0
325642,6331727,76,305,6,1e-06,0.0
325642,6332727,64,300,7,1e-06,0.0
325642,6333727,66,298,2,1e-06,0.0
325642,6338727,81,307,2,1e-06,0.0
325642,6339727,72,303,4,1e-06,0.0
325642,6340727,75,294,4,1e-06,0.0
325642,6342727,88,118,1,1e-06,4.99e-07
325642,6386727,29,90,1,1e-06,0.0
325642,6388727,39,100,1,1e-06,0.0
325642,6461727,48,163,3,1e-06,0.0
325642,6479727,29,350,1,1e-06,0.0
326642,6234727,90,95,1,1e-06,4.99e-07
326642,6235727,79,219,3,1e-06,4.99e-07
326642,6236727,88,75,1,1e-06,4.99e-07
326642,6238727,85,88,1,1e-06,0.0
326642,6239727,84,63,1,1e-06,4.99e-07
326642,6241727,17,302,1,1e-06,0.0
326642,6246727,71,253,8,1e-06,0.0
326642,6247727,45,264,3,20.334080722827586,0.0
326642,6251727,46,263,20,1e-06,4.99e-07
326642,6259727,75,70,1,1e-06,4.99e-07
326642,6262727,58,68,1,1e-06,0.0
326642,6278727,75,261,2,1e-06,0.0
326642,6281727,72,265,9,1e-06,0.0
326642,6282727,82,263,1,1e-06,4.99e-07
326642,6284727,76,263,4,1e-06,0.0
326642,6307727,27,281,1,1e-06,4.99e-07
326642,6308727,40,277,5,1e-06,4.99e-07
326642,6309727,67,261,6,1e-06,4.99e-07
326642,6310727,50,268,14,1e-06,4.99e-07
326642,6311727,25,296,3,1e-06,4.99e-07
326642,6312727,90,83,1,1e-06,4.99e-07
326642,6313727,43,234,4,1e-06,4.99e-07
326642,6316727,63,219,5,1e-06,4.99e-07
326642,6320727,84,73,1,1e-06,4.99e-07
326642,6323727,59,209,2,1e-06,0.0
326642,6325727,84,273,1,1e-06,4.99e-07
326642,6328727,78,292,2,1e-06,0.0
326642,6330727,70,306,3,1e-06,0.0
326642,6331727,73,308,6,1e-06,0.0
326642,6332727,67,310,5,1e-06,4.99e-07
326642,6333727,68,313,2,1e-06,4.99e-07
326642,6335727,66,308,2,1e-06,4.99e-07
326642,6338727,67,298,11,1e-06,0.0
326642,6339727,71,302,3,1e-06,0.0
326642,6340727,82,301,2,1e-06,0.0
326642,6341727,37,245,7,1e-06,4.99e-07
326642,6342727,58,265,10,1e-06,4.99e-07
326642,6349727,85,115,1,1e-06,4.99e-07
326642,6355727,85,300,1,1e-06,4.99e-07
326642,6388727,19,90,1,1e-06,0.0
326642,6416727,39,130,1,1e-06,4.99e-07
326642,6435727,75,355,1,1e-06,0.0
326642,6460727,40,159,2,1e-06,0.0
326642,6462727,49,170,1,1e-06,4.99e-07
326642,6475727,5,125,1,1e-06,4.99e-07
327642,6229727,44,90,1,1e-06,0.0
327642,6240727,22,289,7,1e-06,4.99e-07
327642,6243727,77,252,2,1e-06,0.0
327642,6244727,58,263,1,1e-06,4.99e-07
327642,6245727,66,248,1,1e-06,4.99e-07
327642,6246727,67,243,3,1e-06,0.0
327642,6247727,58,259,4,1e-06,0.0
327642,6250727,46,252,1,1e-06,4.99e-07
327642,6251727,17,274,5,1e-06,4.99e-07
327642,6272727,63,256,10,1e-06,0.0
327642,6276727,80,256,1,1e-06,4.99e-07
327642,6277727,76,69,5,1e-06,0.0
327642,6278727,69,250,5,1e-06,4.99e-07
327642,6280727,75,259,4,1e-06,0.0
327642,6281727,73,250,4,1e-06,0.0
327642,6282727,56,262,1,1e-06,4.99e-07
327642,6284727,61,247,3,1e-06,0.0
327642,6286727,71,261,2,1e-06,0.0
327642,6287727,72,267,2,1e-06,4.99e-07
327642,6310727,75,81,1,1e-06,0.0
327642,6314727,76,100,2,1e-06,4.99e-07
327642,6315727,88,296,1,1e-06,4.99e-07
327642,6318727,90,260,1,1e-06,4.99e-07
327642,6321727,78,101,5,1e-06,4.99e-07
327642,6323727,86,282,1,1e-06,4.99e-07
327642,6324727,75,264,3,1e-06,4.99e-07
327642,6332727,69,312,3,1e-06,4.99e-07
327642,6333727,74,310,5,1e-06,4.99e-07
327642,6334727,65,305,2,1e-06,0.0
327642,6336727,65,297,4,1e-06,0.0
327642,6337727,65,290,6,1e-06,0.0
327642,6338727,74,290,5,1e-06,0.0
327642,6339727,82,301,1,1e-06,4.99e-07
327642,6340727,84,287,3,1e-06,0.0
327642,6347727,69,121,2,1e-06,0.0
327642,6387727,19,100,1,1e-06,0.0
327642,6412727,29,150,1,1e-06,4.99e-07
327642,6414727,70,150,1,1e-06,4.99e-07
327642,6458727,42,343,3,1e-06,4.99e-07
327642,6477727,10,0,1,1e-06,0.0
328642,6225727,69,80,1,1e-06,0.0
328642,6239727,33,245,9,1e-06,0.0
328642,6240727,72,268,1,1e-06,4.99e-07
328642,6241727,61,258,1,1e-06,4.99e-07
328642,6243727,74,249,7,1e-06,0.0
328642,6244727,72,249,6,1e-06,0.0
328642,6246727,70,69,1,1e-06,4.99e-07
328642,6247727,81,256,2,1e-06,0.0
328642,6248727,64,254,2,1e-06,0.0
328642,6251727,8,300,2,9.009251004002842,4.005626690957801
328642,6272727,64,247,2,1e-06,0.0
328642,6278727,60,252,2,1e-06,0.0
328642,6287727,80,68,1,1e-06,4.99e-07
328642,6288727,70,248,1,1e-06,4.99e-07
328642,6315727,74,95,10,1e-06,4.99e-07
328642,6318727,78,76,2,1e-06,4.99e-07
328642,6319727,84,177,2,1.5364975118745305,0.014389730474385909
328642,6320727,65,276,4,1e-06,4.99e-07
328642,6323727,83,141,1,1e-06,4.99e-07
328642,6324727,86,114,5,1e-06,0.0
328642,6325727,89,84,4,1e-06,0.0
328642,6326727,64,355,3,1e-06,4.99e-07
328642,6327727,42,10,4,1e-06,0.0
328642,6328727,71,310,2,1e-06,4.99e-07
328642,6331727,75,312,1,1e-06,0.0
328642,6332727,74,313,3,1e-06,4.99e-07
328642,6333727,77,310,2,1e-06,0.0
328642,6334727,71,301,4,1e-06,0.0
328642,6335727,57,302,7,1e-06,0.0
328642,6336727,64,303,9,1e-06,0.0
328642,6337727,48,328,1,1e-06,0.0
328642,6338727,0,119,2,1e-06,4.99e-07
328642,6339727,65,296,3,1e-06,0.0
328642,6340727,71,294,2,1e-06,0.0
328642,6341727,68,296,5,1e-06,0.0
328642,6369727,14,5,1,1e-06,4.99e-07
328642,6374727,70,329,1,1e-06,0.0
328642,6457727,39,340,1,1e-06,0.0
328642,6475727,17,165,1,1e-06,4.99e-07
328642,6476727,3,115,1,1e-06,0.0
328642,6477727,3,25,1,1e-06,4.99e-07
328642,6478727,10,5,1,1e-06,4.99e-07
328642,6479727,25,5,1,1e-06,4.99e-07
329642,6239727,54,264,11,1e-06,4.99e-07
329642,6240727,74,228,1,1e-06,0.0
329642,6244727,44,244,3,1e-06,0.0
329642,6251727,86,76,4,1e-06,0.0
329642,6252727,86,258,1,1e-06,4.99e-07
329642,6275727,58,114,3,1e-06,0.0
329642,6292727,78,81,4,1e-06,0.0
329642,6298727,67,266,1,1e-06,4.99e-07
329642,6304727,73,69,1,1e-06,4.99e-07
329642,6306727,80,262,2,1e-06,4.99e-07
329642,6307727,64,263,2,1e-06,0.0
329642,6308727,77,281,1,1e-06,4.99e-07
329642,6309727,78,260,8,1e-06,0.0
329642,6314727,6,197,6,1e-06,4.99e-07
329642,6315727,51,245,10,1e-06,4.99e-07
329642,6320727,2,182,4,1e-06,4.99e-07
329642,6323727,80,114,4,1e-06,0.0
329642,6324727,83,110,5,1e-06,0.0
329642,6325727,62,285,7,1e-06,0.0
329642,6328727,71,114,4,1e-06,0.0
329642,6329727,51,107,2,1e-06,4.99e-07
329642,6330727,43,333,2,1e-06,4.99e-07
329642,6333727,90,118,1,1e-06,4.99e-07
329642,6334727,86,295,1,1e-06,4.99e-07
329642,6335727,36,32,2,1.2812218634697632,0.243870753496734
329642,6336727,70,303,12,1e-06,0.0
329642,6337727,63,303,5,1e-06,0.0
329642,6338727,34,291,4,1e-06,0.0
329642,6339727,33,270,4,1e-06,4.99e-07
329642,6341727,58,295,5,1e-06,0.0
329642,6343727,58,290,5,1e-06,0.0
329642,6363727,69,130,1,1e-06,4.99e-07
329642,6388727,39,135,1,1e-06,4.99e-07
329642,6391727,19,125,1,1e-06,4.99e-07
329642,6417727,19,140,1,1e-06,4.99e-07
329642,6473727,17,145,1,1e-06,4.99e-07
330642,6239727,55,262,4,1e-06,4.99e-07
330642,6240727,70,243,2,1e-06,0.0
330642,6252727,56,76,4,1e-06,4.99e-07
330642,6253727,64,75,2,1e-06,4.99e-07
330642,6286727,64,85,1,1e-06,0.0
330642,6287727,34,334,2,1e-06,4.99e-07
330642,6288727,79,87,1,1e-06,0.0
330642,6292727,83,264,1,1e-06,4.99e-07
330642,6296727,24,8,2,2.052303313665715,0.0
330642,6298727,65,280,4,1e-06,4.99e-07
330642,6304727,51,248,10,1e-06,4.99e-07
330642,6305727,77,240,3,1e-06,0.0
330642,6307727,76,259,2,1e-06,0.0
330642,6309727,1,239,6,0.6809553805152532,0.0
330642,6310727,32,358,2,1.6589349293993247,0.0
330642,6313727,86,275,1,1e-06,4.99e-07
330642,6314727,79,276,12,1e-06,0.0
330642,6319727,45,265,3,1e-06,4.99e-07
330642,6320727,18,335,2,7.055544281401271,0.0
330642,6322727,12,169,2,4.875908716957109,0.0
330642,6324727,52,302,5,6.977701895378646,3.4888509466893227
330642,6327727,75,109,8,1e-06,0.0
330642,6328727,76,102,3,1e-06,4.99e-07
330642,6329727,85,88,1,1e-06,0.0
330642,6330727,60,98,12,1e-06,4.99e-07
330642,6332727,56,304,6,1e-06,0.0
330642,6333727,61,329,3,0.7434972226367,0.37174861031835
330642,6335727,82,315,2,1e-06,4.99e-07
330642,6336727,75,306,10,1e-06,0.0
330642,6338727,65,298,9,1e-06,0.0
330642,6339727,46,301,3,1e-06,0.0
330642,6340727,43,296,10,1e-06,0.0
330642,6341727,52,307,6,1e-06,4.99e-07
330642,6342727,70,302,2,1e-06,0.0
330642,6343727,37,288,3,1e-06,0.0
330642,6344727,57,285,3,1e-06,0.0
330642,6369727,5,190,1,1e-06,0.0
330642,6390727,29,120,1,1e-06,4.99e-07
330642,6416727,34,145,1,1e-06,4.99e-07
330642,6427727,14,325,1,1e-06,0.0
330642,6474727,19,150,1,1e-06,4.99e-07
330642,6476727,89,5,1,1e-06,0.0
331642,6253727,69,72,6,1e-06,4.99e-07
331642,6275727,69,101,1,1e-06,0.0
331642,6295727,83,94,1,1e-06,0.0
331642,6296727,78,264,1,1e-06,4.99e-07
331642,6301727,90,96,1,1e-06,4.99e-07
331642,6302727,72,87,4,1e-06,4.99e-07
331642,6303727,80,274,11,1e-06,4.99e-07
331642,6305727,54,67,5,1e-06,4.99e-07
331642,6306727,68,252,4,1e-06,4.99e-07
331642,6307727,85,87,3,1e-06,0.0
331642,6309727,78,264,2,1e-06,0.0
331642,6310727,31,261,9,1e-06,4.99e-07
331642,6312727,65,82,3,5.825414532545798,0.0
331642,6313727,86,280,1,1e-06,4.99e-07
331642,6314727,79,276,16,1e-06,0.0
331642,6318727,41,106,5,1e-06,4.99e-07
331642,6319727,78,95,2,1e-06,4.99e-07
331642,6320727,7,346,2,5.963068201282336,0.0
331642,6325727,84,123,1,1e-06,4.99e-07
331642,6326727,84,122,2,1e-06,0.0
331642,6328727,72,94,7,1e-06,4.99e-07
331642,6329727,77,104,2,1e-06,0.0
331642,6330727,72,95,2,1e-06,4.99e-07
331642,6331727,77,101,1,1e-06,0.0
331642,6332727,53,70,13,1e-06,4.99e-07
331642,6333727,43,44,10,1e-06,0.0
331642,6334727,61,325,7,1e-06,4.99e-07
331642,6335727,6,273,2,8.930440175339655,3.967452695390001
331642,6336727,78,312,10,1e-06,4.99e-07
331642,6337727,63,306,3,1e-06,0.0
331642,6338727,60,304,7,1e-06,4.99e-07
331642,6339727,59,302,10,1e-06,0.0
331642,6340727,62,302,7,1e-06,0.0
331642,6341727,60,302,2,1e-06,0.0
331642,6342727,48,293,3,1e-06,4.99e-07
331642,6344727,54,303,5,1e-06,0.0
331642,6361727,80,310,1,1e-06,4.99e-07
331642,6463727,67,159,2,1e-06,0.0
332642,6253727,43,59,2,1e-06,0.0
332642,6268727,88,268,1,1e-06,4.99e-07
332642,6269727,73,265,3,1e-06,4.99e-07
332642,6270727,25,164,4,1e-06,0.0
332642,6276727,76,90,2,1e-06,4.99e-07
332642,6277727,75,92,2,1e-06,4.99e-07
332642,6278727,38,100,3,1e-06,4.99e-07
332642,6302727,11,18,4,1e-06,4.99e-07
332642,6303727,57,97,1,1e-06,0.0
332642,6304727,52,88,5,1e-06,4.99e-07
332642,6305727,75,269,1,1e-06,4.99e-07
332642,6307727,17,136,8,1e-06,4.99e-07
332642,6309727,33,257,3,1e-06,0.0
332642,6310727,71,95,6,1e-06,4.99e-07
332642,6312727,7,159,19,1e-06,0.0
332642,6313727,53,98,4,1e-06,4.99e-07
332642,6316727,37,110,8,1e-06,4.99e-07
332642,6317727,63,102,12,1e-06,4.99e-07
332642,6318727,58,109,11,1e-06,4.99e-07
332642,6319727,44,93,1,1e-06,0.0
332642,6321727,17,99,2,1e-06,4.99e-07
332642,6324727,12,40,2,9.032721020435668,4.012588811924359
332642,6328727,86,123,1,1e-06,4.99e-07
332642,6329727,40,73,3,1e-06,4.99e-07
332642,6333727,63,94,5,1e-06,4.99e-07
332642,6334727,70,88,1,1e-06,0.0
332642,6337727,70,316,7,1e-06,4.99e-07
332642,6338727,51,317,5,1e-06,4.99e-07
332642,6339727,46,303,2,1e-06,4.99e-07
332642,6340727,48,301,8,1e-06,0.0
332642,6341727,48,305,13,1e-06,4.99e-07
332642,6343727,67,296,1,1e-06,4.99e-07
332642,6344727,39,298,8,1e-06,0.0
332642,6345727,55,317,4,1e-06,4.99e-07
332642,6346727,20,189,2,0.8554883911646431,0.0
332642,6374727,90,140,1,1e-06,0.0
332642,6394727,60,140,1,1e-06,4.99e-07
332642,6401727,49,125,1,1e-06,4.99e-07
332642,6409727,54,335,1,1e-06,0.0
332642,6424727,34,160,1,1e-06,4.99e-07
332642,6463727,55,160,5,1e-06,0.0
333642,6252727,70,75,2,1e-06,4.99e-07
333642,6253727,62,73,11,1e-06,4.99e-07
333642,6268727,42,92,1,1e-06,0.0
333642,6269727,33,289,3,1e-06,4.99e-07
333642,6276727,41,75,1,1e-06,0.0
333642,6277727,74,280,2,1e-06,4.99e-07
333642,6283727,83,280,1,1e-06,4.99e-07
333642,6303727,34,255,4,1e-06,4.99e-07
333642,6304727,21,237,8,1e-06,4.99e-07
333642,6307727,21,253,3,1e-06,0.0
333642,6308727,40,245,3,1e-06,0.0
333642,6309727,31,252,19,1e-06,4.99e-07
333642,6310727,32,252,2,1e-06,0.0
333642,6312727,38,265,13,1e-06,4.99e-07
333642,6313727,35,282,1,1e-06,4.99e-07
333642,6314727,21,268,2,1e-06,0.0
333642,6315727,22,257,4,1e-06,4.99e-07
333642,6316727,27,258,11,1e-06,4.99e-07
333642,6317727,23,225,7,1e-06,4.99e-07
333642,6319727,58,264,1,1e-06,4.99e-07
333642,6320727,37,243,2,1e-06,0.0
333642,6321727,37,298,11,1e-06,4.99e-07
333642,6322727,30,286,4,1e-06,4.99e-07
333642,6323727,71,123,2,1e-06,0.0
333642,6329727,65,108,1,1e-06,0.0
333642,6330727,71,109,2,1e-06,0.0
333642,6331727,76,105,3,1e-06,4.99e-07
333642,6334727,70,110,1,1e-06,4.99e-07
333642,6336727,77,288,1,1e-06,4.99e-07
333642,6337727,42,333,4,1e-06,4.99e-07
333642,6338727,45,338,8,1e-06,4.99e-07
333642,6340727,38,317,1,1e-06,0.0
333642,6341727,53,310,9,1e-06,4.99e-07
333642,6344727,36,313,13,1e-06,4.99e-07
333642,6345727,42,315,6,1e-06,4.99e-07
333642,6346727,43,315,14,1e-06,4.99e-07
333642,6364727,80,145,1,1e-06,4.99e-07
333642,6401727,90,130,1,1e-06,4.99e-07
333642,6413727,9,130,1,1e-06,4.99e-07
333642,6435727,69,350,1,1e-06,0.0
333642,6457727,69,335,1,1e-06,0.0
333642,6465727,49,175,1,1e-06,0.0
334642,6227727,69,260,1,1e-06,4.99e-07
334642,6250727,77,64,1,1e-06,4.99e-07
334642,6252727,51,68,19,1e-06,4.99e-07
334642,6253727,40,78,1,1e-06,0.0
334642,6254727,26,63,8,1e-06,4.99e-07
334642,6263727,78,285,1,1e-06,4.99e-07
334642,6269727,61,269,2,1e-06,0.0
334642,6275727,28,23,1,1e-06,4.99e-07
334642,6276727,83,298,1,1e-06,4.99e-07
334642,6277727,20,333,4,1e-06,4.99e-07
334642,6278727,34,316,5,1e-06,0.0
334642,6303727,47,260,9,1e-06,4.99e-07
334642,6306727,39,234,1,1e-06,0.0
334642,6307727,34,251,6,1e-06,0.0
334642,6308727,38,248,8,1e-06,0.0
334642,6309727,27,259,1,1e-06,4.99e-07
334642,6310727,35,255,4,1e-06,4.99e-07
334642,6312727,24,244,3,1e-06,0.0
334642,6315727,22,269,3,1e-06,4.99e-07
334642,6316727,23,252,3,1e-06,4.99e-07
334642,6317727,37,261,4,1e-06,0.0
334642,6318727,37,256,13,1e-06,0.0
334642,6319727,37,236,4,1e-06,0.0
334642,6320727,31,258,1,1e-06,4.99e-07
334642,6321727,53,285,14,1e-06,0.0
334642,6322727,54,280,4,1e-06,4.99e-07
334642,6323727,55,294,3,1e-06,0.0
334642,6324727,54,293,1,1e-06,4.99e-07
334642,6327727,15,12,4,1e-06,0.0
334642,6328727,65,295,3,1e-06,0.0
334642,6329727,90,298,1,1e-06,4.99e-07
334642,6331727,70,108,5,1e-06,4.99e-07
334642,6336727,49,61,1,1e-06,4.99e-07
334642,6337727,34,89,2,1e-06,4.99e-07
334642,6338727,31,4,1,1e-06,4.99e-07
334642,6339727,29,35,1,1e-06,4.99e-07
334642,6341727,41,320,7,1e-06,4.99e-07
334642,6342727,39,319,2,1e-06,4.99e-07
334642,6343727,37,315,9,1e-06,4.99e-07
334642,6344727,32,319,5,1e-06,4.99e-07
334642,6345727,37,318,7,1e-06,4.99e-07
334642,6346727,29,319,8,1e-06,4.99e-07
334642,6364727,48,30,2,1e-06,0.0
334642,6425727,19,160,1,1e-06,4.99e-07
334642,6456727,29,335,1,1e-06,0.0
334642,6457727,40,345,1,1e-06,0.0
334642,6462727,29,342,2,1e-06,4.99e-07
334642,6464727,44,165,4,1e-06,0.0
335642,6250727,59,65,2,1e-06,0.0
335642,6251727,12,319,3,1e-06,4.99e-07
335642,6252727,65,251,5,1e-06,4.99e-07
335642,6253727,78,261,2,1e-06,0.0
335642,6257727,83,70,1,1e-06,4.99e-07
335642,6267727,90,88,1,1e-06,4.99e-07
335642,6271727,72,66,1,1e-06,4.99e-07
335642,6273727,26,56,17,1e-06,4.99e-07
335642,6274727,49,82,3,1e-06,4.99e-07
335642,6275727,20,336,7,1e-06,0.0
335642,6278727,72,287,1,1e-06,4.99e-07
335642,6292727,6,290,4,1e-06,4.99e-07
335642,6303727,46,257,7,1e-06,0.0
335642,6304727,37,262,3,1e-06,4.99e-07
335642,6306727,15,239,8,1e-06,0.0
335642,6307727,3,208,3,1e-06,0.0
335642,6308727,55,244,2,1e-06,0.0
335642,6309727,20,242,9,1e-06,0.0
335642,6315727,24,237,4,1e-06,0.0
335642,6317727,38,228,1,1e-06,0.0
335642,6318727,34,251,11,1e-06,0.0
335642,6319727,46,235,3,1e-06,0.0
335642,6320727,36,246,3,1e-06,4.99e-07
335642,6321727,47,246,2,1e-06,0.0
335642,6322727,55,282,5,1e-06,0.0
335642,6323727,56,301,1,1e-06,4.99e-07
335642,6324727,58,283,3,1e-06,0.0
335642,6325727,63,278,1,1e-06,4.99e-07
335642,6328727,28,289,3,1e-06,4.99e-07
335642,6329727,7,69,4,1e-06,4.99e-07
335642,6331727,70,115,9,1e-06,0.0
335642,6342727,49,322,2,1e-06,4.99e-07
335642,6343727,37,316,7,1e-06,4.99e-07
335642,6344727,39,335,1,1e-06,0.0
335642,6345727,38,312,8,1e-06,4.99e-07
335642,6346727,27,316,1,1e-06,0.0
335642,6402727,65,135,1,1e-06,4.99e-07
335642,6431727,14,40,1,1e-06,4.99e-07
335642,6461727,36,348,3,1e-06,4.99e-07
335642,6462727,29,355,1,1e-06,0.0
335642,6464727,53,176,3,1e-06,4.99e-07
336642,6251727,59,255,5,1e-06,4.99e-07
336642,6252727,78,258,20,1e-06,0.0
336642,6253727,75,268,5,1e-06,0.0
336642,6258727,73,263,4,1e-06,4.99e-07
336642,6264727,55,55,6,1e-06,0.0
336642,6265727,44,2,5,1e-06,0.0
336642,6273727,21,66,8,1e-06,4.99e-07
336642,6274727,65,273,7,1e-06,4.99e-07
336642,6275727,36,292,3,1e-06,4.99e-07
336642,6276727,77,248,1,1e-06,4.99e-07
336642,6278727,69,68,1,1e-06,4.99e-07
336642,6279727,80,266,1,1e-06,4.99e-07
336642,6293727,70,248,1,1e-06,4.99e-07
336642,6303727,28,258,11,1e-06,4.99e-07
336642,6304727,24,261,3,1e-06,4.99e-07
336642,6305727,18,235,9,1e-06,4.99e-07
336642,6309727,31,334,1,1e-06,0.0
336642,6319727,28,246,21,1e-06,0.0
336642,6320727,30,225,7,1e-06,4.99e-07
336642,6324727,56,289,2,1e-06,0.0
336642,6325727,66,283,4,1e-06,0.0
336642,6326727,67,286,1,1e-06,4.99e-07
336642,6327727,71,293,1,1e-06,4.99e-07
336642,6328727,50,305,3,1e-06,0.0
336642,6329727,37,302,1,1e-06,0.0
336642,6331727,46,124,3,1e-06,0.0
336642,6332727,71,123,2,1e-06,0.0
336642,6333727,57,114,1,1e-06,4.99e-07
336642,6343727,24,321,3,1e-06,4.99e-07
336642,6344727,35,323,4,1e-06,4.99e-07
336642,6345727,39,322,1,1e-06,0.0
336642,6346727,34,314,2,1e-06,4.99e-07
336642,6347727,32,318,3,1e-06,4.99e-07
336642,6382727,55,315,1,1e-06,0.0
336642,6390727,9,90,1,1e-06,0.0
336642,6425727,19,160,1,1e-06,4.99e-07
336642,6431727,5,36,2,1e-06,0.0
336642,6435727,70,5,1,1e-06,0.0
336642,6461727,40,345,1,1e-06,0.0
336642,6462727,27,344,4,1e-06,4.99e-07
336642,6464727,46,179,2,1e-06,4.99e-07
336642,6465727,49,180,1,1e-06,0.0
337642,6252727,73,256,10,1e-06,0.0
337642,6253727,78,254,1,1e-06,4.99e-07
337642,6257727,61,247,2,1e-06,0.0
337642,6265727,47,73,4,1e-06,4.99e-07
337642,6266727,27,16,1,1e-06,4.99e-07
337642,6271727,55,247,2,1e-06,0.0
337642,6272727,38,175,6,1e-06,0.0
337642,6273727,82,255,2,1e-06,0.0
337642,6274727,43,253,8,1e-06,4.99e-07
337642,6275727,66,275,6,1e-06,0.0
337642,6278727,47,94,8,1e-06,4.99e-07
337642,6279727,74,290,1,1e-06,4.99e-07
337642,6293727,17,297,1,1e-06,4.99e-07
337642,6301727,30,269,1,1e-06,4.99e-07
337642,6303727,29,260,6,1e-06,4.99e-07
337642,6304727,27,243,1,1e-06,4.99e-07
337642,6305727,13,260,5,1e-06,4.99e-07
337642,6306727,16,261,5,1e-06,4.99e-07
337642,6307727,23,243,2,1e-06,0.0
337642,6312727,43,126,6,1e-06,0.0
337642,6313727,21,220,10,1e-06,4.99e-07
337642,6318727,23,218,5,1e-06,4.99e-07
337642,6319727,28,232,6,1e-06,4.99e-07
337642,6320727,28,233,1,1e-06,0.0
337642,6321727,29,224,10,1e-06,4.99e-07
337642,6322727,29,206,8,1e-06,4.99e-07
337642,6323727,28,218,3,1e-06,4.99e-07
337642,6325727,46,245,1,1e-06,4.99e-07
337642,6326727,52,278,1,1e-06,4.99e-07
337642,6328727,62,311,7,1e-06,4.99e-07
337642,6332727,71,126,2,1e-06,0.0
337642,6334727,46,123,4,1e-06,0.0
337642,6335727,35,99,4,1e-06,4.99e-07
337642,6337727,30,118,1,1e-06,0.0
337642,6338727,60,107,1,1e-06,0.0
337642,6343727,44,333,1,1e-06,0.0
337642,6347727,31,315,10,1e-06,4.99e-07
337642,6351727,19,300,1,1e-06,4.99e-07
337642,6370727,44,300,1,1e-06,4.99e-07
337642,6376727,70,275,1,1e-06,4.99e-07
337642,6401727,80,135,1,1e-06,4.99e-07
337642,6430727,14,5,1,1e-06,4.99e-07
337642,6462727,49,346,3,1e-06,4.99e-07
338642,6250727,80,255,1,1e-06,4.99e-07
338642,6252727,59,252,4,1e-06,0.0
338642,6262727,31,80,1,1e-06,0.0
338642,6270727,63,247,2,1e-06,0.0
338642,6271727,67,265,3,1e-06,0.0
338642,6274727,73,260,3,1e-06,0.0
338642,6277727,16,5,2,1e-06,4.99e-07
338642,6279727,73,274,4,1e-06,4.99e-07
338642,6287727,41,303,2,1e-06,4.99e-07
338642,6288727,84,188,1,1e-06,0.0
338642,6290727,58,80,1,1e-06,0.0
338642,6291727,45,273,4,1e-06,4.99e-07
338642,6292727,20,278,7,1e-06,4.99e-07
338642,6293727,22,289,1,1e-06,4.99e-07
338642,6294727,39,285,1,1e-06,4.99e-07
338642,6302727,14,279,1,1e-06,4.99e-07
338642,6303727,38,269,1,1e-06,4.99e-07
338642,6304727,29,264,1,1e-06,4.99e-07
338642,6305727,46,269,2,1e-06,4.99e-07
338642,6306727,30,254,3,1e-06,4.99e-07
338642,6307727,29,259,1,1e-06,4.99e-07
338642,6308727,27,224,1,1e-06,0.0
338642,6310727,30,301,2,1e-06,4.99e-07
338642,6311727,12,353,3,1e-06,0.0
338642,6312727,16,150,12,1e-06,0.0
338642,6313727,20,160,6,1e-06,0.0
338642,6314727,19,270,6,1e-06,4.99e-07
338642,6317727,16,207,3,1e-06,4.99e-07
338642,6318727,25,179,7,1e-06,4.99e-07
338642,6319727,19,185,5,1e-06,4.99e-07
338642,6320727,22,199,1,1e-06,0.0
338642,6321727,19,203,1,1e-06,0.0
338642,6322727,27,242,1,1e-06,4.99e-07
338642,6323727,16,155,11,1e-06,0.0
338642,6324727,36,334,1,1e-06,0.0
338642,6325727,72,214,3,1e-06,4.99e-07
338642,6326727,41,296,3,1e-06,0.0
338642,6328727,68,298,1,1e-06,4.99e-07
338642,6329727,60,323,2,1e-06,4.99e-07
338642,6333727,8,338,1,1e-06,0.0
338642,6334727,27,342,1,1e-06,0.0
338642,6336727,29,98,1,1e-06,0.0
338642,6337727,57,101,9,1e-06,4.99e-07
338642,6338727,70,110,2,1e-06,0.0
338642,6339727,69,110,1,1e-06,4.99e-07
338642,6343727,40,105,2,1e-06,4.99e-07
338642,6347727,55,317,2,1e-06,4.99e-07
338642,6373727,25,239,1,1e-06,4.99e-07
338642,6379727,90,85,1,1e-06,4.99e-07
338642,6381727,80,355,1,1e-06,0.0
338642,6382727,90,10,1,1e-06,0.0
338642,6393727,60,175,1,1e-06,0.0
338642,6423727,19,150,1,1e-06,4.99e-07
338642,6427727,60,160,1,1e-06,4.99e-07
338642,6428727,9,30,1,1e-06,4.99e-07
338642,6462727,34,340,1,1e-06,0.0
339642,6270727,59,250,3,1e-06,0.0
339642,6271727,51,247,7,1e-06,0.0
339642,6273727,59,246,13,1e-06,0.0
339642,6278727,69,262,1,1e-06,4.99e-07
339642,6294727,39,281,3,1e-06,4.99e-07
339642,6295727,11,355,4,1e-06,0.0
339642,6301727,11,303,5,1e-06,4.99e-07
339642,6302727,24,78,5,1e-06,4.99e-07
339642,6304727,4,101,2,1e-06,4.99e-07
339642,6306727,30,261,2,1e-06,0.0
339642,6309727,49,261,1,1e-06,4.99e-07
339642,6310727,40,279,11,1e-06,4.99e-07
339642,6311727,33,297,2,1e-06,4.99e-07
339642,6312727,40,262,4,1e-06,4.99e-07
339642,6313727,38,242,12,1e-06,4.99e-07
339642,6314727,39,164,7,1e-06,0.0
339642,6315727,35,250,2,1e-06,0.0
339642,6317727,19,220,7,1e-06,4.99e-07
339642,6318727,16,199,4,1e-06,4.99e-07
339642,6322727,24,142,11,1e-06,0.0
339642,6323727,15,131,8,1e-06,0.0
339642,6324727,13,106,6,1e-06,4.99e-07
339642,6325727,45,104,6,1e-06,4.99e-07
339642,6326727,21,110,6,1e-06,4.99e-07
339642,6327727,47,296,14,1e-06,0.0
339642,6333727,39,306,1,1e-06,0.0
339642,6334727,28,327,7,1e-06,4.99e-07
339642,6337727,30,90,2,1e-06,4.99e-07
339642,6340727,65,123,2,1e-06,0.0
339642,6341727,61,114,1,1e-06,4.99e-07
339642,6342727,77,122,1,1e-06,4.99e-07
339642,6346727,61,323,4,1e-06,4.99e-07
339642,6375727,60,184,1,1e-06,0.0
339642,6384727,75,275,1,1e-06,4.99e-07
339642,6415727,14,335,1,1e-06,0.0
339642,6427727,0,0,1,inf,0.0
339642,6428727,0,0,1,inf,0.0
339642,6429727,14,100,2,1e-06,0.0
339642,6432727,0,0,1,inf,0.0
340642,6269727,44,260,2,1e-06,4.99e-07
340642,6270727,62,252,7,1e-06,0.0
340642,6271727,67,253,3,1e-06,0.0
340642,6278727,69,262,2,1e-06,0.0
340642,6294727,50,275,9,1e-06,4.99e-07
340642,6295727,51,270,5,1e-06,4.99e-07
340642,6296727,60,265,2,1e-06,0.0
340642,6297727,61,279,1,1e-06,4.99e-07
340642,6301727,46,251,2,1e-06,0.0
340642,6302727,11,36,3,1e-06,0.0
340642,6304727,50,270,2,1e-06,0.0
340642,6306727,35,251,2,1e-06,0.0
340642,6307727,41,254,1,1e-06,4.99e-07
340642,6308727,47,254,1,1e-06,4.99e-07
340642,6309727,34,276,1,1e-06,4.99e-07
340642,6310727,39,261,8,1e-06,0.0
340642,6312727,39,256,8,1e-06,0.0
340642,6313727,51,264,8,1e-06,4.99e-07
340642,6314727,49,258,1,1e-06,4.99e-07
340642,6315727,34,193,2,1e-06,4.99e-07
340642,6318727,19,227,7,1e-06,4.99e-07
340642,6321727,27,128,4,1e-06,0.0
340642,6322727,23,137,5,1e-06,0.0
340642,6323727,8,98,1,1e-06,0.0
340642,6324727,15,69,4,1e-06,4.99e-07
340642,6325727,48,295,3,1e-06,4.99e-07
340642,6327727,66,84,2,1e-06,4.99e-07
340642,6328727,62,346,7,1e-06,4.99e-07
340642,6333727,40,316,13,1e-06,4.99e-07
340642,6334727,29,302,1,1e-06,0.0
340642,6335727,36,305,5,1e-06,4.99e-07
340642,6336727,16,330,6,1e-06,4.99e-07
340642,6337727,34,317,3,1e-06,4.99e-07
340642,6340727,68,108,1,1e-06,0.0
340642,6341727,70,119,3,1e-06,0.0
340642,6342727,71,124,2,1e-06,0.0
340642,6346727,39,138,1,1e-06,4.99e-07
340642,6378727,23,246,2,1e-06,4.99e-07
340642,6416727,5,330,1,1e-06,0.0
340642,6417727,25,150,1,1e-06,4.99e-07
340642,6421727,44,155,1,1e-06,4.99e-07
340642,6426727,40,160,1,1e-06,4.99e-07
340642,6436727,14,5,1,1e-06,4.99e-07
341642,6252727,75,63,3,1e-06,0.0
341642,6263727,28,239,5,1e-06,4.99e-07
341642,6269727,63,249,5,1e-06,0.0
341642,6270727,64,258,2,1e-06,0.0
341642,6278727,30,262,2,1e-06,0.0
341642,6296727,65,261,4,1e-06,0.0
341642,6306727,48,259,1,1e-06,4.99e-07
341642,6307727,55,256,7,1e-06,0.0
341642,6308727,41,238,2,1e-06,4.99e-07
341642,6309727,37,259,1,1e-06,4.99e-07
341642,6310727,50,251,4,1e-06,0.0
341642,6311727,57,251,4,1e-06,0.0
341642,6313727,47,265,7,1e-06,4.99e-07
341642,6317727,11,190,1,1e-06,0.0
341642,6318727,16,218,4,1e-06,4.99e-07
341642,6320727,48,103,1,1e-06,0.0
341642,6321727,25,128,1,1e-06,4.99e-07
341642,6323727,52,116,1,1e-06,4.99e-07
341642,6324727,21,75,3,1e-06,4.99e-07
341642,6325727,23,9,6,1e-06,0.0
341642,6326727,15,5,4,1e-06,0.0
341642,6327727,19,358,5,1e-06,0.0
341642,6328727,16,2,3,1e-06,0.0
341642,6329727,54,334,2,1e-06,4.99e-07
341642,6330727,78,237,2,1e-06,0.0
341642,6331727,32,317,1,1e-06,0.0
341642,6332727,57,324,1,1e-06,0.0
341642,6333727,43,319,1,1e-06,0.0
341642,6335727,34,300,9,1e-06,0.0
341642,6336727,37,310,5,1e-06,4.99e-07
341642,6341727,58,103,1,1e-06,0.0
341642,6343727,30,32,2,1.8666876725441552,0.5056364041050849
341642,6346727,64,128,1,1e-06,4.99e-07
341642,6357727,60,310,1,1e-06,0.0
341642,6377727,90,110,1,1e-06,4.99e-07
341642,6380727,60,150,1,1e-06,4.99e-07
341642,6409727,0,240,2,1e-06,4.99e-07
341642,6428727,69,50,1,1e-06,4.99e-07
341642,6431727,0,0,1,inf,0.0
341642,6435727,44,350,1,1e-06,0.0
342642,6263727,41,241,4,1e-06,0.0
342642,6308727,41,269,1,1e-06,4.99e-07
342642,6311727,36,264,2,1e-06,0.0
342642,6313727,44,192,1,1e-06,0.0
342642,6317727,25,290,3,1e-06,0.0
342642,6318727,10,265,10,1e-06,4.99e-07
342642,6321727,9,166,4,1e-06,0.0
342642,6322727,60,108,1,1e-06,0.0
342642,6325727,31,80,1,1e-06,0.0
342642,6326727,28,60,7,1e-06,4.99e-07
342642,6331727,44,323,5,1e-06,4.99e-07
342642,6332727,23,325,2,1e-06,4.99e-07
342642,6334727,51,302,2,1e-06,0.0
342642,6336727,33,304,3,1e-06,4.99e-07
342642,6337727,25,258,2,0.6675393430361887,0.0
342642,6338727,32,298,1,1e-06,4.99e-07
342642,6341727,16,17,3,1e-06,4.99e-07
342642,6342727,66,128,1,1e-06,4.99e-07
342642,6346727,64,127,5,1e-06,0.0
342642,6357727,69,305,1,1e-06,4.99e-07
342642,6380727,44,170,1,1e-06,4.99e-07
342642,6394727,25,330,1,1e-06,0.0
342642,6398727,44,145,1,1e-06,4.99e-07
342642,6407727,65,150,1,1e-06,4.99e-07
342642,6408727,44,150,1,1e-06,4.99e-07
342642,6409727,25,160,1,1e-06,4.99e-07
342642,6422727,29,165,1,1e-06,4.99e-07
342642,6427727,39,165,1,1e-06,4.99e-07
342642,6428727,19,80,1,1e-06,0.0
343642,6318727,37,43,1,1e-06,4.99e-07
343642,6327727,32,61,1,1e-06,4.99e-07
343642,6332727,26,295,3,1e-06,4.99e-07
343642,6334727,44,295,6,1e-06,0.0
343642,6335727,50,285,2,1e-06,0.0
343642,6336727,47,292,7,1e-06,0.0
343642,6337727,56,298,1,1e-06,4.99e-07
343642,6339727,57,301,2,1e-06,0.0
343642,6341727,26,315,3,1e-06,0.0
343642,6346727,30,329,5,1e-06,0.0
343642,6386727,75,300,1,1e-06,4.99e-07
343642,6405727,80,150,1,1e-06,4.99e-07
343642,6416727,25,325,1,1e-06,0.0
343642,6426727,44,155,1,1e-06,4.99e-07
343642,6431727,29,65,1,1e-06,0.0
343642,6437727,35,224,1,1e-06,0.0
344642,6306727,50,106,2,1e-06,4.99e-07
344642,6317727,69,80,2,1e-06,4.99e-07
344642,6318727,72,76,4,1e-06,4.99e-07
344642,6328727,32,62,2,1e-06,4.99e-07
344642,6330727,64,96,1,1e-06,0.0
344642,6331727,68,99,1,1e-06,0.0
344642,6332727,77,100,1,1e-06,0.0
344642,6333727,68,99,1,1e-06,0.0
344642,6335727,16,274,11,1e-06,4.99e-07
344642,6336727,28,318,2,1e-06,4.99e-07
344642,6338727,50,291,3,1e-06,0.0
344642,6339727,66,295,10,1e-06,0.0
344642,6341727,68,290,6,1e-06,0.0
344642,6346727,52,39,2,1e-06,0.0
344642,6357727,80,265,1,1e-06,4.99e-07
344642,6378727,60,125,1,1e-06,4.99e-07
345642,6306727,26,103,3,1e-06,4.99e-07
345642,6318727,80,76,1,1e-06,4.99e-07
345642,6325727,83,285,2,1e-06,0.0
345642,6326727,77,74,3,1e-06,4.99e-07
345642,6328727,80,102,1,1e-06,0.0
345642,6331727,61,101,6,1e-06,4.99e-07
345642,6332727,74,101,8,1e-06,4.99e-07
345642,6334727,72,111,4,1e-06,0.0
345642,6335727,69,116,7,1e-06,0.0
345642,6336727,20,79,5,1e-06,4.99e-07
345642,6338727,52,293,4,1e-06,0.0
345642,6339727,55,296,2,1e-06,0.0
345642,6433727,0,0,1,inf,0.0
346642,6305727,51,109,12,1e-06,4.99e-07
346642,6318727,83,78,1,1e-06,4.99e-07
346642,6331727,19,178,7,1e-06,0.0
346642,6332727,75,94,9,1e-06,4.99e-07
346642,6333727,81,100,5,1e-06,0.0
346642,6334727,72,111,4,1e-06,0.0
346642,6335727,76,111,6,1e-06,0.0
346642,6338727,59,109,1,1e-06,0.0
346642,6339727,59,105,1,1e-06,0.0
346642,6340727,35,279,1,1e-06,4.99e-07
346642,6345727,58,288,3,1e-06,0.0
346642,6388727,80,340,1,1e-06,0.0
346642,6407727,69,155,1,1e-06,4.99e-07
346642,6417727,49,325,1,1e-06,0.0
346642,6430727,60,170,1,1e-06,0.0
347642,6330727,85,274,1,1e-06,4.99e-07
347642,6332727,77,101,1,1e-06,0.0
347642,6339727,52,118,4,1e-06,0.0
347642,6340727,60,123,1,1e-06,4.99e-07
347642,6345727,23,238,1,1e-06,0.0
347642,6346727,17,195,3,1e-06,4.99e-07
347642,6377727,34,145,1,1e-06,4.99e-07
347642,6393727,80,345,1,1e-06,0.0
347642,6430727,49,345,1,1e-06,0.0
347642,6454727,29,204,1,1e-06,0.0
347642,6457727,29,150,1,1e-06,4.99e-07
347642,6458727,69,10,1,1e-06,0.0
347642,6478727,49,170,1,1e-06,4.99e-07
348642,6292727,34,30,2,1e-06,0.0
348642,6295727,22,60,6,1e-06,4.99e-07
348642,6333727,43,86,3,3.0115938745094133,0.0
348642,6338727,52,130,6,1e-06,0.0
348642,6339727,65,134,11,1e-06,0.0
348642,6344727,34,251,3,1e-06,0.0
348642,6345727,27,256,9,1e-06,0.0
348642,6346727,27,230,1,1e-06,0.0
348642,6347727,16,359,2,1e-06,4.99e-07
348642,6369727,19,345,1,1e-06,0.0
348642,6414727,44,320,1,1e-06,0.0
348642,6456727,5,184,1,1e-06,0.0
349642,6292727,65,69,1,1e-06,0.0
349642,6293727,42,64,3,1e-06,4.99e-07
349642,6336727,79,131,2,1e-06,0.0
349642,6338727,67,136,2,1e-06,0.0
349642,6339727,52,158,1,1e-06,4.99e-07
349642,6344727,20,159,3,1e-06,0.0
349642,6345727,26,115,3,1e-06,4.99e-07
349642,6347727,45,333,2,1e-06,4.99e-07
349642,6383727,80,155,1,1e-06,0.0
349642,6388727,80,0,1,1e-06,0.0
349642,6398727,65,330,1,1e-06,0.0
350642,6296727,52,264,1,1e-06,4.99e-07
350642,6325727,39,111,3,1e-06,0.0
350642,6331727,38,138,3,1e-06,0.0
350642,6336727,71,138,6,1e-06,0.0
350642,6339727,69,165,1,1e-06,0.0
350642,6342727,62,121,5,1e-06,0.0
350642,6343727,53,105,4,1e-06,4.99e-07
350642,6347727,67,1,7,1e-06,4.99e-07
350642,6348727,86,359,2,1e-06,4.99e-07
350642,6367727,80,320,1,1e-06,0.0
350642,6428727,39,165,1,1e-06,4.99e-07
351642,6325727,80,291,1,1e-06,4.99e-07
351642,6331727,39,202,1,1e-06,0.0
351642,6334727,16,344,3,1e-06,0.0
351642,6335727,32,105,6,1e-06,4.99e-07
351642,6336727,59,140,3,1e-06,0.0
351642,6337727,79,165,3,1e-06,4.99e-07
351642,6338727,79,167,7,1e-06,4.99e-07
351642,6339727,64,171,7,1e-06,4.99e-07
351642,6340727,58,182,7,1e-06,4.99e-07
351642,6341727,60,205,4,1e-06,4.99e-07
351642,6342727,60,238,1,1e-06,4.99e-07
351642,6345727,73,308,1,1e-06,4.99e-07
351642,6346727,54,353,1,1e-06,0.0
351642,6347727,79,359,3,1e-06,4.99e-07
351642,6360727,90,130,1,1e-06,4.99e-07
351642,6429727,39,165,1,1e-06,4.99e-07
351642,6454727,14,210,1,1e-06,0.0
352642,6323727,88,293,1,1e-06,4.99e-07
352642,6329727,70,307,7,1e-06,0.0
352642,6331727,76,334,2,1e-06,4.99e-07
352642,6335727,13,45,9,1e-06,0.0
352642,6336727,59,165,2,1e-06,0.0
352642,6339727,86,178,1,1e-06,0.0
352642,6342727,69,234,2,1e-06,0.0
352642,6346727,75,287,6,1e-06,0.0
352642,6347727,78,357,8,1e-06,4.99e-07
352642,6416727,0,0,1,inf,0.0
352642,6429727,49,165,1,1e-06,4.99e-07
352642,6441727,34,0,1,1e-06,0.0
352642,6443727,34,10,1,1e-06,4.99e-07
352642,6446727,9,150,1,1e-06,4.99e-07
353642,6323727,51,328,7,1e-06,0.0
353642,6330727,72,345,2,1e-06,4.99e-07
353642,6334727,44,146,1,1e-06,4.99e-07
353642,6335727,35,157,2,1e-06,0.0
353642,6336727,38,206,6,1e-06,4.99e-07
353642,6339727,54,268,6,1.2252535706024403,0.6126267843012202
353642,6340727,78,193,2,1e-06,4.99e-07
353642,6341727,82,188,1,1e-06,0.0
353642,6344727,67,241,2,1e-06,0.0
353642,6345727,46,270,3,2.6513907162305284,0.0
353642,6346727,8,282,8,1e-06,4.99e-07
353642,6347727,71,311,4,1e-06,0.0
353642,6357727,69,130,1,1e-06,4.99e-07
353642,6383727,80,155,1,1e-06,0.0
353642,6388727,60,70,1,1e-06,0.0
353642,6389727,60,20,1,1e-06,4.99e-07
353642,6396727,17,154,2,30.88594410589077,14.802476371972185
353642,6401727,49,325,1,1e-06,0.0
353642,6405727,70,145,1,1e-06,4.99e-07
354642,6323727,22,93,2,7.356931775099924,0.0
354642,6324727,60,327,7,1e-06,4.99e-07
354642,6325727,59,322,5,1e-06,4.99e-07
354642,6329727,58,358,11,1e-06,4.99e-07
354642,6335727,45,219,3,1e-06,4.99e-07
354642,6336727,50,217,8,1e-06,4.99e-07
354642,6339727,88,168,1,1e-06,0.0
354642,6340727,65,262,2,2.286644810673545,0.0
354642,6341727,48,339,7,4.535614235504006,0.0
354642,6342727,83,179,9,1e-06,4.99e-07
354642,6343727,72,178,3,1e-06,4.99e-07
354642,6344727,70,211,2,1e-06,4.99e-07
354642,6345727,30,217,3,1e-06,4.99e-07
354642,6346727,82,70,4,1e-06,0.0
354642,6347727,88,260,1,1e-06,4.99e-07
354642,6374727,5,340,1,1e-06,0.0
354642,6420727,29,330,1,1e-06,0.0
355642,6324727,52,329,6,1e-06,4.99e-07
355642,6329727,64,333,6,1e-06,4.99e-07
355642,6339727,78,55,2,1e-06,0.0
355642,6340727,15,280,10,1e-06,0.0
355642,6341727,44,278,2,6.104366070331084,0.0
355642,6343727,85,182,2,1e-06,4.99e-07
355642,6346727,81,230,1,1e-06,4.99e-07
355642,6404727,9,310,1,1e-06,0.0
355642,6432727,44,60,1,1e-06,4.99e-07
355642,6433727,29,35,1,1e-06,4.99e-07
355642,6474727,14,184,1,1e-06,0.0
355642,6476727,9,234,1,1e-06,0.0
356642,6323727,11,224,10,1e-06,4.99e-07
356642,6324727,22,311,9,1e-06,0.0
356642,6338727,58,75,8,1e-06,4.99e-07
356642,6339727,74,66,5,1e-06,0.0
356642,6340727,37,247,3,1e-06,0.0
356642,6341727,79,224,1,1e-06,0.0
356642,6342727,83,193,1,1e-06,0.0
356642,6345727,73,115,3,1e-06,0.0
356642,6347727,72,91,1,1e-06,0.0
356642,6348727,44,125,1,1e-06,4.99e-07
356642,6405727,19,300,1,1e-06,4.99e-07
356642,6411727,69,170,1,1e-06,0.0
356642,6434727,29,20,1,1e-06,4.99e-07
357642,6319727,28,107,3,4.6137600097347615,2.3068800038673807
357642,6320727,62,128,1,1e-06,4.99e-07
357642,6321727,77,280,1,1e-06,4.99e-07
357642,6323727,66,234,4,1e-06,0.0
357642,6325727,85,112,2,1e-06,0.0
357642,6326727,78,294,1,1e-06,4.99e-07
357642,6333727,64,115,11,1e-06,0.0
357642,6338727,60,66,3,31.459577046014363,0.0
357642,6341727,82,261,1,1e-06,4.99e-07
357642,6344727,45,191,9,1e-06,4.99e-07
357642,6345727,32,218,3,1e-06,0.0
357642,6346727,44,165,3,1e-06,0.0
357642,6347727,43,133,9,1e-06,0.0
357642,6375727,5,340,1,1e-06,0.0
357642,6413727,65,155,1,1e-06,4.99e-07
357642,6418727,19,5,1,1e-06,4.99e-07
357642,6419727,19,5,1,1e-06,4.99e-07
357642,6421727,19,325,1,1e-06,0.0
357642,6477727,29,10,1,1e-06,4.99e-07
358642,6327727,44,194,7,1e-06,4.99e-07
358642,6329727,68,136,1,1e-06,4.99e-07
358642,6330727,58,163,1,1e-06,4.99e-07
358642,6335727,34,98,1,1e-06,0.0
358642,6336727,57,114,1,1e-06,4.99e-07
358642,6338727,60,349,1,1e-06,0.0
358642,6339727,51,273,2,1e-06,0.0
358642,6341727,63,247,8,1e-06,0.0
358642,6343727,32,181,1,1e-06,0.0
358642,6344727,71,204,4,1e-06,4.99e-07
358642,6345727,76,259,2,1e-06,0.0
358642,6377727,5,330,1,1e-06,0.0
358642,6390727,49,50,1,1e-06,4.99e-07
358642,6417727,14,120,1,1e-06,4.99e-07
358642,6476727,85,194,1,1e-06,0.0
359642,6326727,60,256,1,1e-06,4.99e-07
359642,6327727,55,245,4,1e-06,0.0
359642,6329727,60,160,1,1e-06,4.99e-07
359642,6330727,60,199,3,1e-06,4.99e-07
359642,6332727,49,174,1,1e-06,0.0
359642,6335727,37,111,1,1e-06,0.0
359642,6338727,33,9,5,1e-06,0.0
359642,6339727,29,14,6,1e-06,0.0
359642,6340727,45,207,5,1e-06,4.99e-07
359642,6341727,74,258,10,1e-06,0.0
359642,6342727,78,256,3,1e-06,0.0
359642,6345727,61,80,1,1e-06,0.0
359642,6379727,0,0,1,inf,0.0
359642,6407727,15,194,2,1e-06,4.99e-07
359642,6419727,19,335,1,1e-06,0.0
359642,6425727,29,340,1,1e-06,0.0
359642,6427727,29,175,1,1e-06,4.99e-07
359642,6478727,0,0,1,inf,0.0
359642,6479727,11,340,1,1e-06,0.0
360642,6322727,66,226,3,1e-06,4.99e-07
360642,6327727,53,271,3,1e-06,0.0
360642,6328727,60,255,1,1e-06,4.99e-07
360642,6330727,73,247,2,1e-06,0.0
360642,6339727,34,112,3,1e-06,4.99e-07
360642,6341727,60,204,2,1e-06,4.99e-07
360642,6342727,81,280,2,1e-06,0.0
360642,6343727,90,85,1,1e-06,4.99e-07
360642,6364727,80,260,1,1e-06,4.99e-07
360642,6410727,59,182,2,1e-06,4.99e-07
360642,6420727,9,340,1,1e-06,0.0
360642,6421727,19,160,1,1e-06,4.99e-07
360642,6423727,29,335,1,1e-06,0.0
360642,6424727,29,335,1,1e-06,0.0
360642,6428727,25,184,1,1e-06,0.0
360642,6434727,29,5,1,1e-06,4.99e-07
360642,6438727,25,35,1,1e-06,4.99e-07
361642,6322727,69,250,1,1e-06,4.99e-07
361642,6330727,70,215,1,1e-06,0.0
361642,6340727,78,142,2,1e-06,0.0
361642,6341727,62,134,1,1e-06,4.99e-07
361642,6360727,39,220,1,1e-06,0.0
361642,6391727,25,30,1,1e-06,4.99e-07
361642,6412727,54,170,1,1e-06,0.0
361642,6416727,60,165,1,1e-06,4.99e-07
361642,6417727,25,175,1,1e-06,4.99e-07
361642,6420727,7,340,2,1e-06,4.99e-07
361642,6421727,9,330,1,1e-06,0.0
361642,6423727,25,340,2,1e-06,4.99e-07
361642,6426727,19,330,1,1e-06,0.0
361642,6427727,14,194,1,1e-06,0.0
361642,6431727,40,215,1,1e-06,0.0
361642,6446727,29,199,1,1e-06,0.0
362642,6361727,29,0,1,1e-06,0.0
362642,6408727,35,194,1,1e-06,0.0
362642,6416727,54,167,2,1e-06,0.0
362642,6420727,19,350,1,1e-06,0.0
362642,6422727,14,355,1,1e-06,0.0
362642,6424727,27,337,2,1e-06,4.99e-07
362642,6425727,19,325,1,1e-06,0.0
362642,6453727,0,0,1,inf,0.0
363642,6329727,60,190,1,1e-06,0.0
363642,6330727,65,250,1,1e-06,4.99e-07
363642,6334727,80,280,1,1e-06,4.99e-07
363642,6339727,60,250,1,1e-06,4.99e-07
363642,6342727,65,194,1,1e-06,0.0
363642,6354727,29,330,1,1e-06,0.0
363642,6395727,8,26,2,1e-06,4.99e-07
363642,6407727,25,290,1,1e-06,4.99e-07
363642,6408727,29,160,1,1e-06,4.99e-07
363642,6409727,27,217,4,1e-06,4.99e-07
363642,6410727,49,180,1,1e-06,0.0
363642,6419727,3,345,3,1e-06,4.99e-07
363642,6441727,25,0,1,1e-06,0.0
363642,6443727,19,170,1,1e-06,4.99e-07
363642,6450727,29,224,1,1e-06,0.0
364642,6360727,80,350,1,1e-06,0.0
364642,6379727,39,330,1,1e-06,0.0
364642,6381727,25,239,1,1e-06,4.99e-07
364642,6384727,19,310,1,1e-06,0.0
364642,6385727,19,255,1,1e-06,4.99e-07
364642,6409727,19,260,1,1e-06,4.99e-07
364642,6412727,55,165,1,1e-06,4.99e-07
364642,6417727,49,170,1,1e-06,4.99e-07
364642,6419727,24,170,1,1e-06,4.99e-07
364642,6420727,19,345,1,1e-06,0.0
364642,6423727,29,347,2,1e-06,4.99e-07
364642,6424727,25,340,1,1e-06,0.0
364642,6427727,19,204,1,1e-06,0.0
365642,6328727,65,200,1,1e-06,0.0
365642,6357727,35,95,1,1e-06,0.0
365642,6361727,51,38,2,1e-06,0.0
365642,6362727,71,139,2,1e-06,0.0
365642,6367727,90,150,1,1e-06,0.0
365642,6386727,0,0,1,inf,0.0
365642,6407727,25,340,1,1e-06,0.0
365642,6415727,60,160,1,1e-06,4.99e-07
365642,6422727,9,340,1,1e-06,0.0
365642,6426727,25,330,1,1e-06,0.0
365642,6427727,90,0,1,1e-06,0.0
365642,6437727,14,35,1,1e-06,4.99e-07
366642,6324727,39,280,1,1e-06,4.99e-07
366642,6331727,39,184,1,1e-06,0.0
366642,6335727,80,270,1,inf,0.0
366642,6345727,80,80,1,1e-06,0.0
366642,6379727,34,320,1,1e-06,0.0
366642,6402727,19,345,1,1e-06,0.0
366642,6407727,25,345,1,1e-06,0.0
366642,6409727,14,240,1,1e-06,4.99e-07
366642,6415727,39,165,1,1e-06,4.99e-07
366642,6419727,6,31,2,1e-06,0.0
366642,6423727,47,160,2,1e-06,0.0
366642,6424727,29,340,1,1e-06,0.0
367642,6327727,70,239,1,1e-06,4.99e-07
367642,6356727,29,75,1,1e-06,0.0
367642,6365727,39,30,1,1e-06,4.99e-07
367642,6384727,25,320,1,1e-06,0.0
367642,6410727,29,175,1,1e-06,4.99e-07
367642,6414727,29,170,1,1e-06,4.99e-07
367642,6420727,9,70,1,1e-06,0.0
367642,6425727,29,5,1,1e-06,4.99e-07
367642,6426727,25,330,1,1e-06,0.0
367642,6437727,39,10,1,1e-06,4.99e-07
368642,6323727,49,280,1,1e-06,4.99e-07
368642,6337727,69,170,1,1e-06,0.0
368642,6375727,44,329,1,1e-06,0.0
368642,6390727,40,160,1,1e-06,4.99e-07
368642,6391727,5,160,1,1e-06,4.99e-07
368642,6397727,19,165,1,1e-06,4.99e-07
368642,6405727,19,340,1,1e-06,0.0
368642,6410727,17,196,2,1e-06,4.99e-07
368642,6421727,9,155,1,1e-06,4.99e-07
368642,6422727,19,170,1,1e-06,4.99e-07
368642,6427727,29,345,1,1e-06,0.0
368642,6428727,14,125,1,1e-06,4.99e-07
369642,6330727,70,265,1,1e-06,4.99e-07
369642,6335727,60,155,1,1e-06,4.99e-07
369642,6339727,80,255,1,1e-06,4.99e-07
369642,6342727,69,285,1,1e-06,4.99e-07
369642,6385727,9,310,1,1e-06,0.0
369642,6389727,34,165,1,1e-06,4.99e-07
369642,6395727,0,0,1,inf,0.0
369642,6396727,29,330,1,1e-06,0.0
369642,6405727,14,355,1,1e-06,0.0
369642,6418727,60,160,1,1e-06,4.99e-07
369642,6419727,49,175,1,1e-06,0.0
369642,6420727,69,165,1,1e-06,0.0
369642,6422727,29,155,1,1e-06,4.99e-07
370642,6328727,65,190,1,1e-06,0.0
370642,6333727,75,335,1,1e-06,0.0
370642,6344727,69,290,1,1e-06,4.99e-07
370642,6369727,80,325,1,1e-06,0.0
370642,6381727,39,320,1,1e-06,0.0
370642,6402727,24,350,1,1e-06,0.0
370642,6404727,24,350,1,1e-06,0.0
370642,6407727,17,350,2,1e-06,4.99e-07
370642,6409727,14,350,1,1e-06,0.0
370642,6416727,39,170,1,1e-06,4.99e-07
370642,6417727,55,165,1,1e-06,4.99e-07
370642,6421727,14,168,2,1e-06,0.0
370642,6422727,14,170,1,1e-06,4.99e-07
370642,6426727,27,345,2,1e-06,4.99e-07
370642,6430727,14,184,1,1e-06,0.0
371642,6325727,75,329,1,1e-06,0.0
371642,6339727,80,150,1,1e-06,4.99e-07
371642,6367727,34,150,1,1e-06,4.99e-07
371642,6372727,64,21,2,1e-06,0.0
371642,6405727,19,355,1,1e-06,0.0
371642,6414727,44,180,1,1e-06,0.0
371642,6420727,14,155,1,1e-06,4.99e-07
371642,6424727,29,190,1,1e-06,0.0
372642,6324727,44,80,1,1e-06,0.0
372642,6345727,54,345,1,1e-06,0.0
372642,6362727,40,75,1,1e-06,0.0
372642,6382727,49,325,1,1e-06,0.0
372642,6411727,14,180,1,1e-06,0.0
372642,6414727,40,175,1,1e-06,0.0
372642,6418727,0,0,1,inf,0.0
372642,6423727,34,160,1,1e-06,4.99e-07
372642,6428727,0,0,1,inf,0.0
372642,6432727,19,10,1,1e-06,4.99e-07
373642,6332727,55,320,1,1e-06,0.0
373642,6336727,75,125,1,1e-06,4.99e-07
373642,6339727,75,150,1,1e-06,4.99e-07
373642,6349727,40,5,1,1e-06,0.0
373642,6358727,25,335,1,1e-06,0.0
373642,6366727,90,160,1,1e-06,0.0
373642,6370727,26,100,3,1e-06,4.99e-07
373642,6371727,55,115,1,1e-06,4.99e-07
373642,6379727,25,345,1,1e-06,0.0
373642,6401727,25,340,1,1e-06,0.0
373642,6412727,34,180,1,1e-06,0.0
373642,6415727,25,175,1,1e-06,4.99e-07
373642,6417727,49,175,1,1e-06,0.0
373642,6420727,14,140,1,1e-06,4.99e-07
373642,6422727,14,140,1,1e-06,4.99e-07
373642,6431727,5,190,2,1e-06,4.99e-07
374642,6331727,44,145,1,1e-06,4.99e-07
374642,6345727,49,5,1,1e-06,0.0
374642,6348727,49,350,1,1e-06,0.0
374642,6352727,65,5,1,1e-06,0.0
374642,6384727,34,320,1,1e-06,0.0
374642,6405727,29,355,1,1e-06,0.0
374642,6409727,14,355,1,1e-06,0.0
374642,6411727,9,175,1,1e-06,4.99e-07
374642,6412727,19,175,1,1e-06,4.99e-07
374642,6418727,65,175,1,1e-06,0.0
374642,6420727,30,160,2,1e-06,0.0
374642,6426727,60,180,1,1e-06,0.0
374642,6428727,52,23,2,1e-06,0.0
374642,6430727,49,10,1,1e-06,4.99e-07
375642,6408727,0,0,1,inf,0.0
375642,6409727,9,340,1,1e-06,0.0
375642,6414727,44,170,1,1e-06,4.99e-07
375642,6422727,65,165,1,1e-06,0.0
375642,6426727,9,190,1,1e-06,0.0
375642,6427727,45,10,2,1e-06,4.99e-07
375642,6428727,21,352,3,1e-06,4.99e-07
375642,6459727,45,239,1,1e-06,4.99e-07
376642,6333727,85,335,1,1e-06,0.0
376642,6343727,60,150,1,1e-06,4.99e-07
376642,6378727,9,10,1,1e-06,4.99e-07
376642,6382727,29,330,1,1e-06,0.0
376642,6398727,19,194,1,1e-06,0.0
376642,6401727,9,70,1,1e-06,0.0
376642,6422727,10,139,2,1e-06,0.0
376642,6431727,39,220,1,1e-06,0.0
377642,6389727,9,86,2,1e-06,4.99e-07
377642,6399727,49,315,1,1e-06,0.0
377642,6404727,40,345,1,1e-06,0.0
377642,6405727,39,335,1,1e-06,0.0
377642,6419727,60,170,1,1e-06,0.0
377642,6421727,34,170,1,1e-06,4.99e-07
377642,6428727,2,210,2,1e-06,4.99e-07
377642,6429727,0,0,1,inf,0.0
378642,6359727,25,245,1,1e-06,4.99e-07
378642,6414727,34,180,1,1e-06,0.0
378642,6415727,0,0,1,inf,0.0
378642,6420727,65,165,1,1e-06,0.0
378642,6423727,24,170,1,1e-06,4.99e-07
378642,6424727,22,355,2,1e-06,4.99e-07
378642,6425727,0,0,1,inf,0.0
378642,6427727,14,194,1,1e-06,0.0
378642,6430727,19,184,1,1e-06,0.0
379642,6352727,34,329,1,1e-06,0.0
379642,6382727,25,25,1,1e-06,4.99e-07
379642,6387727,25,335,1,1e-06,0.0
379642,6390727,14,250,1,1e-06,4.99e-07
379642,6410727,9,265,1,1e-06,4.99e-07
379642,6415727,19,180,1,1e-06,0.0
379642,6418727,14,170,1,1e-06,4.99e-07
379642,6419727,49,165,1,1e-06,4.99e-07
379642,6420727,55,165,1,1e-06,4.99e-07
379642,6436727,49,345,2,1e-06,4.99e-07
380642,6366727,80,275,1,1e-06,4.99e-07
380642,6378727,14,155,1,1e-06,4.99e-07
380642,6379727,39,330,1,1e-06,0.0
380642,6404727,49,355,1,1e-06,0.0
380642,6407727,19,0,1,1e-06,0.0
380642,6408727,9,345,1,1e-06,0.0
380642,6412727,9,184,1,1e-06,0.0
380642,6414727,14,184,1,1e-06,0.0
380642,6416727,34,177,2,1e-06,4.99e-07
380642,6417727,14,355,1,1e-06,0.0
380642,6418727,24,170,1,1e-06,4.99e-07
380642,6420727,34,170,1,1e-06,4.99e-07
380642,6421727,29,165,1,1e-06,4.99e-07
380642,6425727,9,180,1,1e-06,0.0
380642,6427727,65,175,1,1e-06,0.0
380642,6433727,40,70,1,1e-06,0.0
380642,6437727,29,320,1,1e-06,0.0
380642,6459727,56,108,8,1e-06,0.0
381642,6336727,44,340,1,1e-06,0.0
381642,6372727,90,105,1,1e-06,4.99e-07
381642,6373727,80,85,1,1e-06,0.0
381642,6378727,13,293,2,1e-06,0.0
381642,6400727,39,165,1,1e-06,4.99e-07
381642,6406727,60,345,1,1e-06,0.0
381642,6408727,9,165,1,1e-06,4.99e-07
381642,6410727,12,251,2,1e-06,4.99e-07
381642,6413727,25,184,1,1e-06,0.0
381642,6415727,29,180,1,1e-06,0.0
381642,6418727,14,345,1,1e-06,0.0
381642,6453727,90,0,1,1e-06,0.0
381642,6457727,84,167,2,1e-06,4.99e-07
382642,6374727,29,67,2,1e-06,4.99e-07
382642,6393727,40,160,1,1e-06,4.99e-07
382642,6417727,9,175,1,1e-06,4.99e-07
382642,6424727,9,340,1,1e-06,0.0
382642,6435727,29,295,1,1e-06,4.99e-07
382642,6457727,72,153,2,1e-06,0.0
382642,6461727,69,126,4,1e-06,0.0
382642,6462727,90,80,1,1e-06,4.99e-07
383642,6398727,39,155,1,1e-06,4.99e-07
383642,6415727,39,180,1,1e-06,0.0
383642,6417727,19,170,1,1e-06,4.99e-07
383642,6430727,55,355,1,1e-06,0.0
383642,6433727,29,285,1,1e-06,4.99e-07
383642,6438727,44,335,1,1e-06,0.0
384642,6353727,60,350,1,1e-06,0.0
384642,6373727,44,325,1,1e-06,0.0
384642,6380727,29,335,1,1e-06,0.0
384642,6404727,14,350,1,1e-06,0.0
384642,6415727,27,177,2,1e-06,0.0
384642,6417727,29,170,1,1e-06,4.99e-07
384642,6428727,39,165,1,1e-06,4.99e-07
384642,6432727,65,345,1,1e-06,0.0
384642,6435727,49,305,1,1e-06,0.0
384642,6460727,75,194,1,1e-06,0.0
385642,6335727,44,265,1,1e-06,4.99e-07
385642,6384727,29,175,1,1e-06,4.99e-07
385642,6401727,9,5,1,1e-06,4.99e-07
385642,6404727,19,342,2,1e-06,4.99e-07
385642,6405727,19,20,1,1e-06,4.99e-07
385642,6414727,25,184,1,1e-06,0.0
385642,6418727,27,357,2,1e-06,4.99e-07
385642,6419727,19,175,1,1e-06,4.99e-07
385642,6431727,49,170,1,1e-06,4.99e-07
385642,6450727,21,245,5,1e-06,0.0
385642,6459727,44,190,1,1e-06,0.0
385642,6460727,49,184,1,1e-06,0.0
385642,6461727,65,55,1,1e-06,4.99e-07
386642,6381727,25,340,1,1e-06,0.0
386642,6389727,19,335,1,1e-06,0.0
386642,6401727,44,150,1,1e-06,4.99e-07
386642,6405727,24,350,1,1e-06,0.0
386642,6415727,29,180,1,1e-06,0.0
386642,6418727,9,175,1,1e-06,4.99e-07
386642,6427727,60,175,1,1e-06,0.0
386642,6435727,39,170,1,1e-06,4.99e-07
386642,6450727,51,3,3,1e-06,4.99e-07
386642,6451727,80,0,1,1e-06,0.0
386642,6460727,29,199,1,1e-06,0.0
387642,6406727,44,355,1,1e-06,0.0
387642,6416727,25,355,1,1e-06,0.0
387642,6418727,25,175,1,1e-06,4.99e-07
387642,6426727,34,210,1,1e-06,0.0
387642,6429727,49,230,1,1e-06,0.0
387642,6430727,34,275,1,1e-06,4.99e-07
387642,6436727,0,0,1,inf,0.0
387642,6450727,38,30,3,1e-06,0.0
387642,6451727,37,22,3,1e-06,0.0
387642,6456727,39,155,1,1e-06,4.99e-07
388642,6333727,75,255,1,1e-06,4.99e-07
388642,6414727,19,184,2,1e-06,4.99e-07
388642,6419727,19,355,1,1e-06,0.0
388642,6421727,44,175,1,1e-06,0.0
388642,6449727,49,45,2,1e-06,0.0
388642,6451727,38,17,4,1e-06,0.0
388642,6455727,60,155,1,1e-06,4.99e-07
388642,6457727,60,170,1,1e-06,0.0
389642,6383727,25,340,1,1e-06,0.0
389642,6399727,49,135,1,1e-06,4.99e-07
389642,6405727,39,346,2,1e-06,4.99e-07
389642,6407727,25,5,1,1e-06,4.99e-07
389642,6409727,9,350,1,1e-06,0.0
389642,6410727,19,194,2,1e-06,4.99e-07
389642,6411727,14,165,1,1e-06,4.99e-07
389642,6416727,22,177,2,1e-06,0.0
389642,6418727,19,170,1,1e-06,4.99e-07
389642,6421727,54,170,1,1e-06,0.0
389642,6428727,25,250,1,1e-06,4.99e-07
389642,6429727,39,250,1,1e-06,4.99e-07
389642,6450727,80,204,1,1e-06,0.0
389642,6451727,22,253,7,1e-06,4.99e-07
389642,6452727,69,358,2,1e-06,4.99e-07
389642,6453727,80,25,1,1e-06,0.0
389642,6459727,80,340,1,1e-06,0.0
390642,6356727,75,340,1,1e-06,0.0
390642,6394727,14,165,1,1e-06,4.99e-07
390642,6407727,0,0,1,inf,0.0
390642,6411727,25,200,1,1e-06,0.0
390642,6418727,19,175,1,1e-06,4.99e-07
390642,6419727,27,350,2,1e-06,4.99e-07
390642,6449727,51,150,2,1e-06,0.0
390642,6450727,59,176,5,1e-06,4.99e-07
390642,6451727,32,138,25,1e-06,0.0
390642,6452727,51,331,18,1e-06,4.99e-07
390642,6453727,45,317,25,1e-06,4.99e-07
390642,6454727,67,160,3,0.8364352668312425,0.0
390642,6459727,90,155,1,1e-06,0.0
390642,6460727,80,170,4,1e-06,4.99e-07
391642,6359727,75,194,1,1e-06,0.0
391642,6401727,64,157,2,1e-06,0.0
391642,6407727,49,355,1,1e-06,0.0
391642,6416727,19,180,1,1e-06,0.0
391642,6419727,35,350,2,1e-06,4.99e-07
391642,6421727,39,170,1,1e-06,4.99e-07
391642,6430727,69,0,1,1e-06,0.0
391642,6431727,5,354,2,1e-06,0.0
391642,6449727,56,123,6,1e-06,0.0
391642,6450727,46,129,3,1e-06,0.0
391642,6451727,54,161,30,1e-06,4.99e-07
391642,6452727,23,194,7,1e-06,4.99e-07
391642,6453727,44,343,5,1e-06,4.99e-07
391642,6458727,90,145,3,1e-06,4.99e-07
391642,6459727,90,150,1,1e-06,0.0
391642,6460727,79,355,3,1e-06,0.0
392642,6358727,65,219,1,1e-06,0.0
392642,6392727,49,10,1,1e-06,4.99e-07
392642,6404727,75,5,1,1e-06,0.0
392642,6406727,49,350,1,1e-06,0.0
392642,6407727,0,0,1,inf,0.0
392642,6411727,29,184,1,1e-06,0.0
392642,6417727,19,180,1,1e-06,0.0
392642,6428727,34,300,1,1e-06,4.99e-07
392642,6429727,69,157,2,1e-06,0.0
392642,6430727,49,155,1,1e-06,4.99e-07
392642,6431727,47,171,2,1e-06,0.0
392642,6432727,60,170,1,1e-06,0.0
392642,6433727,49,334,2,1e-06,4.99e-07
392642,6451727,44,158,23,1e-06,0.0
392642,6452727,36,121,13,1e-06,0.0
392642,6453727,69,15,1,1e-06,0.0
393642,6381727,60,320,1,1e-06,0.0
393642,6409727,54,350,1,1e-06,0.0
393642,6412727,44,190,1,1e-06,0.0
393642,6414727,19,184,1,1e-06,0.0
393642,6419727,60,25,1,1e-06,4.99e-07
393642,6427727,69,160,4,1e-06,0.0
393642,6428727,59,346,5,1e-06,4.99e-07
393642,6431727,56,175,1,1e-06,0.0
393642,6432727,45,197,3,1e-06,4.99e-07
393642,6433727,54,322,5,3.6656814507081705,0.0
393642,6434727,65,12,5,1e-06,4.99e-07
393642,6435727,37,145,4,1e-06,0.0
393642,6448727,75,345,1,1e-06,0.0
393642,6449727,79,287,2,1e-06,0.0
393642,6450727,83,120,4,1e-06,0.0
393642,6451727,39,266,3,12.58755583512307,0.0
393642,6452727,54,114,2,1e-06,4.99e-07
393642,6463727,65,150,1,1e-06,4.99e-07
394642,6394727,6,200,2,1e-06,4.99e-07
394642,6403727,34,150,1,1e-06,4.99e-07
394642,6412727,29,190,1,1e-06,0.0
394642,6418727,14,170,2,1e-06,0.0
394642,6428727,44,122,4,1e-06,0.0
394642,6429727,30,157,4,1e-06,0.0
394642,6430727,58,338,3,1e-06,4.99e-07
394642,6431727,55,159,7,1e-06,0.0
394642,6432727,38,69,6,1e-06,0.0
394642,6433727,17,63,12,1e-06,0.0
394642,6434727,70,357,11,1e-06,4.99e-07
394642,6435727,33,125,10,1e-06,0.0
394642,6448727,18,35,2,2.174213327559486,0.657336540269894
394642,6449727,33,251,10,1e-06,4.99e-07
394642,6450727,57,305,20,1e-06,0.0
394642,6451727,40,283,20,1e-06,4.99e-07
394642,6453727,65,90,2,1e-06,4.99e-07
394642,6458727,69,0,1,1e-06,0.0
394642,6464727,47,153,4,1e-06,0.0
394642,6469727,60,125,1,1e-06,4.99e-07
394642,6472727,79,260,1,1e-06,4.99e-07
395642,6404727,34,335,1,1e-06,0.0
395642,6406727,54,335,1,1e-06,0.0
395642,6407727,60,340,1,1e-06,0.0
395642,6409727,5,70,1,1e-06,0.0
395642,6412727,40,160,1,1e-06,4.99e-07
395642,6419727,24,170,1,1e-06,4.99e-07
395642,6428727,60,139,5,1e-06,0.0
395642,6429727,62,321,5,1e-06,4.99e-07
395642,6430727,69,324,4,1e-06,4.99e-07
395642,6431727,39,300,1,1e-06,4.99e-07
395642,6432727,90,160,1,1e-06,0.0
395642,6433727,62,155,2,1e-06,0.0
395642,6434727,61,17,4,1e-06,4.99e-07
395642,6435727,50,31,14,1e-06,0.0
395642,6436727,63,155,9,1e-06,4.99e-07
395642,6437727,49,6,1,1e-06,0.0
395642,6438727,43,73,1,1e-06,0.0
395642,6445727,34,315,1,1e-06,0.0
395642,6450727,50,321,9,1e-06,0.0
395642,6451727,55,307,8,1e-06,0.0
395642,6452727,47,321,10,1e-06,4.99e-07
395642,6453727,78,98,4,1e-06,4.99e-07
395642,6454727,58,15,3,1e-06,0.0
395642,6463727,60,170,1,1e-06,0.0
395642,6464727,90,165,2,1e-06,4.99e-07
395642,6472727,47,220,6,1e-06,4.99e-07
395642,6473727,80,295,1,1e-06,4.99e-07
396642,6406727,49,340,1,1e-06,0.0
396642,6409727,29,340,1,1e-06,0.0
396642,6415727,9,180,1,1e-06,0.0
396642,6418727,14,165,1,1e-06,4.99e-07
396642,6429727,72,154,2,1e-06,0.0
396642,6430727,76,193,2,1e-06,4.99e-07
396642,6431727,33,96,5,1e-06,0.0
396642,6432727,52,136,7,1e-06,0.0
396642,6433727,31,137,7,1e-06,0.0
396642,6434727,69,177,13,1e-06,4.99e-07
396642,6435727,40,88,34,1e-06,0.0
396642,6436727,51,146,106,1e-06,4.99e-07
396642,6438727,60,160,2,1e-06,0.0
396642,6449727,60,194,1,1e-06,0.0
396642,6451727,47,301,6,1e-06,0.0
396642,6452727,22,303,9,1e-06,4.99e-07
396642,6453727,41,279,11,1e-06,4.99e-07
396642,6454727,38,2,16,1e-06,0.0
396642,6455727,31,330,4,1e-06,4.99e-07
396642,6456727,67,268,5,1e-06,0.0
396642,6464727,44,7,4,1e-06,0.0
396642,6465727,31,175,7,1e-06,4.99e-07
396642,6469727,78,117,2,1e-06,0.0
396642,6470727,79,148,3,1e-06,0.0
396642,6471727,77,170,1,1e-06,0.0
396642,6472727,73,140,1,1e-06,4.99e-07
397642,6406727,34,340,1,1e-06,0.0
397642,6407727,34,340,1,1e-06,0.0
397642,6410727,19,165,1,1e-06,4.99e-07
397642,6412727,25,190,1,1e-06,0.0
397642,6414727,29,170,1,1e-06,4.99e-07
397642,6415727,29,175,1,1e-06,4.99e-07
397642,6429727,59,355,2,1e-06,4.99e-07
397642,6432727,53,151,5,1e-06,0.0
397642,6434727,72,141,8,1e-06,0.0
397642,6435727,55,94,23,1e-06,4.99e-07
397642,6436727,74,165,10,1e-06,4.99e-07
397642,6447727,19,270,1,inf,0.0
397642,6450727,44,340,1,1e-06,0.0
397642,6451727,39,323,2,1e-06,4.99e-07
397642,6452727,39,327,6,1e-06,4.99e-07
397642,6454727,18,263,2,1e-06,4.99e-07
397642,6455727,72,79,2,1e-06,4.99e-07
397642,6460727,90,155,1,1e-06,0.0
397642,6463727,44,27,3,1e-06,0.0
397642,6465727,60,150,1,1e-06,4.99e-07
397642,6467727,76,35,1,1e-06,4.99e-07
397642,6468727,60,37,2,1e-06,0.0
397642,6469727,29,85,1,1e-06,0.0
397642,6471727,69,158,3,1e-06,0.0
397642,6474727,65,165,2,1e-06,4.99e-07
397642,6475727,66,155,2,1e-06,0.0
398642,6379727,69,295,1,1e-06,4.99e-07
398642,6417727,90,165,1,1e-06,0.0
398642,6432727,9,219,1,1e-06,0.0
398642,6433727,80,130,1,1e-06,4.99e-07
398642,6434727,69,140,1,1e-06,4.99e-07
398642,6442727,9,335,1,1e-06,0.0
398642,6450727,29,300,1,1e-06,4.99e-07
398642,6452727,57,315,2,1e-06,4.99e-07
398642,6453727,57,268,3,1e-06,4.99e-07
398642,6456727,44,10,3,1e-06,4.99e-07
398642,6457727,70,291,5,1e-06,0.0
398642,6460727,65,307,6,1e-06,4.99e-07
398642,6461727,82,312,2,1e-06,0.0
398642,6462727,74,325,2,1e-06,4.99e-07
398642,6464727,46,340,3,4.503452220095914,0.0
398642,6465727,75,194,1,1e-06,0.0
398642,6467727,65,35,1,1e-06,4.99e-07
398642,6468727,49,350,1,1e-06,0.0
398642,6470727,54,270,2,1e-06,4.99e-07
398642,6471727,46,183,3,1e-06,4.99e-07
399642,6370727,49,340,1,1e-06,0.0
399642,6411727,25,340,1,1e-06,0.0
399642,6417727,29,345,1,1e-06,0.0
399642,6432727,39,130,1,1e-06,4.99e-07
399642,6456727,59,337,6,1e-06,4.99e-07
399642,6457727,71,59,3,1e-06,0.0
399642,6461727,80,305,1,1e-06,4.99e-07
399642,6462727,51,339,5,1e-06,4.99e-07
399642,6463727,65,300,1,1e-06,4.99e-07
399642,6464727,69,335,1,1e-06,0.0
399642,6466727,17,230,3,1e-06,4.99e-07
399642,6467727,27,84,6,1e-06,0.0
399642,6468727,80,170,3,0.06538513416617309,0.0
399642,6469727,70,72,4,1e-06,0.0
399642,6473727,65,170,1,1e-06,0.0
400642,6376727,25,155,1,1e-06,4.99e-07
400642,6397727,85,175,1,1e-06,0.0
400642,6412727,24,295,1,1e-06,4.99e-07
400642,6414727,49,170,1,1e-06,4.99e-07
400642,6415727,25,175,1,1e-06,4.99e-07
400642,6435727,80,145,1,1e-06,4.99e-07
400642,6440727,29,310,1,1e-06,0.0
400642,6456727,29,85,1,1e-06,0.0
400642,6461727,71,356,6,1e-06,4.99e-07
400642,6463727,62,320,3,1e-06,4.99e-07
400642,6466727,80,350,2,1e-06,4.99e-07
400642,6467727,64,62,4,19.655545988508997,9.827772993254499
400642,6468727,90,165,1,1e-06,0.0
400642,6472727,75,161,4,1e-06,4.99e-07
401642,6430727,25,110,1,1e-06,0.0
401642,6433727,68,85,6,1e-06,0.0
401642,6434727,32,3,20,1e-06,4.99e-07
401642,6456727,53,16,4,1e-06,4.99e-07
401642,6457727,20,3,5,1e-06,4.99e-07
401642,6461727,68,3,4,1e-06,4.99e-07
401642,6466727,61,255,1,1e-06,4.99e-07
401642,6467727,74,246,2,1e-06,0.0
401642,6468727,16,0,2,3.768145511247319,1.3657207567717586
402642,6405727,54,145,1,1e-06,4.99e-07
402642,6414727,34,180,1,1e-06,0.0
402642,6415727,29,175,1,1e-06,4.99e-07
402642,6417727,16,175,3,1e-06,0.0
402642,6433727,69,155,1,1e-06,4.99e-07
402642,6436727,46,120,1,1e-06,4.99e-07
402642,6437727,90,170,1,1e-06,0.0
402642,6439727,82,165,1,1e-06,0.0
402642,6457727,80,85,1,1e-06,0.0
402642,6460727,55,354,2,1e-06,4.99e-07
402642,6461727,73,0,6,1e-06,4.99e-07
403642,6400727,25,175,1,1e-06,4.99e-07
403642,6402727,19,199,1,1e-06,0.0
403642,6411727,49,330,1,1e-06,0.0
403642,6434727,60,145,1,1e-06,4.99e-07
403642,6435727,48,170,3,1e-06,0.0
403642,6436727,53,159,5,1e-06,0.0
403642,6437727,43,19,6,1e-06,4.99e-07
403642,6438727,70,176,3,1e-06,4.99e-07
403642,6439727,73,169,5,1e-06,4.99e-07
403642,6440727,70,156,6,1e-06,4.99e-07
403642,6441727,79,152,2,1e-06,4.99e-07
403642,6447727,40,95,1,1e-06,0.0
403642,6450727,49,5,1,1e-06,0.0
403642,6460727,40,5,1,1e-06,0.0
403642,6464727,78,62,3,1e-06,0.0
403642,6465727,57,332,4,1e-06,4.99e-07
403642,6467727,80,130,1,1e-06,4.99e-07
403642,6468727,49,10,1,1e-06,4.99e-07
403642,6469727,49,350,1,1e-06,0.0
404642,6397727,14,325,1,1e-06,0.0
404642,6398727,9,194,1,1e-06,0.0
404642,6408727,35,325,1,1e-06,0.0
404642,6435727,50,107,2,1e-06,4.99e-07
404642,6436727,44,170,1,1e-06,4.99e-07
404642,6437727,60,180,1,1e-06,0.0
404642,6438727,63,171,5,1e-06,4.99e-07
404642,6439727,68,158,3,1e-06,0.0
404642,6440727,55,153,8,1e-06,0.0
404642,6441727,55,145,5,1e-06,0.0
404642,6444727,29,310,1,1e-06,0.0
404642,6452727,19,140,1,1e-06,4.99e-07
404642,6463727,75,34,3,1e-06,0.0
404642,6465727,60,165,1,1e-06,4.99e-07
405642,6372727,29,340,1,1e-06,0.0
405642,6406727,29,160,1,1e-06,4.99e-07
405642,6434727,34,165,1,1e-06,4.99e-07
405642,6435727,50,145,2,1e-06,0.0
405642,6436727,67,156,3,1e-06,0.0
405642,6438727,58,100,1,1e-06,0.0
405642,6439727,67,154,3,1e-06,0.0
405642,6440727,51,166,3,1e-06,4.99e-07
405642,6468727,69,205,1,1e-06,0.0
