EASTING,NORTHING,DIP,DIP_DIR,count,kappa,beta,REMOVED_INDEX
215642,6369727,21,86,5,1e-06,4.99e-07,28169
215642,6373727,15,125,5,1e-06,0.0,28339
215642,6374727,27,143,10,1e-06,0.0,28336
215642,6375727,24,139,7,1e-06,0.0,28367
216642,6371727,31,251,5,1e-06,4.99e-07,28186
216642,6373727,46,270,3,1e-06,4.99e-07,28458
216642,6377727,23,256,6,1e-06,4.99e-07,28371
216642,6378727,29,171,6,1e-06,0.0,28526
216642,6395727,47,287,18,1e-06,4.99e-07,28201
216642,6398727,21,219,8,1e-06,4.99e-07,28224
216642,6399727,24,284,22,1e-06,4.99e-07,28226
217642,6371727,29,273,13,1e-06,4.99e-07,28323
217642,6373727,34,262,4,1e-06,4.99e-07,28333
217642,6375727,55,266,13,1e-06,0.0,28325
217642,6376727,54,262,26,1e-06,4.99e-07,28372
217642,6377727,50,266,19,1e-06,4.99e-07,28379
217642,6378727,22,85,3,8.066920835123323,0.0,28533
217642,6379727,43,266,8,1e-06,4.99e-07,28247
217642,6392727,16,110,38,1e-06,4.99e-07,28215
217642,6393727,45,289,19,1e-06,4.99e-07,28191
217642,6394727,48,112,16,1e-06,4.99e-07,28240
217642,6396727,66,281,21,1e-06,4.99e-07,28207
218642,6367727,13,255,3,1e-06,4.99e-07,28318
218642,6368727,6,286,6,1e-06,4.99e-07,28179
218642,6371727,33,275,16,1e-06,4.99e-07,28187
218642,6378727,30,255,11,1e-06,4.99e-07,28249
229642,6340727,54,46,3,1e-06,0.0,21808
229642,6342727,31,307,6,1e-06,4.99e-07,21771
230642,6343727,27,41,5,1e-06,0.0,21779
231642,6331727,45,105,3,15.588420189289202,0.0,21865
231642,6334727,37,271,3,1e-06,4.99e-07,21857
231642,6344727,36,57,4,1e-06,0.0,21798
232642,6298727,14,39,3,1e-06,0.0,21751
232642,6308727,7,218,5,1e-06,0.0,21719
232642,6331727,49,256,4,1e-06,4.99e-07,21870
233642,6249727,21,96,3,1e-06,4.99e-07,5303
233642,6260727,6,164,4,1e-06,0.0,5404
233642,6279727,12,8,8,1e-06,0.0,5684
233642,6327727,13,201,8,1e-06,0.0,21891
233642,6339727,39,35,3,1e-06,0.0,21822
233642,6342727,52,67,5,1e-06,4.99e-07,21827
233642,6343727,38,356,5,1e-06,4.99e-07,22167
233642,6344727,45,69,6,1e-06,4.99e-07,22170
234642,6241727,34,92,5,1e-06,4.99e-07,5275
234642,6242727,10,82,6,1e-06,4.99e-07,5294
234642,6329727,41,89,3,1e-06,4.99e-07,21881
234642,6341727,17,7,13,1e-06,0.0,22159
234642,6342727,35,49,14,1e-06,0.0,22149
234642,6344727,66,73,3,1e-06,4.99e-07,22168
235642,6259727,5,129,6,1e-06,0.0,5413
235642,6279727,8,70,3,1e-06,4.99e-07,5679
235642,6319727,23,212,6,1e-06,4.99e-07,21922
235642,6320727,19,191,6,1e-06,4.99e-07,21919
235642,6323727,37,69,4,1e-06,4.99e-07,21910
236642,6247727,26,84,3,1e-06,4.99e-07,5307
236642,6253727,11,123,5,1e-06,0.0,5324
236642,6255727,11,117,4,1e-06,4.99e-07,5426
236642,6312727,22,208,3,1e-06,4.99e-07,21701
236642,6313727,20,163,4,1e-06,0.0,21698
236642,6315727,21,123,8,1e-06,0.0,21709
236642,6318727,24,176,7,1e-06,0.0,21930
236642,6323727,34,104,3,1e-06,4.99e-07,21916
236642,6335727,45,88,4,1e-06,4.99e-07,22116
237642,6252727,37,101,3,1e-06,4.99e-07,5321
237642,6313727,20,150,4,1e-06,0.0,21693
237642,6316727,17,169,5,1e-06,0.0,21651
237642,6317727,2,209,3,1e-06,4.99e-07,21657
238642,6271727,29,253,3,1e-06,4.99e-07,5647
238642,6273727,41,260,4,1e-06,4.99e-07,5651
238642,6277727,24,44,4,1e-06,0.0,5670
238642,6319727,15,103,3,1e-06,4.99e-07,21954
238642,6321727,74,83,3,1e-06,4.99e-07,21959
238642,6323727,33,101,6,1e-06,4.99e-07,21986
238642,6327727,19,282,3,1e-06,4.99e-07,21997
238642,6330727,11,117,3,1e-06,4.99e-07,22002
238642,6331727,15,117,3,1e-06,4.99e-07,22006
238642,6338727,30,54,3,1e-06,0.0,22126
239642,6263727,7,147,3,1e-06,0.0,5625
239642,6314727,21,159,6,1e-06,0.0,21635
239642,6327727,16,312,6,1e-06,0.0,22042
240642,6313727,30,116,3,1e-06,4.99e-07,21632
240642,6316727,45,252,7,1e-06,4.99e-07,21666
240642,6319727,66,253,3,1e-06,0.0,22471
240642,6323727,63,267,8,1e-06,0.0,21982
241642,6288727,14,26,3,1e-06,0.0,16606
241642,6307727,37,250,4,1e-06,0.0,21581
241642,6308727,29,262,3,1e-06,4.99e-07,21597
241642,6313727,31,217,4,1e-06,4.99e-07,21628
241642,6314727,52,246,3,1e-06,4.99e-07,21678
241642,6316727,66,79,3,1e-06,0.0,21684
242642,6285727,8,156,7,1e-06,0.0,16598
242642,6308727,58,275,6,1e-06,4.99e-07,21586
242642,6310727,13,285,5,1e-06,0.0,21603
242642,6311727,42,259,4,1e-06,4.99e-07,21610
242642,6313727,42,259,4,1e-06,4.99e-07,21619
242642,6316727,81,70,5,1e-06,0.0,21544
242642,6338727,30,359,3,1e-06,4.99e-07,22136
242642,6343727,28,60,4,1e-06,0.0,22191
243642,6308727,43,260,15,1e-06,4.99e-07,21559
243642,6309727,73,255,3,1e-06,0.0,21555
243642,6315727,82,72,3,1e-06,0.0,21538
243642,6320727,67,252,4,1e-06,0.0,22053
243642,6343727,20,8,5,1e-06,0.0,22207
243642,6344727,39,257,3,1e-06,4.99e-07,22204
244642,6321727,62,277,3,13.862917428515658,0.0,21980
244642,6324727,60,294,3,1e-06,4.99e-07,22065
244642,6328727,35,258,3,1e-06,0.0,22079
244642,6338727,31,310,3,1e-06,4.99e-07,23012
244642,6339727,26,349,8,1e-06,4.99e-07,22213
244642,6342727,46,322,9,1e-06,4.99e-07,22209
244642,6343727,25,342,3,1e-06,4.99e-07,22208
245642,6339727,54,66,6,1e-06,4.99e-07,22218
246642,6333727,54,66,5,1e-06,4.99e-07,22095
247642,6241727,4,73,4,1e-06,4.99e-07,5455
247642,6301727,43,112,6,1e-06,0.0,21335
247642,6302727,50,223,5,1e-06,0.0,21328
247642,6335727,64,71,3,1e-06,4.99e-07,22266
248642,6298727,54,78,6,1e-06,4.99e-07,20307
249642,6289727,32,92,3,1e-06,4.99e-07,17748
249642,6290727,32,96,3,1e-06,4.99e-07,20224
249642,6294727,22,43,3,1e-06,0.0,20237
250642,6287727,27,77,3,1e-06,4.99e-07,20187
250642,6288727,16,7,7,1e-06,4.99e-07,17747
251642,6306727,42,74,3,1e-06,4.99e-07,21298
252642,6291727,27,77,3,1e-06,4.99e-07,20227
252642,6308727,35,87,3,1e-06,4.99e-07,21278
253642,6294727,10,358,3,1e-06,4.99e-07,20299
253642,6302727,27,296,3,1e-06,4.99e-07,21195
253642,6304727,21,320,6,1e-06,4.99e-07,21284
253642,6307727,23,327,3,1e-06,4.99e-07,21276
253642,6312727,12,225,3,1e-06,4.99e-07,21368
254642,6294727,31,304,3,1e-06,0.0,20297
254642,6312727,35,264,3,1e-06,0.0,21372
255642,6303727,29,302,3,1e-06,4.99e-07,21395
255642,6318727,54,272,3,1e-06,0.0,22431
255642,6320727,60,278,3,1e-06,4.99e-07,22417
256642,6320727,40,278,4,1e-06,4.99e-07,22414
257642,6279727,39,90,3,1e-06,4.99e-07,17742
257642,6320727,71,101,6,1e-06,4.99e-07,22406
258642,6313727,59,269,3,1e-06,4.99e-07,21422
258642,6317727,43,279,3,1e-06,4.99e-07,21522
259642,6294727,56,289,3,1e-06,4.99e-07,20288
260642,6293727,56,73,4,1e-06,4.99e-07,20267
260642,6322727,18,186,3,1e-06,0.0,22395
261642,6280727,60,71,5,1e-06,4.99e-07,17739
261642,6323727,18,277,5,1e-06,4.99e-07,22387
261642,6477727,58,192,6,1e-06,4.99e-07,5828
262642,6477727,72,196,8,1e-06,4.99e-07,5821
262642,6478727,64,223,4,1e-06,4.99e-07,5816
263642,6268727,31,83,6,1e-06,4.99e-07,16641
263642,6300727,32,271,3,1e-06,4.99e-07,21227
263642,6303727,22,237,4,1e-06,4.99e-07,21243
263642,6401727,40,280,4,1e-06,0.0,7929
263642,6402727,36,297,7,1e-06,0.0,7757
264642,6297727,27,89,5,1e-06,4.99e-07,21215
264642,6303727,32,104,3,1e-06,4.99e-07,21248
264642,6304727,28,116,5,1e-06,4.99e-07,21252
264642,6345727,81,102,5,1e-06,0.0,22281
264642,6399727,20,120,3,1e-06,0.0,7802
264642,6400727,20,304,4,1e-06,0.0,7938
264642,6402727,24,291,6,1e-06,0.0,7751
264642,6403727,33,304,5,1e-06,4.99e-07,7921
265642,6304727,19,144,3,3.0425544515680776,1.5212772247840387,21255
265642,6306727,55,104,3,1e-06,4.99e-07,21264
265642,6345727,82,100,3,1e-06,0.0,22288
265642,6400727,12,137,6,1e-06,0.0,7943
265642,6403727,26,289,7,1e-06,0.0,7914
265642,6477727,64,313,6,1e-06,4.99e-07,7306
266642,6264727,6,104,3,1e-06,4.99e-07,16624
266642,6402727,16,140,9,1e-06,0.0,7738
266642,6403727,16,250,6,1e-06,4.99e-07,7909
266642,6404727,11,215,6,1e-06,4.99e-07,7796
266642,6477727,65,289,3,2.224569427478977,1.1122847127394884,7305
267642,6259727,4,351,3,1e-06,0.0,5617
267642,6277727,14,230,4,1e-06,4.99e-07,16672
267642,6279727,10,346,3,1e-06,4.99e-07,16702
267642,6284727,25,41,5,1e-06,0.0,16721
267642,6301727,48,277,3,1e-06,4.99e-07,25630
267642,6305727,22,114,4,1e-06,4.99e-07,25578
267642,6345727,9,52,4,1e-06,4.99e-07,22576
267642,6398727,57,130,3,1e-06,0.0,7954
267642,6404727,17,113,6,1e-06,4.99e-07,7790
267642,6405727,80,34,4,1e-06,0.0,7783
268642,6262727,10,357,7,1e-06,0.0,5620
268642,6275727,11,155,9,1e-06,0.0,16358
268642,6279727,5,304,3,1e-06,4.99e-07,16695
268642,6281727,30,309,16,1e-06,4.99e-07,16967
268642,6283727,42,293,9,1e-06,0.0,17005
268642,6287727,73,282,11,1e-06,4.99e-07,8577
268642,6288727,71,282,4,1e-06,0.0,8955
268642,6298727,60,285,5,1e-06,0.0,26551
268642,6300727,64,277,3,1e-06,4.99e-07,26558
268642,6312727,13,246,3,1e-06,4.99e-07,25640
269642,6250727,10,254,9,1e-06,4.99e-07,9944
269642,6251727,23,251,8,1e-06,0.0,12258
269642,6259727,10,276,14,1e-06,4.99e-07,12088
269642,6260727,22,317,13,1e-06,4.99e-07,12096
269642,6261727,21,322,14,1e-06,4.99e-07,11969
269642,6262727,21,346,5,1e-06,4.99e-07,11963
269642,6270727,60,263,7,1e-06,4.99e-07,16313
269642,6275727,16,253,5,1e-06,4.99e-07,16234
269642,6276727,46,283,5,1e-06,4.99e-07,16233
269642,6281727,32,277,20,1e-06,4.99e-07,16962
269642,6283727,51,285,16,1e-06,0.0,16995
269642,6284727,56,274,4,1e-06,0.0,21085
269642,6285727,63,277,8,1e-06,4.99e-07,8612
269642,6286727,68,275,30,1e-06,0.0,8591
269642,6288727,57,267,13,1e-06,4.99e-07,8959
269642,6290727,69,265,4,1e-06,0.0,16530
269642,6296727,73,277,5,1e-06,0.0,26572
269642,6297727,65,274,6,1e-06,0.0,26544
269642,6401727,55,161,4,1e-06,0.0,7805
270642,6252727,31,244,10,1e-06,0.0,11125
270642,6256727,28,245,3,1e-06,0.0,11922
270642,6258727,13,285,24,1e-06,4.99e-07,11520
270642,6259727,15,349,22,1e-06,4.99e-07,11510
270642,6260727,21,336,14,1e-06,4.99e-07,11981
270642,6261727,24,314,19,1e-06,4.99e-07,11987
270642,6262727,47,289,6,1e-06,4.99e-07,8518
270642,6263727,35,283,13,1e-06,4.99e-07,8523
270642,6265727,50,276,6,1e-06,4.99e-07,15331
270642,6268727,58,269,6,1e-06,4.99e-07,15327
270642,6270727,48,260,19,1e-06,4.99e-07,16312
270642,6273727,44,280,7,1e-06,4.99e-07,16283
270642,6274727,27,269,3,1e-06,0.0,16280
270642,6275727,29,271,4,1e-06,4.99e-07,16245
270642,6276727,31,267,4,1e-06,4.99e-07,16235
270642,6279727,21,256,4,1e-06,4.99e-07,17072
270642,6281727,23,284,4,1e-06,0.0,16957
270642,6282727,21,248,6,1e-06,4.99e-07,16952
270642,6284727,46,259,7,1e-06,0.0,21070
270642,6286727,67,262,16,1e-06,0.0,8624
270642,6287727,74,261,17,1e-06,0.0,8550
270642,6288727,72,255,10,1e-06,0.0,8554
270642,6289727,71,265,30,1e-06,4.99e-07,8548
270642,6291727,76,258,7,1e-06,0.0,26388
270642,6292727,56,259,11,1e-06,0.0,26387
270642,6293727,64,243,10,1e-06,0.0,26165
270642,6294727,68,268,15,1e-06,4.99e-07,26065
270642,6295727,56,263,17,1e-06,4.99e-07,26002
270642,6296727,67,295,24,1e-06,0.0,25978
270642,6297727,60,259,12,1e-06,4.99e-07,25965
270642,6298727,64,292,9,1e-06,0.0,25968
270642,6299727,75,288,10,1e-06,0.0,25839
270642,6301727,69,289,9,1e-06,0.0,25613
270642,6308727,57,79,3,1e-06,4.99e-07,25552
270642,6313727,47,273,3,1e-06,4.99e-07,25464
270642,6315727,47,266,3,1e-06,4.99e-07,25650
270642,6334727,30,274,3,1e-06,4.99e-07,23570
270642,6336727,36,272,3,1e-06,4.99e-07,22650
271642,6243727,10,203,8,1e-06,0.0,9565
271642,6248727,42,248,9,1e-06,4.99e-07,9964
271642,6250727,21,253,6,1e-06,0.0,11164
271642,6251727,44,247,4,1e-06,0.0,11091
271642,6253727,26,239,6,1e-06,0.0,12277
271642,6255727,12,355,3,1e-06,0.0,12266
271642,6257727,10,316,10,1e-06,4.99e-07,11946
271642,6258727,11,335,21,1e-06,4.99e-07,11853
271642,6259727,14,331,16,1e-06,4.99e-07,11507
271642,6260727,12,11,21,1e-06,0.0,12012
271642,6261727,10,292,4,1e-06,4.99e-07,12010
271642,6262727,27,306,3,1e-06,4.99e-07,8520
271642,6263727,24,256,3,1e-06,4.99e-07,15307
271642,6265727,26,292,11,1e-06,4.99e-07,15365
271642,6266727,38,260,8,1e-06,4.99e-07,15357
271642,6267727,52,274,15,1e-06,4.99e-07,15336
271642,6268727,48,270,13,1e-06,4.99e-07,15354
271642,6270727,65,266,6,1e-06,0.0,16336
271642,6273727,54,273,9,1e-06,4.99e-07,16292
271642,6274727,47,279,4,1e-06,0.0,16305
271642,6275727,45,282,14,1e-06,4.99e-07,16264
271642,6276727,53,284,5,1e-06,4.99e-07,16250
271642,6277727,37,300,3,1e-06,4.99e-07,17248
271642,6278727,37,268,8,1e-06,4.99e-07,17142
271642,6281727,7,278,3,1e-06,4.99e-07,17166
271642,6282727,31,253,16,1e-06,4.99e-07,17122
271642,6285727,71,247,3,1e-06,0.0,8645
271642,6286727,57,254,24,1e-06,0.0,8637
271642,6287727,53,246,6,1e-06,0.0,8663
271642,6288727,56,249,14,1e-06,0.0,8686
271642,6289727,64,251,27,1e-06,0.0,8576
271642,6290727,59,241,22,1e-06,4.99e-07,9530
271642,6291727,67,232,8,1e-06,4.99e-07,26361
271642,6292727,50,236,36,1e-06,0.0,26290
271642,6293727,62,234,25,1e-06,0.0,26063
271642,6294727,34,239,7,1e-06,0.0,26154
271642,6295727,24,0,14,1e-06,0.0,26009
271642,6296727,34,157,15,1e-06,0.0,25991
271642,6297727,71,126,12,1e-06,0.0,25954
271642,6298727,28,71,10,1e-06,4.99e-07,25943
271642,6299727,60,284,19,1e-06,0.0,25811
271642,6300727,53,290,4,1e-06,0.0,25810
271642,6301727,64,294,5,1e-06,0.0,25608
271642,6303727,71,286,7,1e-06,0.0,25593
271642,6305727,68,287,8,1e-06,0.0,25568
271642,6308727,71,277,3,1e-06,4.99e-07,25544
271642,6309727,63,290,5,1e-06,0.0,25546
272642,6249727,6,278,9,1e-06,4.99e-07,11161
272642,6253727,22,246,11,1e-06,4.99e-07,10788
272642,6254727,15,294,8,1e-06,4.99e-07,10790
272642,6255727,15,294,9,1e-06,4.99e-07,10796
272642,6256727,24,45,29,1e-06,0.0,11134
272642,6257727,14,16,15,1e-06,0.0,11210
272642,6258727,25,31,6,1e-06,0.0,11207
272642,6259727,27,62,5,1e-06,4.99e-07,11504
272642,6260727,13,4,4,1e-06,0.0,8515
272642,6262727,33,256,3,1e-06,0.0,8525
272642,6263727,52,257,7,1e-06,4.99e-07,15300
272642,6267727,65,260,5,1e-06,4.99e-07,15334
272642,6270727,61,264,5,1e-06,4.99e-07,16338
272642,6273727,52,276,5,1e-06,0.0,16300
272642,6276727,56,275,11,1e-06,4.99e-07,16256
272642,6278727,51,271,7,1e-06,4.99e-07,17110
272642,6282727,51,256,7,1e-06,0.0,17078
272642,6284727,65,253,6,1e-06,0.0,9261
272642,6285727,63,247,6,1e-06,0.0,8648
272642,6286727,51,260,8,1e-06,0.0,8942
272642,6287727,51,254,28,1e-06,0.0,8652
272642,6288727,36,246,8,1e-06,4.99e-07,8684
272642,6289727,34,207,11,1e-06,0.0,21126
272642,6290727,57,236,6,1e-06,4.99e-07,26351
272642,6291727,42,276,18,1e-06,0.0,26291
272642,6292727,33,234,26,1e-06,4.99e-07,26176
272642,6293727,52,182,10,1e-06,4.99e-07,26153
272642,6294727,44,294,8,1e-06,4.99e-07,26142
272642,6295727,64,5,15,1e-06,4.99e-07,26120
272642,6296727,55,116,21,1e-06,0.0,26020
272642,6297727,52,271,17,1e-06,4.99e-07,25911
272642,6298727,51,137,10,1e-06,0.0,25910
272642,6299727,37,180,17,1e-06,4.99e-07,25793
272642,6300727,53,263,18,1e-06,0.0,25796
272642,6301727,66,288,10,1e-06,0.0,25711
272642,6303727,57,287,5,1e-06,0.0,25601
272642,6306727,53,283,7,1e-06,4.99e-07,25524
272642,6307727,71,270,3,1e-06,4.99e-07,25528
272642,6308727,61,278,6,1e-06,4.99e-07,25540
272642,6309727,0,93,4,1e-06,0.0,25477
272642,6312727,71,300,3,1e-06,0.0,25462
272642,6314727,75,288,3,1e-06,0.0,25432
272642,6315727,46,274,3,27.13618530899126,0.0,25428
273642,6243727,18,259,5,1e-06,4.99e-07,9592
273642,6248727,47,91,8,1e-06,4.99e-07,11145
273642,6250727,30,222,12,1e-06,0.0,9720
273642,6251727,7,194,8,1e-06,0.0,10976
273642,6252727,4,233,26,1e-06,0.0,10978
273642,6253727,39,69,22,1e-06,4.99e-07,10786
273642,6254727,13,26,9,1e-06,0.0,10787
273642,6255727,29,48,20,1e-06,0.0,9729
273642,6256727,16,19,13,1e-06,0.0,11139
273642,6257727,20,359,4,1e-06,0.0,11287
273642,6258727,28,44,6,1e-06,0.0,11202
273642,6259727,12,82,4,1e-06,0.0,11368
273642,6262727,55,271,3,1e-06,4.99e-07,8509
273642,6263727,42,259,9,1e-06,4.99e-07,15413
273642,6266727,29,263,6,1e-06,4.99e-07,15375
273642,6267727,60,257,9,1e-06,0.0,15351
273642,6274727,62,70,6,1e-06,4.99e-07,16433
273642,6275727,51,264,22,1e-06,4.99e-07,16399
273642,6276727,61,297,12,1e-06,0.0,16394
273642,6277727,70,270,5,1e-06,0.0,17231
273642,6278727,59,266,4,1e-06,4.99e-07,17108
273642,6279727,71,265,11,1e-06,4.99e-07,17079
273642,6280727,64,263,8,1e-06,4.99e-07,17195
273642,6284727,74,277,3,1e-06,0.0,9267
273642,6286727,39,264,5,1e-06,4.99e-07,21140
273642,6287727,26,301,14,1e-06,4.99e-07,20828
273642,6288727,56,257,21,1e-06,4.99e-07,20859
273642,6289727,32,310,26,1e-06,4.99e-07,20851
273642,6290727,45,243,14,1e-06,4.99e-07,20858
273642,6291727,47,244,26,1e-06,0.0,26292
273642,6292727,53,254,15,1e-06,0.0,26189
273642,6293727,54,255,11,1e-06,0.0,26184
273642,6294727,74,260,5,1e-06,0.0,26062
273642,6295727,34,204,8,1e-06,4.99e-07,26051
273642,6296727,64,295,10,1e-06,0.0,26100
273642,6297727,19,52,10,1e-06,4.99e-07,25909
273642,6298727,48,151,23,1e-06,4.99e-07,25882
273642,6299727,41,273,11,1e-06,0.0,25789
273642,6300727,40,292,9,1e-06,4.99e-07,25862
273642,6301727,46,284,10,1e-06,4.99e-07,25699
273642,6302727,26,192,20,1e-06,4.99e-07,25692
273642,6303727,12,208,22,1e-06,4.99e-07,25691
273642,6304727,70,131,12,1e-06,0.0,25678
273642,6305727,47,292,3,1e-06,0.0,25510
273642,6306727,59,279,10,1e-06,4.99e-07,25513
273642,6310727,65,294,6,1e-06,0.0,25488
273642,6312727,51,263,9,1e-06,4.99e-07,25458
273642,6313727,52,244,8,1e-06,4.99e-07,25445
273642,6314727,66,273,7,1e-06,0.0,25435
273642,6315727,65,256,5,1e-06,0.0,25426
273642,6316727,62,283,12,1e-06,0.0,25413
273642,6317727,52,295,4,1e-06,0.0,25414
273642,6318727,45,240,4,1e-06,4.99e-07,22737
273642,6319727,47,271,7,1e-06,4.99e-07,22731
273642,6320727,67,280,3,1e-06,0.0,22730
273642,6329727,34,38,3,1e-06,0.0,22670
273642,6340727,46,257,5,1e-06,0.0,22614
273642,6345727,49,300,3,1e-06,4.99e-07,22594
274642,6246727,1,258,5,1e-06,4.99e-07,9568
274642,6248727,42,220,3,1e-06,4.99e-07,9662
274642,6249727,33,90,11,1e-06,4.99e-07,11179
274642,6250727,11,180,4,1e-06,0.0,11123
274642,6251727,14,94,5,1e-06,4.99e-07,9723
274642,6252727,36,239,6,1e-06,0.0,8546
274642,6254727,18,57,28,1e-06,0.0,9920
274642,6255727,26,264,27,1e-06,4.99e-07,9728
274642,6256727,9,320,3,1e-06,4.99e-07,9730
274642,6257727,31,278,5,1e-06,4.99e-07,11352
274642,6258727,35,99,4,1e-06,4.99e-07,11292
274642,6259727,63,260,4,1e-06,4.99e-07,8489
274642,6260727,77,261,5,1e-06,4.99e-07,8485
274642,6261727,61,276,7,1e-06,4.99e-07,8479
274642,6262727,46,254,6,1e-06,4.99e-07,8458
274642,6263727,68,265,8,1e-06,0.0,15471
274642,6264727,52,104,5,1e-06,4.99e-07,15462
274642,6267727,34,163,4,1e-06,0.0,15456
274642,6268727,25,252,3,1e-06,4.99e-07,15439
274642,6271727,65,232,7,1e-06,0.0,16451
274642,6275727,15,180,4,17.30748380980806,8.653741903904029,16442
274642,6276727,37,276,13,1e-06,4.99e-07,16374
274642,6277727,47,250,9,1e-06,0.0,17223
274642,6279727,56,260,3,1e-06,4.99e-07,17206
274642,6284727,66,300,5,1e-06,0.0,20756
274642,6285727,20,337,15,1e-06,0.0,20775
274642,6286727,23,160,12,1e-06,0.0,20807
274642,6287727,13,75,30,1e-06,4.99e-07,20810
274642,6288727,69,93,40,1e-06,4.99e-07,20835
274642,6289727,43,114,25,1e-06,4.99e-07,20853
274642,6290727,75,279,11,1e-06,0.0,26320
274642,6291727,10,239,10,1e-06,4.99e-07,26245
274642,6292727,54,224,16,1e-06,4.99e-07,26256
274642,6293727,64,261,21,1e-06,0.0,26205
274642,6294727,59,290,5,1e-06,0.0,26055
274642,6295727,58,306,4,1e-06,4.99e-07,26047
274642,6296727,36,267,3,4.608188879044106,0.0,26046
274642,6297727,33,287,13,1e-06,4.99e-07,26029
274642,6298727,63,288,6,1e-06,4.99e-07,25888
274642,6299727,36,283,8,1e-06,0.0,25874
274642,6301727,68,254,3,1e-06,0.0,25782
274642,6302727,13,235,6,7.48003548005908,0.0,25689
274642,6303727,64,136,4,1e-06,0.0,25680
274642,6304727,22,198,8,1e-06,4.99e-07,25682
274642,6305727,47,244,8,1e-06,4.99e-07,25509
274642,6308727,48,126,6,1e-06,0.0,25763
274642,6309727,43,258,5,1e-06,4.99e-07,25501
274642,6310727,64,284,4,1e-06,0.0,25495
274642,6343727,25,256,3,1e-06,0.0,23590
274642,6457727,19,60,15,1e-06,4.99e-07,6135
274642,6458727,41,53,18,1e-06,0.0,6149
274642,6459727,38,103,12,1e-06,4.99e-07,6197
274642,6462727,23,175,4,7.109336015360143,3.5546680066800715,6290
274642,6463727,42,278,4,1e-06,0.0,6294
274642,6465727,39,216,12,1e-06,4.99e-07,6363
274642,6466727,23,293,11,1e-06,4.99e-07,6643
274642,6467727,35,26,5,1e-06,0.0,6658
274642,6468727,19,225,18,1e-06,4.99e-07,6666
274642,6469727,45,130,3,1e-06,0.0,6683
275642,6248727,52,76,9,1e-06,4.99e-07,9665
275642,6252727,55,97,7,1e-06,4.99e-07,9751
275642,6253727,52,75,11,1e-06,4.99e-07,9725
275642,6254727,78,266,3,1e-06,0.0,9921
275642,6255727,18,243,11,1e-06,4.99e-07,9915
275642,6256727,35,261,8,1e-06,4.99e-07,9970
275642,6257727,68,258,3,1e-06,0.0,11357
275642,6258727,40,113,3,1e-06,0.0,11354
275642,6260727,40,241,7,1e-06,4.99e-07,8477
275642,6261727,42,81,11,1e-06,4.99e-07,12325
275642,6266727,57,259,8,1e-06,4.99e-07,15423
275642,6271727,43,303,3,1e-06,4.99e-07,16466
275642,6276727,44,242,11,1e-06,4.99e-07,16371
275642,6280727,41,193,4,4.071407174718287,2.0357035863591437,17270
275642,6282727,80,89,8,1e-06,4.99e-07,17086
275642,6284727,58,336,5,1e-06,4.99e-07,20760
275642,6285727,43,0,28,1e-06,4.99e-07,20762
275642,6286727,7,29,23,1e-06,0.0,21030
275642,6287727,45,238,30,1e-06,4.99e-07,20595
275642,6288727,22,166,38,1e-06,0.0,20549
275642,6289727,25,236,38,1e-06,4.99e-07,20523
275642,6290727,48,261,18,1e-06,4.99e-07,20517
275642,6291727,47,86,7,1e-06,4.99e-07,26241
275642,6292727,32,243,7,1e-06,0.0,26248
275642,6293727,65,244,12,1e-06,0.0,26221
275642,6342727,39,158,4,1e-06,0.0,22625
275642,6345727,41,196,6,1e-06,4.99e-07,22600
275642,6346727,38,176,4,1e-06,4.99e-07,22602
275642,6457727,18,217,12,1e-06,4.99e-07,6126
275642,6458727,27,243,26,1e-06,0.0,6101
275642,6459727,20,257,25,1e-06,4.99e-07,6181
275642,6460727,29,279,16,1e-06,0.0,6216
275642,6461727,43,265,12,1e-06,0.0,6239
275642,6462727,45,293,4,1e-06,4.99e-07,6269
275642,6463727,56,271,11,1e-06,0.0,6287
275642,6464727,11,173,3,80.8470349513084,0.0,6313
275642,6465727,29,13,11,1e-06,4.99e-07,6357
275642,6466727,43,96,12,1e-06,4.99e-07,6386
275642,6467727,25,112,7,1e-06,4.99e-07,6637
275642,6468727,38,346,10,1e-06,4.99e-07,6634
275642,6469727,53,80,21,1e-06,4.99e-07,6684
275642,6470727,56,147,5,1e-06,0.0,6806
276642,6239727,36,91,3,2.302766071030772,0.0,9650
276642,6240727,63,94,5,1e-06,4.99e-07,9681
276642,6242727,52,85,6,1e-06,4.99e-07,9588
276642,6243727,48,81,3,1e-06,4.99e-07,10032
276642,6245727,58,69,20,1e-06,4.99e-07,9571
276642,6246727,41,57,8,1e-06,0.0,10709
276642,6248727,78,91,9,1e-06,4.99e-07,9678
276642,6249727,65,318,4,1e-06,4.99e-07,10835
276642,6250727,63,86,4,1e-06,4.99e-07,10260
276642,6251727,36,83,15,1e-06,4.99e-07,10278
276642,6252727,39,320,3,1e-06,0.0,10286
276642,6253727,51,259,3,1e-06,4.99e-07,10838
276642,6254727,27,53,3,5.205485658275628,2.602742828137814,9760
276642,6255727,61,258,8,1e-06,4.99e-07,9982
276642,6259727,35,295,9,1e-06,4.99e-07,8462
276642,6260727,52,275,4,1e-06,4.99e-07,8473
276642,6261727,53,254,3,1e-06,0.0,12333
276642,6262727,76,246,4,1e-06,0.0,8533
276642,6263727,61,236,9,1e-06,0.0,8393
276642,6268727,62,260,9,1e-06,4.99e-07,8013
276642,6269727,72,271,3,1e-06,4.99e-07,8445
276642,6270727,65,269,3,1e-06,4.99e-07,8059
276642,6272727,66,258,10,1e-06,0.0,8403
276642,6278727,78,252,9,1e-06,0.0,12676
276642,6279727,61,266,7,1e-06,4.99e-07,12677
276642,6281727,76,263,8,1e-06,0.0,17176
276642,6282727,83,265,7,1e-06,0.0,17150
276642,6283727,75,282,6,1e-06,4.99e-07,17154
276642,6284727,65,85,20,1e-06,4.99e-07,20681
276642,6286727,73,79,3,1e-06,4.99e-07,20818
276642,6287727,76,267,21,1e-06,4.99e-07,20512
276642,6288727,79,269,5,1e-06,0.0,20548
276642,6289727,71,268,30,1e-06,4.99e-07,20527
276642,6311727,54,277,5,1e-06,0.0,25361
276642,6330727,58,103,3,1e-06,4.99e-07,22683
276642,6457727,7,186,11,1e-06,4.99e-07,6114
276642,6458727,26,246,21,1e-06,4.99e-07,6080
276642,6459727,26,308,19,1e-06,4.99e-07,6057
276642,6460727,39,269,24,1e-06,0.0,6047
276642,6461727,32,261,21,1e-06,4.99e-07,5985
276642,6462727,63,330,3,1e-06,4.99e-07,5986
276642,6463727,4,103,11,1e-06,0.0,6276
276642,6464727,23,247,7,1e-06,4.99e-07,6311
276642,6465727,16,147,16,1e-06,0.0,6348
276642,6466727,38,83,13,1e-06,4.99e-07,6395
276642,6467727,47,327,23,1e-06,4.99e-07,6589
276642,6468727,19,348,27,1e-06,0.0,6626
276642,6469727,16,332,19,1e-06,0.0,6762
276642,6470727,38,82,28,1e-06,4.99e-07,6777
276642,6471727,67,66,16,1e-06,0.0,6843
276642,6472727,59,73,6,1e-06,4.99e-07,6869
277642,6235727,66,82,7,1e-06,4.99e-07,10569
277642,6237727,57,98,4,1e-06,4.99e-07,10440
277642,6238727,32,64,21,1e-06,4.99e-07,10316
277642,6239727,64,81,26,1e-06,4.99e-07,9697
277642,6240727,52,86,30,1e-06,4.99e-07,9687
277642,6241727,30,87,7,1e-06,4.99e-07,9660
277642,6242727,46,85,20,1e-06,4.99e-07,9657
277642,6243727,33,109,23,1e-06,4.99e-07,9912
277642,6244727,13,191,8,1e-06,0.0,9907
277642,6245727,26,63,33,1e-06,0.0,9572
277642,6246727,68,61,8,1e-06,0.0,10716
277642,6247727,72,92,22,1e-06,4.99e-07,9666
277642,6248727,61,74,13,1e-06,4.99e-07,9672
277642,6249727,50,11,6,1e-06,0.0,10262
277642,6250727,60,313,9,1e-06,4.99e-07,10257
277642,6251727,46,70,45,1e-06,4.99e-07,10078
277642,6252727,49,32,14,1e-06,0.0,10065
277642,6253727,27,301,17,1e-06,4.99e-07,10823
277642,6254727,42,26,10,1e-06,0.0,10236
277642,6255727,63,85,17,1e-06,4.99e-07,8539
277642,6256727,56,255,15,1e-06,0.0,8544
277642,6260727,63,255,7,1e-06,4.99e-07,8465
277642,6269727,59,263,5,1e-06,4.99e-07,8449
277642,6274727,58,265,5,1e-06,4.99e-07,7975
277642,6275727,66,257,3,1e-06,4.99e-07,7971
277642,6278727,7,43,6,1.0165844973160114,0.5082922476580057,12483
277642,6282727,55,60,10,1e-06,4.99e-07,17159
277642,6283727,87,93,3,1e-06,0.0,20752
277642,6284727,60,93,9,1e-06,4.99e-07,20575
277642,6286727,77,88,3,10.778978740108816,0.0,20639
277642,6287727,68,88,22,1e-06,4.99e-07,20502
277642,6288727,80,270,3,1e-06,0.0,20574
277642,6289727,79,260,8,1e-06,0.0,20556
277642,6302727,61,120,3,5.893665598208014,2.946832798104007,25320
277642,6309727,51,334,8,1e-06,4.99e-07,25354
277642,6317727,48,53,6,1e-06,0.0,25404
277642,6458727,3,110,3,1e-06,4.99e-07,5858
277642,6459727,13,95,4,1e-06,4.99e-07,5861
277642,6460727,35,294,21,1e-06,4.99e-07,6014
277642,6461727,23,285,34,1e-06,0.0,5977
277642,6462727,34,279,16,1e-06,0.0,5957
277642,6463727,38,253,10,1e-06,0.0,5958
277642,6464727,35,244,17,1e-06,0.0,6320
277642,6465727,24,132,13,1e-06,4.99e-07,6343
277642,6466727,27,215,13,1e-06,0.0,6565
277642,6467727,36,282,17,1e-06,4.99e-07,6564
277642,6468727,22,354,14,1e-06,0.0,6550
277642,6469727,34,148,16,1e-06,0.0,6719
277642,6470727,16,261,21,1e-06,4.99e-07,6744
277642,6471727,50,14,9,1e-06,0.0,6859
277642,6472727,41,39,21,1e-06,0.0,6871
277642,6473727,65,347,9,1e-06,4.99e-07,6900
277642,6474727,27,2,11,1e-06,0.0,7233
277642,6476727,65,114,19,1e-06,0.0,7268
278642,6235727,34,96,17,1e-06,4.99e-07,10556
278642,6236727,57,158,3,1e-06,0.0,10437
278642,6237727,50,108,5,1e-06,4.99e-07,10369
278642,6238727,50,68,24,1e-06,4.99e-07,10314
278642,6239727,44,36,13,1e-06,0.0,9704
278642,6240727,61,70,17,1e-06,4.99e-07,9807
278642,6241727,47,89,8,1e-06,4.99e-07,9775
278642,6242727,13,120,25,1e-06,4.99e-07,9778
278642,6243727,12,201,18,1e-06,0.0,9646
278642,6244727,12,133,12,1e-06,0.0,9645
278642,6245727,13,305,23,1e-06,4.99e-07,9639
278642,6246727,29,91,31,1e-06,4.99e-07,9761
278642,6247727,43,47,8,1e-06,0.0,10662
278642,6248727,70,74,4,1e-06,4.99e-07,10676
278642,6249727,23,136,12,1e-06,4.99e-07,10298
278642,6250727,62,257,9,1e-06,4.99e-07,10744
278642,6251727,44,254,22,1e-06,4.99e-07,10583
278642,6252727,77,264,7,1e-06,0.0,10060
278642,6253727,65,258,16,1e-06,4.99e-07,10264
278642,6254727,71,256,12,1e-06,0.0,10373
278642,6255727,71,260,3,64.75620577483573,0.0,11285
278642,6256727,65,244,3,26.1274922591604,13.0637461285802,11220
278642,6265727,63,264,3,1e-06,4.99e-07,15489
278642,6270727,79,76,7,1e-06,0.0,7994
278642,6271727,75,79,6,1e-06,4.99e-07,8062
278642,6272727,69,79,3,1e-06,4.99e-07,8410
278642,6273727,70,83,3,19.405267995372608,0.0,8412
278642,6277727,59,109,3,1e-06,4.99e-07,12499
278642,6278727,83,89,8,1e-06,4.99e-07,12480
278642,6279727,17,179,12,1e-06,0.0,12474
278642,6283727,67,95,9,1e-06,4.99e-07,17285
278642,6284727,75,92,10,1e-06,4.99e-07,20736
278642,6287727,69,85,12,1e-06,4.99e-07,20503
278642,6289727,52,275,5,1e-06,4.99e-07,20611
278642,6290727,36,357,6,4.729647265542984,0.0,20647
278642,6292727,81,95,5,1e-06,4.99e-07,25045
278642,6300727,54,288,3,1e-06,4.99e-07,25299
278642,6302727,68,278,5,1e-06,0.0,25321
278642,6457727,19,52,4,1e-06,0.0,5839
278642,6458727,19,315,6,1e-06,4.99e-07,5847
278642,6460727,7,48,3,1e-06,0.0,5879
278642,6461727,34,329,8,1e-06,4.99e-07,6003
278642,6463727,15,40,13,1e-06,0.0,5944
278642,6464727,54,222,9,1e-06,4.99e-07,5940
278642,6465727,38,115,15,1e-06,4.99e-07,6417
278642,6466727,32,112,4,1e-06,4.99e-07,6439
278642,6467727,47,91,12,1e-06,4.99e-07,6482
278642,6468727,24,60,12,1e-06,4.99e-07,6502
278642,6469727,19,13,12,1e-06,0.0,6534
278642,6470727,12,33,13,1e-06,4.99e-07,6737
278642,6471727,54,279,6,1e-06,0.0,6914
278642,6472727,48,213,13,1e-06,4.99e-07,6908
278642,6473727,22,155,9,1e-06,4.99e-07,6905
278642,6474727,23,31,12,1e-06,4.99e-07,7217
278642,6475727,70,0,4,1e-06,4.99e-07,7259
278642,6476727,45,126,9,1e-06,0.0,7152
278642,6477727,8,331,13,1e-06,0.0,7144
279642,6235727,51,84,19,1e-06,4.99e-07,10509
279642,6236727,56,97,14,1e-06,4.99e-07,10448
279642,6237727,33,349,16,1e-06,0.0,10451
279642,6238727,62,104,37,1e-06,4.99e-07,10162
279642,6239727,67,63,13,1e-06,0.0,10158
279642,6240727,12,54,22,1e-06,4.99e-07,9822
279642,6241727,10,293,27,1e-06,4.99e-07,10133
279642,6242727,33,151,32,1e-06,0.0,10183
279642,6243727,15,87,11,1e-06,4.99e-07,9901
279642,6244727,23,36,10,1e-06,0.0,9680
279642,6245727,9,85,7,1e-06,4.99e-07,10000
279642,6246727,45,78,7,1e-06,4.99e-07,9930
279642,6247727,25,326,5,1e-06,0.0,10671
279642,6248727,65,63,3,1e-06,0.0,10678
279642,6249727,77,259,6,1e-06,0.0,11424
279642,6250727,16,344,8,40.73870103467517,20.369350516337587,11450
279642,6251727,62,73,7,1e-06,4.99e-07,11420
279642,6252727,68,250,10,1e-06,0.0,11016
279642,6253727,83,256,14,1e-06,0.0,11024
279642,6254727,70,261,24,1e-06,0.0,10859
279642,6255727,36,294,7,1e-06,4.99e-07,11034
279642,6256727,27,352,9,1e-06,0.0,11234
279642,6257727,43,51,3,4.763234923735007,2.381617460867504,11244
279642,6258727,65,244,4,1e-06,0.0,11224
279642,6268727,75,72,5,1e-06,0.0,7715
279642,6271727,74,76,6,1e-06,4.99e-07,8396
279642,6272727,74,82,5,1e-06,4.99e-07,8413
279642,6273727,83,73,4,1e-06,0.0,8417
279642,6274727,77,83,4,1e-06,4.99e-07,7983
279642,6284727,86,264,3,22.15420810311459,11.077104050557296,20733
279642,6286727,86,87,5,1e-06,4.99e-07,13287
279642,6287727,77,265,3,26.562594480477458,0.0,20617
279642,6288727,81,267,5,1e-06,4.99e-07,20643
279642,6289727,81,265,5,1e-06,4.99e-07,20660
279642,6290727,70,263,3,1e-06,0.0,20640
279642,6295727,70,268,4,1e-06,4.99e-07,25156
279642,6335727,54,82,3,1e-06,4.99e-07,23017
279642,6458727,32,195,5,1e-06,0.0,5850
279642,6459727,18,101,4,1e-06,4.99e-07,5864
279642,6460727,53,251,7,1e-06,0.0,5872
279642,6464727,18,259,8,1e-06,0.0,5933
279642,6465727,6,241,9,1e-06,4.99e-07,6425
279642,6466727,37,107,11,1e-06,4.99e-07,6447
279642,6467727,26,111,15,1e-06,4.99e-07,6474
279642,6468727,26,31,18,1e-06,0.0,6503
279642,6469727,35,95,8,1e-06,4.99e-07,6526
279642,6470727,21,85,12,1e-06,4.99e-07,6929
279642,6471727,38,305,10,1e-06,0.0,6944
279642,6472727,15,7,11,1e-06,0.0,6963
279642,6473727,8,15,11,1e-06,4.99e-07,6974
279642,6475727,20,200,12,1e-06,4.99e-07,7176
279642,6476727,30,34,15,1e-06,4.99e-07,7160
279642,6477727,13,260,8,1e-06,0.0,7137
279642,6478727,80,152,8,1e-06,4.99e-07,7118
280642,6234727,60,100,13,1e-06,4.99e-07,10491
280642,6235727,68,94,16,1e-06,4.99e-07,10512
280642,6236727,67,89,4,1e-06,4.99e-07,10518
280642,6239727,62,88,20,1e-06,4.99e-07,9844
280642,6240727,76,82,18,1e-06,4.99e-07,9651
280642,6241727,67,90,6,1e-06,4.99e-07,10149
280642,6243727,82,81,8,1e-06,4.99e-07,11311
280642,6244727,73,79,5,1e-06,4.99e-07,10109
280642,6245727,73,76,10,1e-06,4.99e-07,10102
280642,6247727,52,79,10,1e-06,4.99e-07,12172
280642,6248727,59,83,6,1e-06,4.99e-07,11471
280642,6249727,81,265,15,1e-06,0.0,11370
280642,6250727,65,255,22,1e-06,4.99e-07,11065
280642,6251727,39,347,6,3.524390201931451,0.0,11447
280642,6252727,21,20,6,1e-06,0.0,11464
280642,6253727,26,348,4,0.0260778295480563,0.0130389137740281,11330
280642,6254727,15,359,6,4.576223575903823,2.2881117869519114,11341
280642,6259727,87,254,3,1e-06,0.0,11222
280642,6260727,86,76,3,1e-06,0.0,11569
280642,6263727,52,252,5,1e-06,4.99e-07,7900
280642,6265727,29,315,10,1e-06,4.99e-07,7892
280642,6267727,50,67,3,2.7605112307294304,0.0,8358
280642,6268727,65,86,3,6.119974287154453,0.0,8356
280642,6271727,53,62,3,1e-06,0.0,8435
280642,6272727,48,61,5,1e-06,0.0,8069
280642,6283727,46,77,5,1e-06,4.99e-07,13131
280642,6287727,23,59,8,1e-06,4.99e-07,20709
280642,6288727,32,75,4,1e-06,4.99e-07,20669
280642,6289727,14,48,7,1e-06,0.0,20725
280642,6460727,19,155,4,1e-06,0.0,5876
280642,6462727,23,117,6,1e-06,4.99e-07,5891
280642,6463727,24,114,16,1e-06,4.99e-07,5901
280642,6464727,25,113,12,1e-06,4.99e-07,5909
280642,6466727,30,71,7,1e-06,4.99e-07,6456
280642,6467727,27,82,3,1e-06,4.99e-07,6465
280642,6469727,17,106,3,1e-06,4.99e-07,6519
280642,6471727,29,129,6,1e-06,0.0,6955
280642,6472727,33,106,21,1e-06,4.99e-07,6962
280642,6473727,23,83,15,1e-06,4.99e-07,6990
280642,6474727,30,227,10,1e-06,4.99e-07,7192
280642,6475727,71,155,3,1e-06,0.0,7179
280642,6478727,17,58,4,2.6842852427360486,0.9237760816096394,7129
281642,6235727,60,84,6,1e-06,4.99e-07,11844
281642,6236727,70,90,16,1e-06,4.99e-07,11797
281642,6237727,78,91,3,1e-06,4.99e-07,11801
281642,6238727,69,86,14,1e-06,4.99e-07,11805
281642,6239727,80,85,9,1e-06,4.99e-07,11823
281642,6240727,72,90,10,1e-06,4.99e-07,11830
281642,6241727,63,76,10,1e-06,4.99e-07,11495
281642,6243727,64,85,13,1e-06,4.99e-07,12134
281642,6244727,23,271,9,1e-06,4.99e-07,12154
281642,6245727,8,13,20,1e-06,0.0,12156
281642,6246727,70,262,6,1e-06,4.99e-07,12167
281642,6247727,65,261,11,1e-06,4.99e-07,12359
281642,6248727,12,291,6,5.363207520569643,0.0,12526
281642,6250727,66,267,3,87.04987809119235,0.0,11070
281642,6251727,42,105,3,2.8413622621467445,0.0,11073
281642,6253727,50,241,5,1e-06,0.0,11253
281642,6261727,79,260,4,1e-06,0.0,11563
281642,6282727,45,109,8,1e-06,4.99e-07,13183
281642,6283727,7,273,3,1e-06,4.99e-07,13136
281642,6284727,21,67,12,1e-06,4.99e-07,20136
281642,6285727,13,305,8,1e-06,4.99e-07,20115
281642,6286727,11,321,12,1e-06,4.99e-07,20108
281642,6287727,24,292,5,1e-06,4.99e-07,20105
281642,6288727,20,295,7,1e-06,4.99e-07,19783
281642,6292727,32,253,3,1e-06,4.99e-07,25044
281642,6296727,27,262,11,1e-06,4.99e-07,25061
281642,6299727,14,264,3,1e-06,4.99e-07,25103
281642,6301727,19,256,3,1e-06,4.99e-07,25117
281642,6464727,32,93,5,1e-06,4.99e-07,5910
281642,6466727,13,67,4,1e-06,4.99e-07,6464
281642,6467727,46,113,3,1e-06,4.99e-07,6468
281642,6472727,34,121,10,1e-06,0.0,7012
281642,6473727,20,143,10,1e-06,4.99e-07,7022
281642,6474727,34,19,9,1e-06,4.99e-07,7065
282642,6234727,45,85,14,1e-06,4.99e-07,12120
282642,6235727,28,72,3,1e-06,4.99e-07,12114
282642,6236727,55,75,20,1e-06,4.99e-07,11794
282642,6237727,61,70,3,1e-06,4.99e-07,11820
282642,6240727,65,81,4,1e-06,4.99e-07,11831
282642,6241727,57,60,4,1e-06,0.0,12018
282642,6244727,73,79,7,1e-06,4.99e-07,11642
282642,6246727,70,76,3,1e-06,4.99e-07,11608
282642,6247727,47,58,10,1e-06,0.0,11610
282642,6248727,74,261,6,1e-06,4.99e-07,12437
282642,6249727,48,259,16,1e-06,4.99e-07,11385
282642,6251727,41,97,10,1e-06,4.99e-07,11316
282642,6253727,45,286,21,1e-06,4.99e-07,11255
282642,6279727,44,304,5,1e-06,4.99e-07,17296
282642,6284727,56,276,9,1e-06,4.99e-07,19660
282642,6286727,41,289,5,1e-06,0.0,20081
282642,6288727,41,281,19,1e-06,4.99e-07,19635
282642,6289727,37,281,19,1e-06,4.99e-07,19611
282642,6290727,52,274,10,1e-06,4.99e-07,19596
282642,6294727,44,272,3,1e-06,4.99e-07,25053
282642,6296727,45,261,11,1e-06,4.99e-07,25065
282642,6303727,25,255,3,1e-06,0.0,25126
282642,6309727,31,264,3,1e-06,4.99e-07,24820
282642,6345727,22,224,4,1e-06,4.99e-07,23063
282642,6473727,23,100,5,1e-06,4.99e-07,7044
282642,6474727,17,44,17,1e-06,0.0,7048
282642,6475727,11,115,7,1e-06,0.0,7070
282642,6476727,9,341,6,1e-06,0.0,7077
282642,6478727,34,180,6,1e-06,4.99e-07,7111
283642,6234727,22,69,3,1e-06,4.99e-07,12042
283642,6236727,43,66,11,1e-06,4.99e-07,12046
283642,6237727,28,51,4,1e-06,0.0,12811
283642,6238727,12,15,4,1e-06,0.0,13016
283642,6239727,29,59,8,1e-06,0.0,12846
283642,6241727,31,66,11,1e-06,4.99e-07,11758
283642,6242727,47,57,6,1e-06,0.0,11677
283642,6243727,59,78,11,1e-06,4.99e-07,11787
283642,6244727,65,72,8,1e-06,4.99e-07,11643
283642,6245727,68,72,31,1e-06,4.99e-07,11577
283642,6247727,21,89,7,1e-06,4.99e-07,11620
283642,6249727,53,264,8,1e-06,4.99e-07,11401
283642,6253727,72,83,5,1e-06,4.99e-07,11484
283642,6265727,17,258,3,1e-06,4.99e-07,7762
283642,6273727,44,267,8,1e-06,4.99e-07,7633
283642,6274727,35,247,3,1e-06,4.99e-07,7674
283642,6276727,48,269,17,1e-06,4.99e-07,16494
283642,6278727,77,269,6,1e-06,4.99e-07,17617
283642,6281727,69,273,4,1e-06,4.99e-07,17278
283642,6282727,64,267,5,1e-06,4.99e-07,13191
283642,6283727,77,272,5,1e-06,4.99e-07,17497
283642,6286727,75,280,7,1e-06,0.0,20083
283642,6289727,50,281,26,1e-06,4.99e-07,19820
283642,6290727,49,278,20,1e-06,4.99e-07,19832
283642,6291727,52,257,3,1e-06,0.0,25036
283642,6296727,27,258,5,1e-06,4.99e-07,25088
283642,6298727,39,279,3,1e-06,4.99e-07,25000
283642,6477727,48,156,8,1e-06,0.0,7087
284642,6235727,25,70,6,1e-06,4.99e-07,12962
284642,6237727,21,56,4,1e-06,4.99e-07,12816
284642,6241727,15,28,4,1e-06,0.0,11689
284642,6242727,8,339,6,1e-06,0.0,11676
284642,6243727,20,330,6,1e-06,4.99e-07,11674
284642,6244727,16,1,8,1e-06,4.99e-07,12563
284642,6245727,10,32,5,1e-06,0.0,12564
284642,6246727,18,37,5,1e-06,0.0,11601
284642,6250727,24,42,4,1e-06,0.0,11410
284642,6267727,30,245,6,1e-06,4.99e-07,7819
284642,6269727,53,272,3,1e-06,4.99e-07,7767
284642,6272727,44,257,6,1e-06,4.99e-07,7703
284642,6276727,46,262,4,1e-06,0.0,16490
284642,6277727,46,255,15,1e-06,0.0,17624
284642,6278727,56,270,5,1e-06,4.99e-07,17610
284642,6279727,54,267,13,1e-06,0.0,17601
284642,6281727,43,297,9,1e-06,4.99e-07,17450
284642,6282727,57,265,29,1e-06,4.99e-07,17314
284642,6283727,61,269,14,1e-06,4.99e-07,17347
284642,6284727,78,277,7,1e-06,0.0,20064
284642,6285727,70,276,5,1e-06,4.99e-07,20074
284642,6286727,71,287,4,1e-06,0.0,19654
284642,6287727,76,287,14,1e-06,0.0,19645
284642,6289727,65,290,7,1e-06,0.0,19964
284642,6290727,69,281,7,1e-06,0.0,19963
284642,6297727,45,274,3,1e-06,4.99e-07,24996
284642,6316727,35,264,3,1e-06,4.99e-07,24787
284642,6477727,43,141,4,1e-06,0.0,7094
285642,6236727,9,340,3,1e-06,4.99e-07,12938
285642,6238727,21,325,6,1e-06,4.99e-07,12839
285642,6239727,14,302,4,1e-06,4.99e-07,12861
285642,6242727,25,303,10,1e-06,4.99e-07,11684
285642,6243727,17,314,9,1e-06,4.99e-07,11671
285642,6244727,14,297,5,1e-06,0.0,12653
285642,6245727,19,287,11,1e-06,0.0,12562
285642,6246727,25,292,5,1e-06,4.99e-07,11633
285642,6255727,3,20,3,1e-06,0.0,11539
285642,6266727,25,235,3,1e-06,4.99e-07,7725
285642,6267727,36,252,10,1e-06,0.0,8366
285642,6270727,41,255,5,1e-06,0.0,7612
285642,6271727,39,258,7,1e-06,0.0,7625
285642,6273727,36,256,11,1e-06,4.99e-07,7638
285642,6274727,42,262,6,1e-06,4.99e-07,7648
285642,6275727,40,252,13,1e-06,4.99e-07,7652
285642,6276727,45,254,4,1e-06,0.0,16486
285642,6277727,48,245,16,1e-06,4.99e-07,17634
285642,6278727,59,242,23,1e-06,0.0,17661
285642,6279727,54,242,7,1e-06,0.0,17657
285642,6281727,79,275,3,1e-06,0.0,17281
285642,6282727,46,217,3,1e-06,0.0,17310
285642,6283727,63,276,8,1e-06,4.99e-07,17546
285642,6286727,62,296,13,1e-06,0.0,19696
285642,6287727,75,292,6,1e-06,0.0,19685
285642,6288727,77,290,16,1e-06,0.0,19995
285642,6289727,74,283,4,1e-06,0.0,20042
285642,6290727,75,286,4,1e-06,0.0,20037
285642,6312727,44,273,3,1e-06,0.0,24806
285642,6336727,7,192,5,1e-06,0.0,22973
285642,6478727,44,202,3,1e-06,4.99e-07,7104
286642,6234727,31,302,5,1e-06,4.99e-07,12932
286642,6235727,32,287,3,1e-06,4.99e-07,12933
286642,6237727,26,292,6,1e-06,0.0,12939
286642,6238727,28,290,7,1e-06,4.99e-07,12837
286642,6239727,25,293,13,1e-06,0.0,12824
286642,6242727,31,298,3,1e-06,0.0,11693
286642,6243727,19,289,8,1e-06,0.0,11666
286642,6244727,19,287,4,1e-06,0.0,12545
286642,6245727,21,270,11,1e-06,4.99e-07,12550
286642,6246727,24,286,4,1e-06,4.99e-07,11638
286642,6260727,24,260,5,1e-06,4.99e-07,11560
286642,6263727,39,243,3,1e-06,0.0,7865
286642,6264727,32,243,11,1e-06,4.99e-07,7866
286642,6265727,56,248,4,1e-06,0.0,7875
286642,6268727,41,249,4,1e-06,0.0,7724
286642,6269727,28,244,11,1e-06,4.99e-07,7826
286642,6270727,43,262,6,1e-06,4.99e-07,7617
286642,6274727,27,248,7,1e-06,0.0,7656
286642,6275727,51,258,4,1e-06,4.99e-07,8179
286642,6276727,46,256,11,1e-06,4.99e-07,8203
286642,6279727,51,211,9,1e-06,4.99e-07,13285
286642,6281727,71,248,3,1e-06,0.0,13234
286642,6282727,63,219,6,1e-06,4.99e-07,13228
286642,6283727,48,291,9,1e-06,0.0,13233
286642,6288727,71,301,9,1e-06,0.0,20012
286642,6289727,73,287,7,1e-06,0.0,20022
286642,6290727,64,281,9,1e-06,0.0,20027
286642,6318727,51,279,4,1e-06,4.99e-07,24782
286642,6326727,44,264,4,1e-06,4.99e-07,22841
286642,6329727,34,322,3,1e-06,4.99e-07,22879
286642,6331727,19,344,3,1e-06,4.99e-07,22922
286642,6333727,17,45,3,1e-06,0.0,22932
286642,6343727,37,230,11,1e-06,4.99e-07,23074
287642,6235727,16,287,7,1e-06,4.99e-07,13099
287642,6238727,34,281,4,1e-06,4.99e-07,12871
287642,6243727,22,290,15,1e-06,4.99e-07,11655
287642,6245727,19,279,15,1e-06,0.0,11639
287642,6246727,27,275,8,1e-06,4.99e-07,12534
287642,6247727,17,301,3,1e-06,0.0,12529
287642,6250727,21,286,5,1e-06,4.99e-07,11711
287642,6260727,43,255,9,1e-06,4.99e-07,13023
287642,6265727,58,252,5,1e-06,0.0,7846
287642,6266727,54,263,6,1e-06,4.99e-07,7861
287642,6267727,35,248,3,1e-06,0.0,7718
287642,6269727,42,252,6,1e-06,4.99e-07,7619
287642,6270727,31,266,3,1e-06,4.99e-07,7618
287642,6276727,47,255,10,1e-06,4.99e-07,8184
287642,6278727,48,243,3,1e-06,0.0,18598
287642,6279727,37,162,3,1e-06,0.0,18691
287642,6281727,33,242,4,1e-06,0.0,13293
287642,6282727,49,226,12,1e-06,4.99e-07,13220
287642,6283727,52,230,11,1e-06,0.0,13229
287642,6284727,60,251,5,1e-06,0.0,13260
287642,6290727,66,264,5,1e-06,0.0,19712
287642,6328727,50,280,3,1e-06,4.99e-07,22859
287642,6329727,25,40,9,1e-06,0.0,22883
287642,6330727,2,116,3,1e-06,0.0,22909
287642,6345727,38,166,3,1e-06,0.0,23107
288642,6235727,43,283,3,1e-06,0.0,12917
288642,6236727,47,283,4,1e-06,0.0,12920
288642,6237727,36,287,4,1e-06,0.0,12921
288642,6239727,35,303,3,1e-06,4.99e-07,12896
288642,6241727,36,58,4,1e-06,4.99e-07,12726
288642,6244727,24,274,4,1e-06,0.0,11665
288642,6245727,21,282,6,1e-06,4.99e-07,12597
288642,6258727,29,266,3,1e-06,0.0,12729
288642,6259727,37,258,7,1e-06,0.0,12728
288642,6260727,37,267,11,1e-06,4.99e-07,8500
288642,6265727,41,256,8,1e-06,0.0,7849
288642,6268727,45,256,7,1e-06,0.0,8134
288642,6270727,45,267,7,1e-06,4.99e-07,8129
288642,6273727,56,258,7,1e-06,0.0,8173
288642,6277727,62,266,6,1e-06,4.99e-07,18669
288642,6278727,51,273,6,1e-06,4.99e-07,18662
288642,6279727,47,282,3,1e-06,0.0,18682
288642,6280727,47,182,3,2.484072926567969,0.0,13279
288642,6281727,53,291,13,1e-06,0.0,13296
288642,6283727,40,234,3,6.513300441178379,0.0,13243
288642,6284727,46,254,4,1e-06,4.99e-07,13258
288642,6286727,56,287,16,1e-06,0.0,19493
288642,6287727,54,318,7,1e-06,4.99e-07,19508
288642,6288727,57,325,5,1e-06,4.99e-07,19517
288642,6289727,72,316,8,1e-06,4.99e-07,19479
288642,6290727,68,279,19,1e-06,0.0,19458
288642,6293727,72,275,3,1e-06,0.0,25016
288642,6305727,27,240,4,1e-06,4.99e-07,24735
288642,6327727,52,212,3,1e-06,4.99e-07,22852
288642,6328727,50,239,4,1e-06,4.99e-07,22866
288642,6329727,11,330,12,1e-06,0.0,22888
288642,6330727,9,213,5,1e-06,0.0,22892
288642,6331727,78,108,3,1e-06,0.0,22916
289642,6237727,4,319,3,1e-06,0.0,12902
289642,6238727,31,276,11,1e-06,0.0,12878
289642,6239727,43,280,5,1e-06,0.0,12886
289642,6244727,49,285,6,1e-06,0.0,12696
289642,6245727,48,284,8,1e-06,4.99e-07,12695
289642,6255727,36,274,7,1e-06,4.99e-07,11746
289642,6258727,40,265,11,1e-06,4.99e-07,12994
289642,6259727,40,265,16,1e-06,4.99e-07,12979
289642,6260727,39,263,11,1e-06,4.99e-07,8501
289642,6263727,41,254,12,1e-06,0.0,8089
289642,6265727,51,253,8,1e-06,0.0,8112
289642,6270727,54,261,11,1e-06,4.99e-07,8147
289642,6272727,53,261,7,1e-06,4.99e-07,8219
289642,6273727,55,261,6,1e-06,0.0,8170
289642,6276727,57,294,4,1e-06,4.99e-07,8237
289642,6277727,71,282,3,1e-06,0.0,8229
289642,6281727,52,222,4,1e-06,4.99e-07,13272
289642,6282727,66,219,8,1e-06,4.99e-07,13256
289642,6283727,45,229,3,8.807664503007809,4.403832250503904,13239
289642,6284727,33,218,3,1e-06,4.99e-07,19494
289642,6285727,43,257,5,1e-06,0.0,19506
289642,6288727,58,294,11,1e-06,0.0,19512
289642,6289727,58,314,14,1e-06,4.99e-07,19476
289642,6290727,47,262,15,1e-06,4.99e-07,19450
289642,6295727,54,277,6,1e-06,4.99e-07,25025
289642,6297727,65,274,4,1e-06,4.99e-07,24980
289642,6306727,20,169,3,1e-06,0.0,24732
289642,6309727,26,178,5,1e-06,0.0,24747
289642,6316727,44,271,4,1e-06,0.0,24773
289642,6318727,23,231,8,1e-06,4.99e-07,22811
289642,6321727,18,226,3,1e-06,4.99e-07,22819
289642,6324727,42,259,3,1e-06,0.0,22828
290642,6235727,59,281,3,1e-06,0.0,12909
290642,6242727,59,282,3,1e-06,0.0,12566
290642,6243727,50,277,14,1e-06,4.99e-07,12783
290642,6244727,71,276,11,1e-06,4.99e-07,12767
290642,6245727,60,286,5,1e-06,0.0,12693
290642,6248727,48,287,3,1e-06,0.0,12700
290642,6252727,54,280,3,1e-06,0.0,12733
290642,6255727,27,276,6,1e-06,4.99e-07,11739
290642,6256727,65,271,4,1e-06,4.99e-07,11733
290642,6258727,52,264,7,1e-06,4.99e-07,13077
290642,6263727,60,250,16,1e-06,0.0,8076
290642,6264727,74,246,3,1e-06,0.0,8106
290642,6265727,69,257,5,1e-06,0.0,8109
290642,6279727,43,299,3,1e-06,4.99e-07,13280
290642,6283727,62,275,10,1e-06,0.0,13235
290642,6284727,55,257,7,1e-06,4.99e-07,19496
290642,6297727,53,279,4,1e-06,0.0,24975
290642,6299727,68,276,6,1e-06,4.99e-07,24668
290642,6303727,50,330,6,1e-06,4.99e-07,25850
290642,6305727,48,283,3,1e-06,4.99e-07,24728
290642,6312727,74,285,4,1e-06,0.0,24760
290642,6339727,25,323,6,1e-06,4.99e-07,23204
291642,6242727,61,268,4,1e-06,4.99e-07,9601
291642,6244727,48,282,6,1e-06,0.0,12717
291642,6245727,62,281,18,1e-06,4.99e-07,12683
291642,6246727,68,282,11,1e-06,0.0,12758
291642,6252727,69,274,7,1e-06,4.99e-07,12738
291642,6253727,73,264,6,1e-06,0.0,12736
291642,6256727,74,269,7,1e-06,0.0,11725
291642,6258727,72,268,16,1e-06,0.0,13061
291642,6261727,61,267,3,1e-06,0.0,13125
291642,6263727,70,245,5,1e-06,0.0,8071
291642,6275727,75,252,6,1e-06,0.0,16504
291642,6278727,46,162,3,1e-06,0.0,18530
291642,6279727,79,168,3,1e-06,4.99e-07,17726
291642,6299727,73,296,3,1e-06,0.0,24663
291642,6332727,28,252,7,1e-06,4.99e-07,23449
291642,6334727,34,298,4,1e-06,4.99e-07,23440
291642,6338727,24,17,3,1e-06,0.0,23215
291642,6339727,18,47,6,1e-06,0.0,23156
292642,6235727,18,251,4,1e-06,4.99e-07,12893
292642,6236727,40,273,4,1e-06,4.99e-07,13205
292642,6239727,54,257,13,1e-06,4.99e-07,13528
292642,6240727,60,242,5,1e-06,0.0,13309
292642,6244727,22,274,12,1e-06,4.99e-07,9600
292642,6245727,51,267,4,1e-06,0.0,13139
292642,6246727,20,323,9,1e-06,0.0,13140
292642,6250727,79,270,5,1e-06,4.99e-07,14061
292642,6255727,77,256,5,1e-06,0.0,14063
292642,6265727,65,259,8,1e-06,4.99e-07,15516
292642,6275727,63,251,3,3.255394914128884,1.627697456064442,16549
292642,6279727,30,212,4,1e-06,4.99e-07,17718
292642,6288727,73,60,3,23.039189168086416,11.519594583043208,19408
292642,6289727,59,272,5,1e-06,4.99e-07,19396
292642,6290727,72,276,15,1e-06,0.0,19375
292642,6307727,35,319,3,1e-06,4.99e-07,24707
293642,6236727,71,117,3,13.379910042650716,6.689955020325358,13202
293642,6237727,36,91,8,1e-06,4.99e-07,13192
293642,6239727,36,273,4,1e-06,4.99e-07,13519
293642,6240727,42,86,7,1e-06,4.99e-07,13318
293642,6241727,45,265,6,1e-06,4.99e-07,13306
293642,6242727,78,95,3,1e-06,0.0,13116
293642,6244727,47,280,10,1e-06,4.99e-07,10400
293642,6262727,82,275,4,1e-06,0.0,14995
293642,6265727,53,242,5,11.38946345748754,5.694731727743769,15549
293642,6271727,47,98,12,1e-06,4.99e-07,16578
293642,6274727,73,238,3,1e-06,0.0,16551
293642,6279727,17,251,4,37.98993065137552,18.397681861633743,18779
293642,6281727,80,66,3,63.62167633458952,31.81083816629476,18694
293642,6282727,56,276,15,1e-06,4.99e-07,18650
293642,6283727,14,0,4,2.903880793354204,0.0,18756
293642,6284727,76,87,5,982.173436164921,0.0,19430
293642,6285727,77,75,8,1e-06,0.0,19420
293642,6289727,74,265,15,1e-06,0.0,19345
293642,6319727,71,305,3,1e-06,0.0,23652
294642,6236727,29,98,3,1e-06,4.99e-07,13165
294642,6238727,9,191,8,1e-06,4.99e-07,13458
294642,6260727,75,97,4,1e-06,4.99e-07,15000
294642,6264727,55,93,5,810.9179482394056,0.0,15537
294642,6265727,42,273,5,1e-06,4.99e-07,15543
294642,6271727,67,264,4,1e-06,4.99e-07,16572
294642,6272727,81,253,3,1e-06,0.0,16577
294642,6274727,70,82,14,1e-06,4.99e-07,16564
294642,6276727,28,102,15,1e-06,4.99e-07,16538
294642,6277727,78,261,3,1e-06,0.0,16514
294642,6282727,66,253,22,1e-06,4.99e-07,18459
294642,6285727,45,75,13,1e-06,4.99e-07,19384
294642,6286727,79,76,5,1e-06,0.0,19302
294642,6289727,82,257,15,1e-06,0.0,19315
294642,6314727,46,72,4,1e-06,4.99e-07,24624
294642,6319727,80,272,4,1e-06,4.99e-07,23661
294642,6320727,72,283,5,1e-06,0.0,23657
295642,6236727,34,286,7,1e-06,4.99e-07,13169
295642,6239727,72,53,14,1e-06,0.0,13449
295642,6244727,59,111,4,1e-06,4.99e-07,10397
295642,6252727,73,71,6,1e-06,0.0,14033
295642,6258727,61,95,4,1e-06,4.99e-07,15016
295642,6259727,67,101,6,1e-06,4.99e-07,15027
295642,6264727,40,80,3,5.246872678973394,0.0,15624
295642,6267727,80,255,7,1e-06,0.0,15738
295642,6272727,61,253,6,1e-06,0.0,16841
295642,6273727,66,70,7,1e-06,0.0,16661
295642,6274727,73,263,8,1e-06,4.99e-07,16743
295642,6276727,79,76,11,1e-06,0.0,16778
295642,6277727,13,85,11,1e-06,4.99e-07,16791
295642,6278727,58,270,5,1e-06,4.99e-07,18263
295642,6280727,51,262,13,1e-06,4.99e-07,18197
295642,6282727,72,260,9,1e-06,4.99e-07,18118
295642,6285727,40,82,10,1e-06,4.99e-07,18900
295642,6286727,78,77,3,1e-06,4.99e-07,19311
295642,6287727,42,70,13,1e-06,4.99e-07,19026
295642,6289727,57,61,4,1e-06,0.0,19336
295642,6291727,34,71,5,1e-06,4.99e-07,19331
295642,6293727,71,259,3,1e-06,0.0,24429
295642,6296727,72,272,3,1e-06,4.99e-07,24478
295642,6306727,58,281,7,1e-06,4.99e-07,24673
295642,6307727,44,271,6,1e-06,0.0,24688
295642,6314727,40,324,6,1e-06,4.99e-07,24625
296642,6236727,75,78,5,1e-06,0.0,12955
296642,6244727,53,49,14,1e-06,0.0,13633
296642,6253727,65,80,8,1e-06,4.99e-07,14015
296642,6255727,79,80,12,1e-06,4.99e-07,14025
296642,6256727,72,82,15,1e-06,4.99e-07,14039
296642,6257727,45,293,3,1e-06,4.99e-07,15006
296642,6258727,40,52,5,1e-06,4.99e-07,15011
296642,6259727,10,245,4,3.635913407613663,0.0,15040
296642,6260727,67,89,14,1e-06,4.99e-07,15034
296642,6264727,78,84,6,1e-06,4.99e-07,15616
296642,6265727,62,265,14,1e-06,4.99e-07,15596
296642,6266727,48,274,14,1e-06,4.99e-07,15601
296642,6268727,63,261,6,1e-06,4.99e-07,15792
296642,6272727,11,325,4,24.56811145964372,11.76091288662574,16840
296642,6273727,57,67,12,1e-06,4.99e-07,16812
296642,6274727,77,80,14,1e-06,4.99e-07,16758
296642,6276727,62,260,9,1e-06,4.99e-07,16780
296642,6277727,80,71,3,39.542084610597854,19.771042304298927,18258
296642,6279727,30,86,7,1e-06,4.99e-07,18323
296642,6280727,14,76,24,1e-06,4.99e-07,18370
296642,6281727,11,90,16,1e-06,4.99e-07,18065
296642,6282727,8,83,13,1e-06,4.99e-07,18104
296642,6283727,42,255,4,1e-06,0.0,18542
296642,6284727,29,266,25,1e-06,4.99e-07,18926
296642,6285727,32,266,19,1e-06,4.99e-07,18902
296642,6286727,23,279,10,1e-06,4.99e-07,19095
296642,6287727,23,264,5,1e-06,4.99e-07,19023
296642,6288727,28,295,23,1e-06,4.99e-07,19008
296642,6289727,25,304,15,1e-06,4.99e-07,19035
296642,6290727,28,315,13,1e-06,4.99e-07,19156
296642,6291727,39,293,8,1e-06,4.99e-07,18894
296642,6293727,31,283,9,1e-06,4.99e-07,24435
296642,6296727,33,324,5,1e-06,4.99e-07,24476
296642,6297727,75,287,3,1e-06,0.0,24498
296642,6306727,59,278,4,1e-06,0.0,24681
296642,6307727,57,288,6,1e-06,4.99e-07,24645
296642,6315727,39,316,4,1e-06,4.99e-07,24613
296642,6326727,67,278,4,1e-06,4.99e-07,23547
297642,6235727,66,71,9,1e-06,4.99e-07,12948
297642,6236727,76,53,4,1e-06,0.0,13403
297642,6238727,34,93,12,1e-06,4.99e-07,13216
297642,6244727,73,80,11,1e-06,4.99e-07,13632
297642,6246727,75,69,5,1e-06,0.0,13662
297642,6252727,54,73,11,1e-06,4.99e-07,14102
297642,6253727,68,68,5,1e-06,0.0,14983
297642,6257727,64,75,5,1e-06,4.99e-07,14226
297642,6265727,50,267,5,1e-06,4.99e-07,15608
297642,6266727,41,84,10,1e-06,4.99e-07,15639
297642,6267727,76,78,5,1e-06,4.99e-07,15589
297642,6269727,67,90,7,1e-06,4.99e-07,15573
297642,6270727,51,73,5,1e-06,4.99e-07,15565
297642,6272727,36,67,3,1e-06,4.99e-07,16825
297642,6274727,6,112,10,1e-06,4.99e-07,16770
297642,6275727,30,254,5,1e-06,4.99e-07,16867
297642,6276727,18,243,8,1e-06,0.0,16857
297642,6278727,48,264,8,1e-06,4.99e-07,18228
297642,6279727,46,258,14,1e-06,4.99e-07,18293
297642,6280727,32,271,13,1e-06,4.99e-07,18343
297642,6281727,44,264,15,1e-06,4.99e-07,18056
297642,6282727,40,260,21,1e-06,4.99e-07,18587
297642,6283727,47,263,16,1e-06,0.0,18533
297642,6284727,34,270,20,1e-06,0.0,18548
297642,6285727,45,271,8,1e-06,0.0,19065
297642,6286727,39,273,12,1e-06,4.99e-07,19075
297642,6287727,38,278,11,1e-06,4.99e-07,18868
297642,6288727,41,292,12,1e-06,0.0,19018
297642,6290727,33,287,14,1e-06,0.0,19143
297642,6291727,45,294,5,1e-06,0.0,19163
297642,6293727,47,287,9,1e-06,0.0,24443
297642,6301727,46,285,3,8.479302387538004,4.239651192769002,24528
297642,6314727,44,305,3,1e-06,4.99e-07,24599
297642,6322727,39,286,3,1e-06,4.99e-07,23676
297642,6323727,30,300,6,1e-06,4.99e-07,23682
298642,6236727,47,80,3,1e-06,4.99e-07,13395
298642,6238727,47,84,7,1e-06,4.99e-07,13480
298642,6239727,62,72,6,1e-06,4.99e-07,13486
298642,6244727,69,78,10,1e-06,4.99e-07,13646
298642,6246727,61,64,4,1e-06,0.0,14199
298642,6250727,55,70,5,1e-06,4.99e-07,14097
298642,6252727,65,75,4,1e-06,4.99e-07,14005
298642,6254727,45,71,5,1e-06,4.99e-07,14012
298642,6265727,62,83,15,1e-06,4.99e-07,15633
298642,6266727,59,86,9,1e-06,4.99e-07,15593
298642,6267727,69,76,4,1e-06,4.99e-07,15656
298642,6269727,39,47,4,1e-06,0.0,15581
298642,6270727,34,69,10,1e-06,4.99e-07,15568
298642,6271727,7,143,5,1e-06,4.99e-07,16833
298642,6273727,27,258,6,1e-06,4.99e-07,16663
298642,6274727,24,268,6,1e-06,4.99e-07,16682
298642,6275727,33,250,5,1e-06,0.0,16866
298642,6276727,48,257,7,1e-06,4.99e-07,16849
298642,6280727,40,265,9,1e-06,4.99e-07,18288
298642,6281727,48,267,12,1e-06,0.0,18151
298642,6282727,39,264,13,1e-06,4.99e-07,18447
298642,6283727,42,265,7,1e-06,0.0,18449
298642,6284727,38,272,18,1e-06,4.99e-07,18452
298642,6286727,44,281,3,1e-06,0.0,18992
298642,6287727,43,283,7,1e-06,4.99e-07,18996
298642,6289727,35,271,16,1e-06,4.99e-07,19119
298642,6290727,46,274,6,1e-06,4.99e-07,19159
298642,6291727,51,282,13,1e-06,4.99e-07,19278
298642,6295727,46,302,10,1e-06,4.99e-07,24462
298642,6300727,72,290,4,1e-06,0.0,24520
298642,6312727,68,75,4,1e-06,4.99e-07,24593
298642,6323727,37,298,4,1e-06,0.0,23689
299642,6236727,70,81,4,1e-06,4.99e-07,13396
299642,6239727,64,78,3,1e-06,4.99e-07,13492
299642,6243727,57,68,5,1e-06,4.99e-07,13642
299642,6244727,65,67,12,1e-06,0.0,13643
299642,6246727,61,68,6,1e-06,4.99e-07,13658
299642,6247727,50,70,20,1e-06,4.99e-07,14106
299642,6248727,47,54,4,1e-06,0.0,14093
299642,6249727,50,65,5,1e-06,4.99e-07,14091
299642,6250727,30,55,9,1e-06,0.0,14007
299642,6253727,53,72,4,1e-06,4.99e-07,14038
299642,6267727,10,275,10,1e-06,0.0,15647
299642,6269727,19,267,12,1e-06,4.99e-07,15778
299642,6273727,38,247,3,1e-06,0.0,16880
299642,6274727,42,258,4,1e-06,4.99e-07,16680
299642,6282727,50,271,8,1e-06,4.99e-07,18487
299642,6283727,44,270,9,1e-06,4.99e-07,18812
299642,6284727,41,276,10,1e-06,4.99e-07,18979
299642,6285727,49,276,4,1e-06,0.0,18988
299642,6287727,51,287,6,1e-06,0.0,18999
299642,6292727,56,312,4,1e-06,0.0,24402
299642,6313727,77,78,3,22.627853382477504,11.313926690238752,24590
299642,6314727,64,70,3,1e-06,4.99e-07,24585
299642,6315727,33,327,3,1e-06,4.99e-07,24580
299642,6330727,25,317,5,1e-06,4.99e-07,23480
299642,6337727,64,291,4,1e-06,0.0,23412
300642,6236727,68,84,6,1e-06,4.99e-07,13563
300642,6237727,58,86,12,1e-06,4.99e-07,13512
300642,6238727,57,75,6,1e-06,4.99e-07,13338
300642,6241727,60,79,3,1e-06,4.99e-07,13499
300642,6243727,58,73,16,1e-06,4.99e-07,13696
300642,6244727,68,72,4,1e-06,4.99e-07,13755
300642,6247727,63,78,3,1e-06,4.99e-07,14131
300642,6248727,30,88,5,1e-06,4.99e-07,14207
300642,6264727,46,275,5,1e-06,4.99e-07,15562
300642,6266727,24,281,11,1e-06,4.99e-07,15680
300642,6267727,27,272,7,1e-06,4.99e-07,15652
300642,6278727,61,258,6,1e-06,0.0,18208
300642,6280727,53,257,4,1e-06,0.0,18205
300642,6282727,57,267,19,1e-06,4.99e-07,18345
300642,6285727,54,276,9,1e-06,0.0,19188
300642,6286727,53,284,6,1e-06,0.0,19001
300642,6287727,52,286,6,1e-06,0.0,19183
300642,6290727,61,251,13,1e-06,0.0,19108
300642,6303727,46,288,3,1e-06,4.99e-07,24539
300642,6307727,71,295,3,1e-06,0.0,24562
300642,6327727,37,292,6,1e-06,0.0,23538
300642,6340727,72,290,3,1e-06,0.0,23250
301642,6234727,69,90,6,1e-06,4.99e-07,13363
301642,6235727,58,84,9,1e-06,4.99e-07,13383
301642,6236727,61,85,5,1e-06,4.99e-07,13556
301642,6237727,57,78,7,1e-06,4.99e-07,13445
301642,6238727,60,69,6,1e-06,4.99e-07,13344
301642,6239727,42,79,5,1e-06,4.99e-07,13350
301642,6244727,49,82,7,1e-06,4.99e-07,13699
301642,6248727,18,78,5,1e-06,4.99e-07,14936
301642,6265727,48,273,6,1e-06,4.99e-07,15557
301642,6266727,40,267,24,1e-06,4.99e-07,15661
301642,6267727,50,265,9,1e-06,4.99e-07,15660
301642,6273727,38,263,3,1e-06,4.99e-07,16933
301642,6277727,41,249,6,1e-06,0.0,18473
301642,6279727,67,256,7,1e-06,4.99e-07,18397
301642,6280727,60,258,5,1e-06,4.99e-07,18326
301642,6281727,59,270,9,1e-06,0.0,18327
301642,6282727,57,269,12,1e-06,0.0,18338
301642,6284727,68,291,3,1e-06,0.0,18461
301642,6285727,51,280,8,1e-06,4.99e-07,18880
301642,6286727,54,281,6,1e-06,0.0,19205
301642,6287727,57,276,11,1e-06,4.99e-07,19212
301642,6288727,52,265,9,1e-06,0.0,19218
301642,6291727,76,222,5,1e-06,4.99e-07,19102
301642,6303727,7,348,3,1e-06,0.0,24543
301642,6308727,51,154,5,1e-06,0.0,24557
301642,6322727,51,297,3,1e-06,0.0,23707
301642,6330727,45,285,3,1e-06,0.0,23489
302642,6234727,43,96,5,1e-06,4.99e-07,13372
302642,6235727,19,106,6,1e-06,4.99e-07,13369
302642,6239727,24,86,5,1e-06,4.99e-07,13346
302642,6248727,17,69,4,1e-06,4.99e-07,14946
302642,6251727,13,0,3,1e-06,0.0,13997
302642,6260727,52,269,6,1e-06,4.99e-07,14242
302642,6263727,64,272,16,1e-06,4.99e-07,13802
302642,6264727,60,279,17,1e-06,0.0,15817
302642,6266727,45,262,6,1e-06,0.0,15697
302642,6267727,53,259,5,1e-06,4.99e-07,15695
302642,6268727,76,258,4,1e-06,0.0,15967
302642,6269727,57,256,9,1e-06,4.99e-07,15809
302642,6272727,41,272,6,1e-06,4.99e-07,17521
302642,6273727,59,260,8,1e-06,0.0,17526
302642,6275727,51,251,6,1e-06,0.0,17511
302642,6278727,53,261,3,1e-06,4.99e-07,18402
302642,6279727,80,260,3,1e-06,0.0,18443
302642,6281727,63,266,10,1e-06,4.99e-07,18307
302642,6288727,59,272,11,1e-06,4.99e-07,19215
302642,6289727,64,258,3,1e-06,0.0,19232
302642,6308727,60,193,3,1e-06,4.99e-07,24554
302642,6313727,75,319,5,1e-06,4.99e-07,23932
303642,6242727,60,264,7,1e-06,4.99e-07,13627
303642,6244727,8,291,4,1e-06,4.99e-07,15103
303642,6256727,42,257,5,1e-06,0.0,14805
303642,6261727,58,254,3,1e-06,0.0,13824
303642,6263727,57,251,5,1e-06,4.99e-07,13817
303642,6264727,52,273,4,1e-06,4.99e-07,15980
303642,6272727,67,268,8,1e-06,4.99e-07,17576
303642,6273727,60,266,9,1e-06,4.99e-07,17582
303642,6274727,76,260,3,1e-06,0.0,17583
303642,6275727,64,258,11,1e-06,4.99e-07,17509
303642,6277727,70,248,5,1e-06,0.0,17549
303642,6278727,68,264,6,1e-06,0.0,18067
303642,6281727,69,263,4,1e-06,0.0,18424
303642,6287727,61,302,3,1e-06,0.0,18861
303642,6309727,37,232,5,1e-06,4.99e-07,23792
303642,6310727,60,256,6,1e-06,0.0,23929
303642,6311727,70,261,5,1e-06,4.99e-07,24278
303642,6312727,49,231,6,1e-06,4.99e-07,23941
303642,6313727,64,195,3,1e-06,4.99e-07,23937
303642,6331727,51,292,5,1e-06,0.0,23506
303642,6334727,54,278,3,1e-06,0.0,23499
304642,6235727,8,136,4,1e-06,0.0,13400
304642,6236727,8,219,5,1e-06,0.0,13387
304642,6263727,54,208,6,1e-06,4.99e-07,13821
304642,6265727,62,103,6,1e-06,4.99e-07,16004
304642,6266727,50,267,8,1e-06,4.99e-07,15918
304642,6276727,67,254,5,1e-06,0.0,17455
304642,6277727,70,252,4,1e-06,0.0,17541
304642,6278727,67,254,3,1e-06,0.0,18060
304642,6302727,53,52,3,1e-06,0.0,24289
304642,6327727,57,243,4,1e-06,0.0,23526
304642,6338727,36,296,3,1e-06,0.0,23330
305642,6248727,25,177,14,1e-06,0.0,14863
305642,6249727,25,188,13,1e-06,0.0,14073
305642,6254727,62,243,3,1e-06,0.0,14929
305642,6255727,57,199,4,1e-06,4.99e-07,14688
305642,6256727,69,103,3,1e-06,4.99e-07,14727
305642,6257727,48,227,5,1e-06,4.99e-07,14731
305642,6258727,33,217,6,1e-06,0.0,13834
305642,6259727,48,124,5,1e-06,0.0,13830
305642,6261727,50,255,9,1e-06,4.99e-07,13829
305642,6267727,49,196,4,2.19379616827898,0.0,15931
305642,6270727,25,262,6,1e-06,0.0,15925
305642,6272727,69,272,3,1e-06,0.0,17929
305642,6273727,66,272,6,1e-06,4.99e-07,17932
305642,6277727,64,88,4,1e-06,4.99e-07,18079
305642,6278727,37,330,20,1e-06,0.0,18080
305642,6285727,47,161,11,1e-06,0.0,18822
305642,6295727,39,330,3,1e-06,4.99e-07,24383
305642,6305727,18,327,4,1e-06,0.0,24253
305642,6306727,39,241,3,1e-06,0.0,24244
305642,6320727,9,121,3,1e-06,0.0,23801
305642,6328727,19,257,6,1e-06,0.0,23518
305642,6329727,18,353,3,1e-06,0.0,23515
305642,6343727,41,297,4,1e-06,0.0,23268
306642,6235727,61,270,4,1e-06,4.99e-07,13602
306642,6241727,43,264,12,1e-06,4.99e-07,15209
306642,6243727,48,265,8,1e-06,4.99e-07,15109
306642,6244727,64,256,5,1e-06,4.99e-07,15107
306642,6245727,45,258,11,1e-06,4.99e-07,15081
306642,6246727,38,254,19,1e-06,4.99e-07,13842
306642,6247727,39,274,6,1e-06,4.99e-07,13841
306642,6248727,34,228,4,1e-06,4.99e-07,14871
306642,6256727,61,95,3,1e-06,4.99e-07,14231
306642,6262727,70,90,5,1e-06,4.99e-07,15185
306642,6265727,33,123,8,1e-06,4.99e-07,15949
306642,6266727,21,181,4,0.0830992797421525,0.0415496388710762,15958
306642,6268727,5,297,4,3.4113398408426807,0.0,15962
306642,6271727,34,50,11,1e-06,0.0,17909
306642,6272727,40,44,11,1e-06,0.0,17380
306642,6274727,29,68,6,1e-06,4.99e-07,17470
306642,6276727,49,56,7,1e-06,0.0,17433
306642,6277727,23,4,23,1e-06,0.0,17436
306642,6278727,31,13,11,1e-06,0.0,18120
306642,6279727,43,69,7,1e-06,4.99e-07,18193
306642,6280727,44,323,4,1e-06,4.99e-07,18211
306642,6281727,48,331,8,1e-06,4.99e-07,18242
306642,6282727,53,316,5,1e-06,4.99e-07,18077
306642,6294727,35,318,4,1e-06,4.99e-07,24376
306642,6295727,38,341,4,1e-06,4.99e-07,24373
306642,6306727,20,139,5,1e-06,0.0,24235
306642,6309727,69,318,5,1e-06,4.99e-07,24123
306642,6311727,66,120,3,1e-06,0.0,24061
306642,6320727,14,5,7,1e-06,0.0,23778
306642,6345727,39,299,6,1e-06,0.0,23282
307642,6235727,45,284,3,1e-06,4.99e-07,13606
307642,6237727,62,260,4,1e-06,0.0,13410
307642,6239727,50,265,10,1e-06,4.99e-07,13775
307642,6241727,11,101,7,1e-06,4.99e-07,15218
307642,6243727,39,247,5,1e-06,4.99e-07,15110
307642,6250727,5,271,3,1e-06,4.99e-07,14854
307642,6251727,10,269,4,1e-06,0.0,14855
307642,6254727,38,64,4,1e-06,4.99e-07,14337
307642,6255727,67,87,5,1e-06,4.99e-07,14234
307642,6258727,60,55,3,115.229144219471,57.6145721087355,14831
307642,6261727,47,114,6,1e-06,4.99e-07,15174
307642,6264727,22,197,4,1.8507060339369896,0.9253530159684948,16032
307642,6269727,38,25,12,1e-06,0.0,15835
307642,6270727,29,328,19,1e-06,4.99e-07,15834
307642,6271727,22,47,46,1e-06,0.0,16937
307642,6272727,16,272,25,1e-06,4.99e-07,17051
307642,6275727,51,62,10,1e-06,0.0,17408
307642,6276727,64,88,14,1e-06,4.99e-07,17412
307642,6277727,56,89,17,1e-06,4.99e-07,17445
307642,6278727,51,10,5,1e-06,0.0,18178
307642,6279727,62,88,6,1e-06,4.99e-07,18276
307642,6281727,26,14,9,1e-06,0.0,18225
307642,6283727,77,93,5,1e-06,4.99e-07,18262
307642,6284727,35,85,7,1e-06,4.99e-07,18887
307642,6296727,22,344,3,1e-06,0.0,24339
307642,6308727,33,339,3,1e-06,0.0,24109
307642,6309727,57,6,10,1e-06,4.99e-07,24076
307642,6311727,56,342,9,1e-06,4.99e-07,24060
307642,6312727,53,148,6,1e-06,0.0,23915
307642,6314727,46,300,3,1e-06,0.0,23925
307642,6317727,28,324,11,1e-06,4.99e-07,23830
307642,6318727,49,349,3,1e-06,4.99e-07,23811
307642,6321727,39,34,6,1e-06,0.0,23785
307642,6336727,55,305,5,1e-06,4.99e-07,23377
308642,6247727,64,92,4,1e-06,4.99e-07,14899
308642,6248727,10,179,5,1e-06,0.0,14893
308642,6252727,67,84,3,1e-06,4.99e-07,14388
308642,6255727,57,76,20,1e-06,4.99e-07,14236
308642,6256727,78,86,4,1e-06,4.99e-07,14820
308642,6259727,48,75,19,1e-06,4.99e-07,14221
308642,6261727,47,82,5,1e-06,4.99e-07,14250
308642,6262727,42,68,5,1e-06,4.99e-07,15168
308642,6263727,46,288,3,1e-06,0.0,13796
308642,6264727,53,267,9,1e-06,4.99e-07,15866
308642,6265727,57,266,3,1e-06,4.99e-07,15904
308642,6266727,56,275,6,1e-06,4.99e-07,15890
308642,6267727,64,278,3,1e-06,4.99e-07,15886
308642,6269727,41,110,6,1e-06,4.99e-07,15843
308642,6270727,75,75,12,1e-06,4.99e-07,15856
308642,6271727,13,133,26,1e-06,4.99e-07,17027
308642,6272727,66,58,9,1e-06,0.0,17046
308642,6276727,71,75,8,1e-06,4.99e-07,17489
308642,6280727,66,85,8,1e-06,4.99e-07,18281
308642,6281727,58,81,12,1e-06,4.99e-07,18226
308642,6283727,47,84,3,1e-06,4.99e-07,18722
308642,6284727,59,79,5,1e-06,4.99e-07,18901
308642,6309727,51,358,11,1e-06,4.99e-07,24066
308642,6310727,37,257,12,1e-06,0.0,24058
308642,6311727,43,310,7,1e-06,4.99e-07,24053
308642,6313727,72,325,8,1e-06,4.99e-07,23923
308642,6315727,43,289,9,1e-06,0.0,23888
308642,6316727,47,348,13,1e-06,4.99e-07,23820
308642,6317727,43,6,6,1e-06,0.0,23814
308642,6318727,52,354,3,1e-06,4.99e-07,23800
309642,6248727,73,82,4,1e-06,4.99e-07,14888
309642,6250727,73,93,3,1e-06,4.99e-07,14884
309642,6252727,44,60,4,1e-06,0.0,14376
309642,6253727,33,60,5,1e-06,0.0,14379
309642,6255727,56,73,3,1e-06,4.99e-07,14216
309642,6257727,2,119,3,1e-06,4.99e-07,14843
309642,6259727,62,254,7,1e-06,0.0,13800
309642,6264727,55,246,7,1e-06,4.99e-07,15875
309642,6266727,70,236,4,1e-06,0.0,15897
309642,6267727,47,46,6,1e-06,0.0,15883
309642,6269727,54,69,6,1e-06,4.99e-07,15849
309642,6270727,58,67,5,1e-06,4.99e-07,15854
309642,6271727,52,77,4,1e-06,4.99e-07,17919
309642,6272727,45,67,4,1e-06,4.99e-07,17424
309642,6276727,52,65,7,1e-06,4.99e-07,17989
309642,6283727,74,87,3,1e-06,4.99e-07,18726
309642,6296727,29,93,3,1e-06,4.99e-07,24348
309642,6308727,39,291,5,1e-06,0.0,24094
309642,6309727,56,296,4,1e-06,4.99e-07,24080
309642,6310727,12,305,10,1e-06,4.99e-07,24079
309642,6311727,38,283,4,1e-06,0.0,24028
309642,6315727,36,291,9,1e-06,0.0,23894
309642,6316727,14,73,15,1e-06,0.0,23865
309642,6317727,45,231,8,1e-06,0.0,23825
310642,6238727,38,100,3,1e-06,4.99e-07,13422
310642,6243727,60,77,8,1e-06,4.99e-07,13844
310642,6246727,59,85,8,1e-06,4.99e-07,15133
310642,6253727,13,78,11,1e-06,4.99e-07,14363
310642,6257727,25,57,7,1e-06,4.99e-07,13916
310642,6259727,3,62,7,1e-06,4.99e-07,14174
310642,6263727,60,256,4,1e-06,0.0,13942
310642,6264727,54,63,3,1e-06,0.0,16048
310642,6265727,54,75,8,1e-06,4.99e-07,16049
310642,6266727,51,54,5,1e-06,0.0,16081
310642,6268727,35,63,7,1e-06,4.99e-07,16133
310642,6269727,47,49,8,1e-06,0.0,16101
310642,6270727,74,64,9,1e-06,0.0,17957
310642,6271727,55,59,7,1e-06,0.0,17920
310642,6272727,76,63,9,1e-06,0.0,17980
310642,6279727,73,74,3,1e-06,4.99e-07,18786
310642,6281727,70,90,4,1e-06,4.99e-07,18713
310642,6283727,62,92,10,1e-06,4.99e-07,18751
310642,6289727,57,98,9,1e-06,4.99e-07,411
310642,6304727,13,181,3,1e-06,0.0,24267
310642,6307727,52,240,6,1e-06,4.99e-07,24206
310642,6309727,24,254,4,1e-06,4.99e-07,24134
310642,6310727,40,301,3,1e-06,0.0,24046
310642,6312727,15,9,8,1e-06,0.0,24020
310642,6313727,55,314,10,1e-06,4.99e-07,24005
310642,6314727,69,321,6,1e-06,4.99e-07,23958
310642,6315727,62,333,7,1e-06,4.99e-07,23849
310642,6316727,15,306,13,1e-06,0.0,23845
310642,6317727,66,287,4,1e-06,0.0,23834
310642,6343727,49,329,3,1e-06,4.99e-07,23303
311642,6238727,77,79,5,1e-06,4.99e-07,13423
311642,6242727,60,74,6,1e-06,4.99e-07,14954
311642,6253727,25,194,3,1e-06,0.0,16127
311642,6254727,54,240,3,1e-06,0.0,16137
311642,6258727,29,79,6,1e-06,4.99e-07,13979
311642,6261727,38,71,6,1e-06,4.99e-07,13967
311642,6262727,61,64,12,1e-06,0.0,13947
311642,6263727,41,67,5,1e-06,4.99e-07,13939
311642,6264727,35,85,3,2.088884270065626,0.0,16097
311642,6269727,71,59,5,1e-06,0.0,16108
311642,6270727,68,54,4,1e-06,0.0,17949
311642,6271727,56,55,5,1e-06,0.0,17917
311642,6272727,70,70,7,1e-06,4.99e-07,17973
311642,6276727,57,65,3,1e-06,0.0,18021
311642,6283727,41,82,5,1e-06,4.99e-07,18739
311642,6291727,49,101,4,1e-06,4.99e-07,466
311642,6299727,52,136,3,1e-06,0.0,24322
311642,6304727,72,303,4,1e-06,0.0,24229
311642,6306727,52,286,7,1e-06,0.0,24220
311642,6307727,61,295,5,1e-06,0.0,24194
311642,6308727,40,295,8,1e-06,0.0,24195
311642,6309727,19,266,7,1e-06,0.0,24172
311642,6310727,50,302,3,1e-06,0.0,24044
311642,6312727,49,324,7,1e-06,4.99e-07,24012
311642,6313727,39,305,6,1e-06,0.0,23987
311642,6314727,18,197,20,1e-06,4.99e-07,23965
311642,6315727,53,319,10,1e-06,4.99e-07,23860
311642,6316727,70,304,3,1e-06,0.0,23842
311642,6317727,56,310,3,8.519628426472558,4.259814212236279,23832
311642,6318727,71,292,4,1e-06,0.0,25254
311642,6320727,25,9,6,2.524383320628554,1.2621916593142772,23738
311642,6321727,80,83,3,1e-06,4.99e-07,23733
312642,6236727,65,77,10,1e-06,4.99e-07,15260
312642,6239727,60,90,6,1e-06,4.99e-07,13430
312642,6246727,49,73,3,1e-06,4.99e-07,13856
312642,6250727,51,253,3,1022.6010156451024,0.0,16157
312642,6258727,47,56,12,1e-06,0.0,13884
312642,6259727,75,254,7,1e-06,0.0,13876
312642,6260727,30,328,7,1e-06,4.99e-07,13930
312642,6262727,51,58,5,1e-06,0.0,13949
312642,6265727,61,67,20,1e-06,0.0,16197
312642,6269727,66,60,15,1e-06,0.0,16115
312642,6272727,43,50,10,1e-06,0.0,18027
312642,6274727,52,57,7,1e-06,0.0,17997
312642,6276727,47,72,11,1e-06,4.99e-07,18009
312642,6278727,22,79,4,1e-06,4.99e-07,246
312642,6279727,8,44,6,1e-06,0.0,288
312642,6283727,35,90,3,1e-06,4.99e-07,18736
312642,6286727,23,82,6,1e-06,4.99e-07,393
312642,6287727,3,173,4,1e-06,4.99e-07,374
312642,6306727,53,291,3,41.24837023577036,20.62418511688518,24226
312642,6308727,47,314,18,1e-06,0.0,24169
312642,6310727,37,293,7,1e-06,4.99e-07,24160
312642,6311727,37,293,3,1e-06,0.0,24139
312642,6314727,61,319,3,1e-06,4.99e-07,23976
312642,6316727,80,311,3,1e-06,0.0,25259
312642,6317727,69,304,4,1e-06,0.0,23768
312642,6319727,70,281,6,1e-06,0.0,23748
312642,6323727,66,269,3,1e-06,4.99e-07,23630
312642,6334727,8,106,10,1e-06,0.0,5333
313642,6236727,49,87,20,1e-06,4.99e-07,15271
313642,6237727,39,90,12,1e-06,4.99e-07,15282
313642,6238727,41,87,8,1e-06,4.99e-07,13751
313642,6239727,73,82,7,1e-06,4.99e-07,13738
313642,6240727,24,79,19,1e-06,4.99e-07,15230
313642,6255727,79,254,4,1e-06,0.0,14288
313642,6256727,4,316,4,1.3051169532348963,0.0,14290
313642,6257727,61,292,13,1e-06,4.99e-07,13908
313642,6258727,44,50,5,1e-06,0.0,13894
313642,6259727,77,256,7,1e-06,0.0,13873
313642,6260727,34,287,3,5.006842553447558,0.0,13971
313642,6262727,66,64,7,1e-06,0.0,13863
313642,6265727,54,61,6,1e-06,0.0,16195
313642,6266727,55,62,13,1e-06,0.0,1032
313642,6268727,71,55,5,1e-06,0.0,16178
313642,6269727,62,59,12,1e-06,0.0,16116
313642,6278727,6,352,6,1e-06,0.0,251
313642,6279727,7,43,3,1e-06,0.0,252
313642,6280727,2,275,4,1e-06,4.99e-07,295
313642,6281727,7,76,7,1e-06,4.99e-07,314
313642,6283727,17,305,4,1e-06,4.99e-07,310
313642,6287727,28,64,5,1e-06,4.99e-07,397
313642,6289727,36,80,9,1e-06,4.99e-07,443
313642,6309727,53,305,6,1e-06,4.99e-07,8169
313642,6310727,48,300,4,1e-06,0.0,24162
313642,6311727,46,276,3,1e-06,4.99e-07,24143
313642,6312727,46,298,6,1e-06,0.0,1054
313642,6317727,57,278,11,1e-06,0.0,1051
313642,6318727,74,291,4,1e-06,0.0,1062
313642,6321727,79,282,6,1e-06,0.0,1064
313642,6324727,59,278,7,1e-06,0.0,1075
313642,6325727,64,280,12,1e-06,0.0,1071
313642,6331727,57,297,3,1e-06,0.0,1065
313642,6334727,43,129,9,1e-06,0.0,1068
314642,6235727,10,163,8,1e-06,0.0,13731
314642,6236727,17,165,5,1e-06,0.0,13736
314642,6237727,12,193,6,1e-06,0.0,15289
314642,6238727,31,244,4,1e-06,4.99e-07,13575
314642,6240727,11,204,5,1e-06,0.0,15233
314642,6253727,55,235,6,1e-06,0.0,14283
314642,6254727,73,234,10,1e-06,0.0,14264
314642,6255727,50,56,9,25.80521301895215,12.902606508476074,14263
314642,6257727,76,73,8,1e-06,0.0,13866
314642,6260727,74,249,3,1e-06,0.0,14134
314642,6261727,25,187,4,0.6773803585071303,0.3386901782535651,14148
314642,6262727,24,314,9,1e-06,4.99e-07,14151
314642,6263727,43,37,3,1e-06,0.0,13839
314642,6265727,68,53,6,1e-06,0.0,1023
314642,6266727,66,58,6,1e-06,0.0,1018
314642,6269727,26,18,3,1e-06,0.0,1042
314642,6273727,24,28,4,1e-06,0.0,748
314642,6279727,10,310,5,1e-06,4.99e-07,253
314642,6283727,39,90,4,1e-06,4.99e-07,303
314642,6284727,36,62,4,1e-06,4.99e-07,340
314642,6287727,54,75,7,1e-06,4.99e-07,401
314642,6288727,63,85,6,1e-06,4.99e-07,405
314642,6289727,58,77,9,1e-06,4.99e-07,449
314642,6291727,71,84,9,1e-06,4.99e-07,1059
314642,6294727,80,93,3,1e-06,4.99e-07,1130
314642,6298727,61,268,12,1e-06,4.99e-07,1050
314642,6306727,63,282,9,1e-06,0.0,1070
314642,6311727,51,279,3,1e-06,0.0,25232
314642,6312727,41,294,7,1e-06,0.0,1205
314642,6313727,58,286,12,1e-06,0.0,1090
314642,6315727,47,287,6,1e-06,0.0,1103
314642,6316727,57,284,12,1e-06,0.0,1099
314642,6317727,56,292,7,1e-06,0.0,1178
314642,6318727,53,306,6,1e-06,4.99e-07,1101
314642,6325727,60,272,11,1e-06,4.99e-07,1127
314642,6328727,61,282,9,1e-06,0.0,1161
314642,6330727,78,282,3,1e-06,0.0,1197
314642,6332727,66,318,4,1e-06,4.99e-07,1186
314642,6337727,43,137,3,1e-06,0.0,1176
315642,6237727,68,254,4,1e-06,4.99e-07,13439
315642,6238727,37,257,7,1e-06,0.0,13437
315642,6249727,60,80,3,9.123998301614868,0.0,19621
315642,6251727,59,60,5,1e-06,0.0,19649
315642,6252727,50,58,9,1e-06,0.0,19888
315642,6253727,31,337,10,1e-06,4.99e-07,14301
315642,6254727,42,335,19,1e-06,4.99e-07,14304
315642,6260727,30,30,11,1e-06,0.0,5082
315642,6261727,14,237,7,1e-06,0.0,5025
315642,6263727,60,76,7,1e-06,4.99e-07,1010
315642,6264727,68,232,3,1e-06,4.99e-07,4804
315642,6271727,48,71,4,1e-06,4.99e-07,739
315642,6273727,27,37,4,1e-06,0.0,744
315642,6276727,37,67,7,1e-06,4.99e-07,704
315642,6280727,20,279,11,1e-06,4.99e-07,257
315642,6283727,19,296,16,1e-06,4.99e-07,299
315642,6285727,35,41,3,1e-06,0.0,484
315642,6288727,44,65,14,1e-06,4.99e-07,409
315642,6291727,71,85,7,1e-06,4.99e-07,1194
315642,6294727,61,267,3,1e-06,4.99e-07,1214
315642,6307727,60,291,3,1e-06,0.0,1235
315642,6312727,52,280,12,1e-06,4.99e-07,1237
315642,6325727,48,283,3,1e-06,0.0,1264
315642,6329727,52,282,4,1e-06,0.0,1280
315642,6330727,68,283,11,1e-06,0.0,1265
315642,6332727,48,306,10,1e-06,0.0,1269
315642,6334727,73,318,5,1e-06,4.99e-07,1309
315642,6335727,42,338,9,1e-06,4.99e-07,1272
316642,6238727,65,259,5,1e-06,0.0,13725
316642,6249727,37,105,9,1e-06,4.99e-07,13859
316642,6250727,22,227,15,1e-06,0.0,19613
316642,6251727,58,76,9,1e-06,4.99e-07,19862
316642,6252727,47,258,19,1e-06,0.0,19857
316642,6253727,72,239,8,1e-06,0.0,19897
316642,6256727,21,44,11,1e-06,0.0,19559
316642,6257727,22,87,11,1e-06,4.99e-07,5034
316642,6258727,29,76,16,1e-06,4.99e-07,5050
316642,6259727,19,301,17,1e-06,4.99e-07,5018
316642,6260727,39,255,9,1e-06,4.99e-07,5080
316642,6261727,70,250,4,1e-06,0.0,5020
316642,6266727,36,91,4,1e-06,4.99e-07,1047
316642,6270727,57,72,8,1e-06,4.99e-07,724
316642,6272727,47,68,4,1e-06,4.99e-07,676
316642,6277727,45,255,4,1e-06,4.99e-07,365
316642,6278727,28,91,7,1e-06,4.99e-07,366
316642,6280727,8,158,12,1e-06,0.0,262
316642,6283727,12,35,11,1e-06,0.0,132
316642,6284727,40,47,9,1e-06,0.0,342
316642,6286727,27,14,9,1e-06,0.0,600
316642,6288727,30,11,10,1e-06,0.0,501
316642,6289727,21,13,13,1e-06,0.0,494
316642,6292727,47,279,7,1e-06,4.99e-07,1311
316642,6295727,26,228,3,1e-06,4.99e-07,1316
316642,6309727,50,277,6,1e-06,4.99e-07,1314
316642,6325727,53,308,4,1e-06,4.99e-07,1399
316642,6330727,47,266,3,1e-06,4.99e-07,1382
316642,6331727,68,298,11,1e-06,0.0,1386
316642,6332727,68,312,10,1e-06,0.0,1360
316642,6334727,73,316,10,1e-06,4.99e-07,1370
316642,6336727,57,311,6,1e-06,0.0,1411
316642,6337727,39,338,9,1e-06,0.0,1365
316642,6339727,30,56,5,1e-06,0.0,1435
316642,6340727,49,105,3,1e-06,4.99e-07,1421
316642,6346727,51,60,3,1e-06,0.0,1428
317642,6248727,69,72,10,1e-06,0.0,14513
317642,6249727,5,173,6,15.706967183057388,7.853483590528693,14520
317642,6250727,38,64,19,1e-06,0.0,19601
317642,6251727,65,240,20,1e-06,0.0,19729
317642,6254727,30,300,17,1e-06,4.99e-07,5142
317642,6256727,23,86,10,1e-06,4.99e-07,19556
317642,6258727,62,248,3,7.838029654126622,3.919014826063311,5032
317642,6267727,82,88,3,1e-06,4.99e-07,1036
317642,6270727,74,80,3,1e-06,4.99e-07,4800
317642,6272727,77,84,6,1e-06,4.99e-07,684
317642,6273727,34,55,12,1e-06,0.0,678
317642,6277727,52,83,10,1e-06,4.99e-07,364
317642,6278727,73,94,10,1e-06,4.99e-07,188
317642,6283727,70,86,7,1e-06,4.99e-07,133
317642,6284727,62,80,8,1e-06,4.99e-07,584
317642,6289727,34,47,11,1e-06,0.0,486
317642,6292727,13,39,9,1e-06,0.0,1423
317642,6293727,58,296,4,1e-06,4.99e-07,1420
317642,6309727,53,283,5,1e-06,4.99e-07,1413
317642,6321727,52,265,4,1e-06,4.99e-07,1503
317642,6327727,51,302,9,1e-06,0.0,1451
317642,6328727,29,278,3,1e-06,0.0,1524
317642,6331727,61,305,5,1e-06,4.99e-07,1469
317642,6333727,70,299,17,1e-06,0.0,1460
317642,6335727,70,309,9,1e-06,4.99e-07,1471
317642,6339727,36,301,4,1e-06,0.0,1499
317642,6340727,23,66,5,1e-06,4.99e-07,1508
317642,6344727,27,82,8,1e-06,4.99e-07,1493
317642,6346727,45,72,11,1e-06,4.99e-07,1507
318642,6249727,32,265,24,1e-06,4.99e-07,14492
318642,6250727,28,0,13,1e-06,0.0,19583
318642,6251727,41,252,3,37.1042725556708,18.5521362768354,19924
318642,6252727,49,253,12,1e-06,0.0,19652
318642,6253727,45,229,7,1e-06,0.0,19913
318642,6254727,29,45,5,1e-06,0.0,5138
318642,6255727,42,251,5,1e-06,0.0,19823
318642,6268727,66,80,3,1e-06,4.99e-07,1035
318642,6270727,39,66,6,1e-06,4.99e-07,4825
318642,6272727,54,72,6,1e-06,4.99e-07,690
318642,6273727,80,78,3,1e-06,4.99e-07,699
318642,6277727,61,86,6,1e-06,4.99e-07,865
318642,6278727,63,85,10,1e-06,4.99e-07,102
318642,6282727,30,92,10,1e-06,4.99e-07,141
318642,6284727,38,90,5,1e-06,4.99e-07,200
318642,6287727,44,269,5,1e-06,0.0,515
318642,6292727,6,325,11,1e-06,0.0,1497
318642,6293727,61,269,3,1e-06,4.99e-07,1551
318642,6299727,66,261,3,1e-06,0.0,1520
318642,6300727,13,289,4,1e-06,4.99e-07,1526
318642,6301727,50,276,4,1e-06,4.99e-07,1636
318642,6308727,55,270,5,1e-06,4.99e-07,1561
318642,6309727,36,163,4,11.139975054001829,5.569987526000913,1573
318642,6310727,49,241,4,1e-06,0.0,1583
318642,6312727,53,282,3,1e-06,0.0,1598
318642,6315727,64,237,7,1e-06,0.0,1624
318642,6318727,69,256,13,1e-06,0.0,1590
318642,6319727,76,273,3,1e-06,0.0,1635
318642,6321727,73,267,3,160.76037604326277,0.0,1592
318642,6322727,65,278,3,1e-06,4.99e-07,1625
318642,6328727,30,287,7,1e-06,0.0,1603
318642,6336727,74,300,6,1e-06,0.0,1641
318642,6340727,64,287,7,1e-06,0.0,1673
318642,6341727,52,292,7,1e-06,0.0,1654
318642,6343727,14,331,10,1e-06,0.0,1647
319642,6244727,63,61,7,1e-06,0.0,14423
319642,6245727,75,183,4,1e-06,4.99e-07,14477
319642,6246727,52,199,4,1e-06,4.99e-07,14533
319642,6247727,65,233,6,1e-06,0.0,14420
319642,6248727,25,40,12,1e-06,0.0,14437
319642,6249727,26,241,9,1e-06,4.99e-07,14501
319642,6251727,50,250,7,1e-06,4.99e-07,19553
319642,6266727,35,66,10,1e-06,4.99e-07,4839
319642,6267727,20,46,4,1e-06,0.0,4854
319642,6268727,30,56,9,1e-06,0.0,4844
319642,6270727,42,59,10,1e-06,0.0,823
319642,6272727,38,66,12,1e-06,4.99e-07,760
319642,6273727,41,70,12,1e-06,4.99e-07,871
319642,6276727,46,86,5,1e-06,4.99e-07,850
319642,6279727,46,258,4,1e-06,4.99e-07,180
319642,6283727,59,253,13,1e-06,4.99e-07,154
319642,6287727,49,269,11,1e-06,4.99e-07,520
319642,6288727,17,63,6,1e-06,4.99e-07,531
319642,6292727,54,282,6,1e-06,4.99e-07,1702
319642,6295727,32,212,6,1e-06,4.99e-07,1688
319642,6301727,33,281,8,1e-06,4.99e-07,1709
319642,6302727,35,285,6,1e-06,4.99e-07,1714
319642,6303727,60,68,3,1e-06,4.99e-07,1757
319642,6307727,26,18,7,1e-06,0.0,1780
319642,6308727,61,262,3,1e-06,0.0,1728
319642,6318727,58,227,3,1e-06,4.99e-07,1743
319642,6320727,63,266,11,1e-06,4.99e-07,1738
319642,6324727,80,301,4,1e-06,0.0,1777
319642,6330727,79,287,3,1e-06,0.0,1767
319642,6336727,72,300,5,1e-06,0.0,1776
319642,6339727,77,292,9,1e-06,0.0,1783
319642,6341727,67,275,4,1e-06,0.0,1806
319642,6342727,59,315,3,1e-06,0.0,1835
319642,6343727,65,287,4,1e-06,0.0,1841
319642,6344727,76,286,4,1e-06,0.0,1804
319642,6361727,75,288,5,1e-06,0.0,24923
319642,6362727,79,277,6,1e-06,0.0,24921
320642,6239727,64,112,4,1e-06,4.99e-07,8307
320642,6243727,50,310,5,1e-06,4.99e-07,14596
320642,6244727,80,230,3,1e-06,0.0,14597
320642,6245727,71,68,7,1e-06,0.0,14424
320642,6246727,50,34,3,1e-06,0.0,14535
320642,6249727,71,80,5,1e-06,4.99e-07,14418
320642,6252727,38,340,4,1e-06,4.99e-07,20455
320642,6254727,67,57,4,1e-06,0.0,20355
320642,6265727,24,298,6,1e-06,4.99e-07,4896
320642,6266727,20,292,12,1e-06,4.99e-07,4884
320642,6267727,17,317,8,1e-06,4.99e-07,4928
320642,6268727,46,274,6,1e-06,4.99e-07,4870
320642,6269727,24,311,8,1e-06,4.99e-07,4949
320642,6270727,24,308,15,1e-06,4.99e-07,828
320642,6272727,43,275,20,1e-06,4.99e-07,763
320642,6276727,58,254,9,1e-06,0.0,789
320642,6278727,68,255,4,1e-06,4.99e-07,108
320642,6279727,22,262,15,1e-06,4.99e-07,109
320642,6280727,47,267,9,1e-06,4.99e-07,112
320642,6281727,23,259,7,1e-06,4.99e-07,205
320642,6282727,17,267,15,1e-06,4.99e-07,202
320642,6283727,40,259,6,1e-06,4.99e-07,149
320642,6288727,63,67,7,1e-06,0.0,513
320642,6290727,55,112,3,76.91540719720837,0.0,543
320642,6292727,11,217,14,1e-06,0.0,1820
320642,6300727,41,49,7,1e-06,0.0,1823
320642,6301727,49,301,4,1e-06,4.99e-07,1910
320642,6307727,32,252,10,1e-06,4.99e-07,1838
320642,6320727,74,260,5,1e-06,0.0,1905
320642,6326727,76,297,6,1e-06,0.0,1877
320642,6334727,48,245,12,1e-06,4.99e-07,1895
320642,6338727,74,300,4,1e-06,0.0,1918
320642,6343727,76,288,3,1e-06,0.0,1920
320642,6346727,53,292,3,61.830588065776624,30.915294031888312,1987
320642,6359727,63,113,9,1e-06,0.0,24856
320642,6360727,28,121,17,1e-06,0.0,24892
320642,6362727,52,125,4,1e-06,0.0,24940
321642,6239727,21,211,6,1e-06,0.0,8272
321642,6243727,53,245,10,1e-06,0.0,14556
321642,6244727,39,246,15,1e-06,0.0,14576
321642,6245727,32,47,7,1e-06,0.0,14425
321642,6253727,43,343,4,4.638753064238367,1.5698480615547652,20456
321642,6254727,69,75,6,1e-06,0.0,20348
321642,6263727,51,273,9,1e-06,4.99e-07,4820
321642,6265727,61,276,10,1e-06,0.0,4898
321642,6267727,47,280,5,1e-06,0.0,4921
321642,6268727,48,283,13,1e-06,0.0,4856
321642,6269727,57,267,5,1e-06,4.99e-07,4956
321642,6271727,52,271,14,1e-06,4.99e-07,797
321642,6272727,51,268,5,1e-06,4.99e-07,767
321642,6273727,39,277,3,1e-06,4.99e-07,782
321642,6274727,28,269,4,1e-06,4.99e-07,777
321642,6276727,44,259,7,1e-06,4.99e-07,785
321642,6285727,45,61,5,1e-06,0.0,620
321642,6286727,46,267,3,1e-06,4.99e-07,617
321642,6288727,24,63,9,1e-06,4.99e-07,485
321642,6292727,38,283,9,1e-06,4.99e-07,1929
321642,6294727,34,89,4,1e-06,4.99e-07,2011
321642,6295727,38,111,3,1e-06,4.99e-07,1974
321642,6297727,24,54,3,1e-06,0.0,1985
321642,6301727,39,22,18,1e-06,0.0,1935
321642,6322727,70,305,9,1e-06,0.0,1991
321642,6324727,70,302,4,1e-06,0.0,2064
321642,6327727,78,294,5,1e-06,0.0,2001
321642,6328727,82,301,3,1e-06,0.0,2072
321642,6330727,72,291,3,1e-06,0.0,2049
321642,6335727,65,291,3,1.0845618431569646,0.5422809205784823,2030
321642,6336727,68,302,4,1e-06,0.0,2044
321642,6344727,62,301,4,1e-06,0.0,2048
321642,6345727,77,291,3,1e-06,0.0,2095
321642,6361727,47,139,13,1e-06,0.0,24864
321642,6362727,59,113,9,1e-06,4.99e-07,24878
321642,6364727,62,86,3,26.66188942976313,0.0,26641
321642,6365727,65,76,3,1e-06,4.99e-07,24944
322642,6239727,57,209,10,1e-06,4.99e-07,8275
322642,6240727,67,235,9,1e-06,0.0,8314
322642,6241727,55,265,13,1e-06,0.0,8044
322642,6242727,44,269,9,1e-06,4.99e-07,8347
322642,6243727,9,55,10,1e-06,0.0,14552
322642,6246727,53,213,3,4.259934885960251,2.1299674419801256,14466
322642,6251727,18,338,3,1e-06,4.99e-07,20477
322642,6252727,19,325,3,1e-06,4.99e-07,20441
322642,6253727,41,263,6,1e-06,4.99e-07,20457
322642,6255727,66,256,6,1e-06,0.0,20344
322642,6262727,51,274,4,1e-06,0.0,5105
322642,6263727,63,277,4,1e-06,0.0,5100
322642,6265727,58,262,10,1e-06,4.99e-07,4909
322642,6284727,48,95,3,2.4582027724187263,0.0,232
322642,6289727,62,279,3,1e-06,4.99e-07,560
322642,6292727,33,274,22,1e-06,4.99e-07,2039
322642,6293727,37,275,7,1e-06,4.99e-07,2107
322642,6294727,19,239,5,1e-06,4.99e-07,2035
322642,6296727,52,271,7,1e-06,0.0,2079
322642,6297727,45,281,13,1e-06,4.99e-07,2042
322642,6301727,37,303,16,1e-06,4.99e-07,2046
322642,6305727,54,260,3,1e-06,0.0,2118
322642,6307727,52,267,3,1e-06,4.99e-07,2126
322642,6315727,65,241,3,1e-06,0.0,2158
322642,6316727,61,226,4,1e-06,4.99e-07,2101
322642,6324727,76,305,7,1e-06,0.0,2142
322642,6338727,55,280,11,1e-06,4.99e-07,2160
322642,6346727,80,302,7,1e-06,0.0,2184
322642,6362727,25,321,8,1e-06,0.0,24851
322642,6363727,82,91,9,1e-06,4.99e-07,24861
322642,6364727,40,63,9,1e-06,4.99e-07,24869
322642,6365727,52,152,9,1e-06,0.0,24887
323642,6237727,58,111,5,1e-06,4.99e-07,8254
323642,6240727,55,195,14,1e-06,4.99e-07,8251
323642,6246727,14,342,8,7.736796216943177,3.868398107471589,14625
323642,6250727,50,259,3,1e-06,0.0,20429
323642,6252727,61,258,3,1e-06,0.0,20440
323642,6253727,62,263,8,1e-06,0.0,20463
323642,6255727,67,260,10,1e-06,0.0,20364
323642,6259727,64,269,3,1e-06,0.0,5123
323642,6260727,54,270,3,1e-06,4.99e-07,5119
323642,6281727,35,247,14,1e-06,4.99e-07,226
323642,6284727,17,71,4,1e-06,4.99e-07,628
323642,6285727,47,252,6,1e-06,4.99e-07,631
323642,6289727,51,271,7,1e-06,4.99e-07,561
323642,6291727,58,264,3,1e-06,0.0,2205
323642,6292727,65,269,12,1e-06,4.99e-07,2187
323642,6296727,57,281,12,1e-06,0.0,2207
323642,6297727,67,275,12,1e-06,0.0,2206
323642,6301727,48,283,22,1e-06,4.99e-07,2218
323642,6305727,52,287,3,1e-06,0.0,2230
323642,6307727,38,286,5,1e-06,4.99e-07,2234
323642,6312727,56,250,5,1e-06,0.0,2281
323642,6317727,78,226,7,1e-06,4.99e-07,2258
323642,6320727,66,248,3,1e-06,0.0,2330
323642,6327727,68,301,3,1e-06,0.0,2314
323642,6328727,67,304,3,1e-06,0.0,2303
323642,6363727,65,113,7,1e-06,0.0,24862
323642,6365727,50,159,12,1e-06,0.0,24933
324642,6239727,72,201,4,1e-06,4.99e-07,8263
324642,6240727,72,208,7,1e-06,4.99e-07,8261
324642,6245727,64,67,6,1e-06,0.0,14659
324642,6246727,18,23,9,1e-06,0.0,14621
324642,6247727,36,0,7,1e-06,0.0,14689
324642,6248727,51,266,8,1e-06,0.0,14618
324642,6250727,53,257,3,1e-06,0.0,20427
324642,6251727,55,260,10,1e-06,0.0,20386
324642,6255727,52,256,7,1e-06,4.99e-07,20375
324642,6280727,26,110,8,1e-06,4.99e-07,0
324642,6281727,15,215,11,1e-06,0.0,18
324642,6284727,37,217,4,1e-06,0.0,11
324642,6291727,66,263,10,1e-06,4.99e-07,2348
324642,6292727,65,262,7,1e-06,4.99e-07,2317
324642,6293727,72,264,3,1e-06,4.99e-07,2368
324642,6298727,75,274,10,1e-06,4.99e-07,2327
324642,6301727,58,277,23,1e-06,4.99e-07,2334
324642,6303727,64,281,5,1e-06,0.0,2335
324642,6312727,58,254,5,1e-06,0.0,2369
324642,6320727,75,269,4,1e-06,4.99e-07,2374
324642,6321727,77,305,6,1e-06,0.0,2385
324642,6322727,79,295,4,1e-06,0.0,2429
324642,6329727,30,38,4,3.4268693598032183,0.0,2474
324642,6330727,72,301,8,1e-06,0.0,2420
324642,6331727,66,299,9,1e-06,0.0,2397
325642,6236727,28,225,5,1e-06,0.0,8285
325642,6238727,62,201,6,1e-06,4.99e-07,8257
325642,6245727,51,260,4,1e-06,0.0,14666
325642,6246727,48,252,8,1e-06,4.99e-07,14676
325642,6247727,60,259,3,1e-06,0.0,14686
325642,6250727,66,261,11,1e-06,4.99e-07,20394
325642,6251727,56,266,4,1e-06,0.0,20396
325642,6255727,37,240,8,1e-06,4.99e-07,20383
325642,6281727,77,272,3,5410.733817799352,2705.366908898676,45
325642,6282727,72,252,3,244.6832900685229,122.34164503326144,32
325642,6291727,72,264,4,1e-06,0.0,2445
325642,6292727,62,250,8,1e-06,4.99e-07,2443
325642,6297727,68,270,5,1e-06,4.99e-07,2457
325642,6301727,74,275,6,1e-06,0.0,2469
325642,6309727,61,261,9,1e-06,4.99e-07,2483
325642,6310727,54,261,4,1e-06,4.99e-07,2545
325642,6313727,67,238,3,1e-06,0.0,2527
325642,6316727,59,238,3,1e-06,0.0,2510
325642,6318727,67,243,11,1e-06,0.0,2520
325642,6321727,77,291,8,1e-06,0.0,2550
325642,6324727,74,289,4,1e-06,0.0,2555
325642,6329727,76,299,4,1e-06,0.0,2517
325642,6330727,78,304,11,1e-06,0.0,2522
325642,6331727,75,306,5,1e-06,0.0,2568
325642,6332727,62,299,6,1e-06,0.0,2567
325642,6339727,72,323,3,49.13417157164554,24.56708578482277,5567
325642,6340727,76,296,3,1e-06,0.0,5550
326642,6246727,72,254,7,1e-06,0.0,14656
326642,6251727,44,263,19,1e-06,4.99e-07,20405
326642,6281727,67,268,8,1e-06,4.99e-07,46
326642,6284727,74,265,3,1e-06,0.0,15
326642,6308727,40,280,4,1e-06,4.99e-07,2610
326642,6309727,66,259,5,1e-06,4.99e-07,2603
326642,6310727,48,268,13,1e-06,4.99e-07,2584
326642,6313727,41,232,3,1e-06,4.99e-07,2593
326642,6316727,57,207,4,1e-06,4.99e-07,2619
326642,6331727,75,309,5,1e-06,0.0,2622
326642,6332727,69,308,4,1e-06,4.99e-07,2627
326642,6338727,67,300,10,1e-06,0.0,5556
326642,6341727,34,183,6,41.15630382003248,20.57815190901624,2663
326642,6342727,61,267,9,1e-06,4.99e-07,2650
327642,6240727,18,298,6,1e-06,4.99e-07,8016
327642,6247727,61,256,3,1e-06,0.0,14719
327642,6251727,7,176,4,2.237839218648727,1.118919608324363,20447
327642,6272727,64,255,9,1e-06,0.0,898
327642,6277727,76,65,4,1e-06,0.0,889
327642,6278727,68,253,4,1e-06,4.99e-07,36
327642,6280727,76,261,3,1e-06,0.0,35
327642,6281727,69,245,3,48.63635293137757,24.318176464688783,51
327642,6321727,80,101,4,1e-06,4.99e-07,2669
327642,6333727,75,310,4,1e-06,4.99e-07,5544
327642,6336727,65,294,3,1e-06,0.0,5397
327642,6337727,65,288,5,1e-06,0.0,5473
327642,6338727,74,295,4,1e-06,0.0,5572
328642,6239727,40,245,8,1e-06,4.99e-07,8011
328642,6243727,74,248,6,1e-06,0.0,14647
328642,6244727,74,247,5,1e-06,0.0,14630
328642,6315727,72,94,9,1e-06,4.99e-07,2690
328642,6320727,62,261,3,1e-06,4.99e-07,2695
328642,6324727,86,113,4,1e-06,0.0,2713
328642,6325727,89,83,3,1e-06,0.0,2714
328642,6327727,37,30,3,1e-06,0.0,2707
328642,6334727,69,300,3,1e-06,0.0,5490
328642,6335727,55,302,6,1e-06,0.0,5487
328642,6336727,64,304,8,1e-06,0.0,5401
328642,6341727,64,296,4,1e-06,0.0,2736
329642,6239727,54,264,10,1e-06,4.99e-07,8030
329642,6251727,82,82,3,8.904077722857163,4.452038860428582,15180
329642,6292727,77,83,3,9.579889801523509,4.789944899761753,2712
329642,6309727,80,266,7,1e-06,0.0,2730
329642,6314727,51,270,5,1e-06,4.99e-07,2748
329642,6315727,62,261,9,1e-06,4.99e-07,2746
329642,6320727,62,101,3,53.389604066858105,0.0,2779
329642,6323727,80,116,3,1e-06,0.0,2741
329642,6324727,82,111,4,1e-06,0.0,2792
329642,6325727,55,283,6,1e-06,0.0,2751
329642,6328727,74,112,3,1e-06,0.0,2740
329642,6336727,71,303,11,1e-06,0.0,5434
329642,6337727,58,302,4,1e-06,0.0,5483
329642,6338727,19,288,3,1e-06,0.0,5445
329642,6339727,17,243,3,1e-06,4.99e-07,5537
329642,6341727,59,295,4,1e-06,0.0,2775
329642,6343727,58,289,4,1e-06,0.0,2801
330642,6239727,39,279,3,1e-06,4.99e-07,8012
330642,6252727,45,75,3,1e-06,4.99e-07,21476
330642,6298727,56,275,3,1e-06,4.99e-07,2798
330642,6304727,35,243,9,1e-06,4.99e-07,2782
330642,6309727,47,81,5,43.43993229074043,0.0,2859
330642,6314727,79,276,11,1e-06,0.0,2804
330642,6324727,19,53,4,9.152115125114882,4.008736583770734,7575
330642,6327727,76,110,7,1e-06,0.0,2818
330642,6330727,60,96,11,1e-06,4.99e-07,2856
330642,6332727,51,306,5,1e-06,4.99e-07,2860
330642,6336727,75,306,9,1e-06,0.0,5366
330642,6338727,64,297,8,1e-06,0.0,5394
330642,6340727,43,292,9,1e-06,0.0,2850
330642,6341727,48,316,5,1e-06,4.99e-07,2839
331642,6253727,67,69,5,1e-06,0.0,21482
331642,6302727,59,89,3,1e-06,4.99e-07,2924
331642,6303727,80,275,10,1e-06,4.99e-07,2889
331642,6305727,5,48,4,1e-06,4.99e-07,2954
331642,6306727,68,259,3,1e-06,4.99e-07,2929
331642,6310727,6,222,8,1e-06,0.0,2891
331642,6314727,79,276,15,1e-06,0.0,2917
331642,6318727,10,140,4,131.78783812620557,65.89391906210278,7728
331642,6328727,75,95,6,1e-06,4.99e-07,2931
331642,6332727,53,70,12,1e-06,4.99e-07,2937
331642,6333727,43,44,9,1e-06,0.0,2986
331642,6334727,63,323,6,1e-06,4.99e-07,5507
331642,6336727,77,312,9,1e-06,4.99e-07,5370
331642,6338727,60,303,6,1e-06,0.0,5387
331642,6339727,62,303,9,1e-06,0.0,3037
331642,6340727,62,301,6,1e-06,0.0,2975
331642,6344727,66,307,4,1e-06,4.99e-07,2958
332642,6270727,35,127,3,1e-06,0.0,4972
332642,6302727,49,267,3,1e-06,4.99e-07,2988
332642,6304727,47,91,4,1e-06,4.99e-07,3056
332642,6307727,16,164,7,1e-06,0.0,3005
332642,6310727,67,93,5,1e-06,4.99e-07,3015
332642,6312727,6,196,18,1e-06,0.0,3011
332642,6313727,38,97,3,1e-06,4.99e-07,3019
332642,6316727,32,112,7,1e-06,4.99e-07,3059
332642,6317727,67,101,11,1e-06,4.99e-07,3036
332642,6318727,55,111,10,1e-06,4.99e-07,3026
332642,6333727,63,93,4,1e-06,4.99e-07,3058
332642,6337727,72,317,6,1e-06,4.99e-07,3053
332642,6338727,49,319,4,1e-06,4.99e-07,3066
332642,6340727,46,300,7,1e-06,0.0,3050
332642,6341727,48,305,12,1e-06,4.99e-07,3062
332642,6344727,40,301,7,1e-06,0.0,3073
332642,6345727,58,316,3,1e-06,4.99e-07,3150
332642,6463727,52,160,4,1e-06,0.0,7333
333642,6253727,62,73,10,1e-06,4.99e-07,21462
333642,6303727,53,256,3,1e-06,0.0,3155
333642,6304727,29,244,7,1e-06,4.99e-07,3110
333642,6309727,29,251,18,1e-06,4.99e-07,3124
333642,6312727,35,261,12,1e-06,4.99e-07,3135
333642,6315727,19,249,3,1e-06,4.99e-07,3228
333642,6316727,28,258,10,1e-06,4.99e-07,3147
333642,6317727,29,236,6,1e-06,4.99e-07,3158
333642,6321727,41,294,10,1e-06,4.99e-07,3153
333642,6322727,34,285,3,1e-06,4.99e-07,3243
333642,6337727,30,340,3,1e-06,4.99e-07,3195
333642,6338727,42,341,7,1e-06,4.99e-07,3186
333642,6341727,53,310,8,1e-06,4.99e-07,3219
333642,6344727,35,313,12,1e-06,4.99e-07,3196
333642,6345727,39,309,5,1e-06,4.99e-07,3207
333642,6346727,44,314,13,1e-06,4.99e-07,3212
334642,6252727,53,69,18,1e-06,4.99e-07,21442
334642,6254727,19,59,7,1e-06,0.0,21497
334642,6277727,24,319,3,1e-06,4.99e-07,71
334642,6278727,24,345,4,1e-06,0.0,68
334642,6303727,46,260,8,1e-06,4.99e-07,3234
334642,6307727,34,251,5,1e-06,0.0,3327
334642,6308727,39,249,7,1e-06,0.0,3252
334642,6310727,36,253,3,1e-06,4.99e-07,3264
334642,6317727,37,262,3,1e-06,0.0,3279
334642,6318727,34,255,12,1e-06,0.0,3300
334642,6319727,38,235,3,1e-06,4.99e-07,3284
334642,6321727,55,284,13,1e-06,0.0,3280
334642,6322727,62,275,3,1e-06,0.0,3275
334642,6327727,29,319,3,1e-06,0.0,3353
334642,6331727,67,111,4,1e-06,0.0,3339
334642,6341727,42,322,6,1e-06,4.99e-07,3330
334642,6343727,38,315,8,1e-06,4.99e-07,3378
334642,6344727,30,321,4,1e-06,4.99e-07,3351
334642,6345727,38,318,6,1e-06,4.99e-07,3342
334642,6346727,26,318,7,1e-06,4.99e-07,3340
334642,6464727,43,170,3,1e-06,0.0,7338
335642,6252727,60,247,4,1e-06,0.0,14743
335642,6273727,28,60,16,1e-06,4.99e-07,916
335642,6275727,28,315,6,1e-06,0.0,912
335642,6292727,17,309,3,1e-06,4.99e-07,3416
335642,6303727,45,257,6,1e-06,0.0,3376
335642,6306727,11,231,7,1e-06,0.0,3408
335642,6309727,21,239,8,1e-06,0.0,3398
335642,6315727,18,243,3,1e-06,0.0,3428
335642,6318727,33,251,10,1e-06,0.0,3404
335642,6322727,53,281,4,1e-06,0.0,3415
335642,6329727,38,117,3,1e-06,0.0,3472
335642,6331727,69,116,8,1e-06,0.0,3449
335642,6343727,39,314,6,1e-06,4.99e-07,3467
335642,6345727,36,311,7,1e-06,4.99e-07,3469
336642,6251727,49,253,4,1e-06,4.99e-07,14748
336642,6252727,78,258,19,1e-06,0.0,14763
336642,6253727,78,272,4,1e-06,0.0,14775
336642,6258727,68,266,3,1e-06,4.99e-07,5131
336642,6264727,51,52,5,1e-06,0.0,4976
336642,6265727,48,347,4,1e-06,4.99e-07,4979
336642,6273727,29,77,7,1e-06,4.99e-07,934
336642,6274727,64,274,6,1e-06,4.99e-07,929
336642,6303727,27,258,10,1e-06,4.99e-07,3495
336642,6305727,16,232,8,1e-06,4.99e-07,3510
336642,6319727,29,247,20,1e-06,0.0,3508
336642,6320727,28,228,6,1e-06,4.99e-07,3522
336642,6325727,68,282,3,1e-06,0.0,3517
336642,6344727,33,319,3,1e-06,4.99e-07,3557
336642,6462727,26,345,3,1e-06,4.99e-07,7368
337642,6252727,75,256,9,1e-06,0.0,14756
337642,6265727,34,66,3,1e-06,4.99e-07,4996
337642,6272727,64,223,5,1e-06,0.0,988
337642,6274727,45,247,7,1e-06,4.99e-07,981
337642,6275727,65,276,5,1e-06,0.0,950
337642,6278727,32,99,7,1e-06,4.99e-07,74
337642,6303727,30,261,5,1e-06,4.99e-07,3575
337642,6305727,4,262,4,1e-06,4.99e-07,3578
337642,6306727,11,258,4,1e-06,4.99e-07,3609
337642,6312727,39,128,5,1e-06,0.0,3621
337642,6313727,21,213,9,1e-06,4.99e-07,3604
337642,6318727,22,217,4,1e-06,4.99e-07,3605
337642,6319727,28,229,5,1e-06,4.99e-07,3594
337642,6321727,29,222,9,1e-06,4.99e-07,3595
337642,6322727,30,204,7,1e-06,4.99e-07,3637
337642,6328727,63,312,6,1e-06,4.99e-07,3603
337642,6334727,30,102,3,1e-06,4.99e-07,3700
337642,6335727,27,86,3,1e-06,4.99e-07,3673
337642,6347727,33,315,9,1e-06,4.99e-07,3634
338642,6252727,46,243,3,1e-06,0.0,14753
338642,6279727,78,276,3,1e-06,0.0,93
338642,6291727,48,274,3,1e-06,4.99e-07,674
338642,6292727,18,277,6,1e-06,4.99e-07,3657
338642,6312727,15,174,11,1e-06,0.0,3670
338642,6313727,18,165,5,1e-06,0.0,3699
338642,6314727,14,263,5,1e-06,4.99e-07,3686
338642,6318727,26,179,6,1e-06,4.99e-07,3684
338642,6319727,17,201,4,1e-06,4.99e-07,3698
338642,6323727,15,154,10,1e-06,0.0,3695
338642,6337727,56,100,8,1e-06,4.99e-07,3729
339642,6271727,58,250,6,1e-06,0.0,999
339642,6273727,59,246,12,1e-06,0.0,935
339642,6295727,10,15,3,1e-06,0.0,3803
339642,6301727,9,322,4,1e-06,4.99e-07,3756
339642,6302727,29,70,4,1e-06,4.99e-07,3770
339642,6310727,41,279,10,1e-06,0.0,3782
339642,6312727,36,260,3,1e-06,0.0,3776
339642,6313727,40,250,11,1e-06,4.99e-07,3779
339642,6314727,37,173,6,1e-06,0.0,3784
339642,6317727,18,221,6,1e-06,4.99e-07,3809
339642,6318727,15,204,3,1e-06,4.99e-07,3804
339642,6322727,26,141,10,1e-06,0.0,3814
339642,6323727,15,133,7,1e-06,0.0,3799
339642,6324727,11,105,5,1e-06,4.99e-07,3813
339642,6325727,38,103,5,1e-06,4.99e-07,3859
339642,6326727,21,158,5,1e-06,0.0,3839
339642,6327727,46,301,13,1e-06,0.0,3818
339642,6334727,32,327,6,1e-06,4.99e-07,3817
339642,6346727,61,322,3,1e-06,4.99e-07,3856
340642,6270727,64,252,6,1e-06,0.0,5005
340642,6294727,48,274,8,1e-06,4.99e-07,3919
340642,6295727,55,269,4,1e-06,0.0,3893
340642,6310727,39,262,7,1e-06,0.0,3913
340642,6312727,39,257,7,1e-06,0.0,3917
340642,6313727,52,264,7,1e-06,4.99e-07,3943
340642,6318727,17,235,6,1e-06,4.99e-07,3957
340642,6321727,22,125,3,1e-06,0.0,3973
340642,6322727,25,139,4,1e-06,0.0,3940
340642,6324727,15,66,3,1e-06,4.99e-07,3946
340642,6328727,65,331,6,1e-06,4.99e-07,3963
340642,6333727,40,316,12,1e-06,4.99e-07,4005
340642,6335727,36,309,4,1e-06,4.99e-07,4022
340642,6336727,19,320,5,1e-06,4.99e-07,3993
341642,6263727,24,236,4,1e-06,4.99e-07,21437
341642,6269727,60,250,4,1e-06,0.0,4990
341642,6296727,71,257,3,1e-06,0.0,3994
341642,6307727,57,256,6,1e-06,0.0,4023
341642,6310727,46,250,3,1e-06,0.0,4048
341642,6311727,59,254,3,1e-06,0.0,4073
341642,6313727,49,264,6,1e-06,4.99e-07,4012
341642,6318727,17,220,3,1e-06,4.99e-07,4067
341642,6325727,26,4,5,1e-06,0.0,4055
341642,6326727,12,2,3,1e-06,0.0,4060
341642,6327727,18,356,4,1e-06,0.0,4036
341642,6335727,32,298,8,1e-06,0.0,4052
341642,6336727,37,308,4,1e-06,4.99e-07,4079
342642,6263727,42,242,3,1e-06,0.0,21433
342642,6318727,9,269,9,1e-06,4.99e-07,4111
342642,6321727,9,184,3,1e-06,0.0,4112
342642,6326727,31,65,6,1e-06,4.99e-07,4115
342642,6331727,46,319,4,1e-06,4.99e-07,4116
342642,6346727,64,127,4,1e-06,0.0,4140
343642,6334727,45,294,5,1e-06,0.0,4159
343642,6336727,48,291,6,1e-06,0.0,4162
343642,6346727,25,20,4,0.0589105974018007,0.0,4175
344642,6318727,75,80,3,1e-06,4.99e-07,4190
344642,6335727,8,266,10,1e-06,4.99e-07,4188
344642,6339727,66,294,9,1e-06,0.0,4191
344642,6341727,70,287,5,1e-06,0.0,4199
345642,6331727,65,98,5,1e-06,4.99e-07,4257
345642,6332727,75,101,7,1e-06,4.99e-07,4237
345642,6334727,72,111,3,1e-06,0.0,4253
345642,6335727,67,116,6,1e-06,0.0,4260
345642,6336727,30,90,4,1e-06,4.99e-07,4235
345642,6338727,52,294,3,1e-06,0.0,4236
346642,6305727,54,101,11,1e-06,4.99e-07,4254
346642,6331727,31,134,6,1e-06,0.0,4279
346642,6332727,74,93,8,1e-06,4.99e-07,4283
346642,6333727,83,105,4,1e-06,0.0,4289
346642,6334727,72,111,3,1e-06,0.0,4285
346642,6335727,76,111,5,1e-06,0.0,4288
347642,6339727,50,117,3,1e-06,0.0,4328
348642,6295727,24,59,5,1e-06,0.0,4320
348642,6338727,49,130,5,1e-06,0.0,4367
348642,6339727,64,134,10,1e-06,0.0,4338
348642,6345727,29,257,8,1e-06,0.0,4339
350642,6336727,66,139,5,1e-06,0.0,4387
350642,6342727,61,118,4,1e-06,0.0,4388
350642,6343727,59,105,3,1e-06,4.99e-07,4386
350642,6347727,74,1,6,1e-06,4.99e-07,4400
351642,6335727,35,112,5,1e-06,4.99e-07,4424
351642,6338727,80,168,6,1e-06,4.99e-07,4435
351642,6339727,63,171,6,1e-06,4.99e-07,4421
351642,6340727,59,182,6,1e-06,4.99e-07,4420
351642,6341727,57,207,3,1e-06,4.99e-07,4443
352642,6329727,74,308,6,1e-06,0.0,4454
352642,6335727,15,29,8,1e-06,0.0,4456
352642,6346727,78,285,5,1e-06,0.0,4466
352642,6347727,75,356,7,1e-06,4.99e-07,4461
353642,6323727,44,336,6,1e-06,4.99e-07,4482
353642,6336727,34,214,5,1e-06,4.99e-07,4507
353642,6339727,68,221,5,12.258275527935004,0.0,4524
353642,6346727,9,90,7,1e-06,4.99e-07,4500
353642,6347727,68,299,3,8.905813131900404,4.452906564950202,4509
354642,6324727,62,328,6,1e-06,4.99e-07,4555
354642,6325727,58,319,4,1e-06,4.99e-07,4550
354642,6329727,59,356,10,1e-06,4.99e-07,4542
354642,6336727,52,217,7,1e-06,4.99e-07,4527
354642,6341727,27,267,6,1e-06,4.99e-07,4533
354642,6342727,81,179,8,1e-06,4.99e-07,4537
354642,6346727,80,61,3,77.63283539851554,38.81641769825777,5743
355642,6324727,52,313,5,1e-06,4.99e-07,4585
355642,6329727,67,332,5,1e-06,4.99e-07,4590
355642,6340727,33,6,9,6.556839862464697,0.0,4604
356642,6323727,24,197,9,1e-06,4.99e-07,4630
356642,6324727,37,322,8,1e-06,0.0,4621
356642,6338727,69,92,7,1e-06,4.99e-07,4627
356642,6339727,81,67,4,1e-06,0.0,4620
357642,6323727,63,232,3,1e-06,0.0,4668
357642,6333727,63,115,10,1e-06,0.0,4662
357642,6344727,41,187,8,1e-06,4.99e-07,4663
357642,6347727,49,132,8,1e-06,0.0,4671
358642,6327727,42,197,6,1e-06,4.99e-07,4702
358642,6341727,63,245,7,1e-06,4.99e-07,4704
358642,6344727,72,211,3,1e-06,4.99e-07,4709
359642,6327727,55,251,3,1e-06,4.99e-07,4730
359642,6338727,31,32,4,1e-06,0.0,4736
359642,6339727,40,21,5,1e-06,0.0,4739
359642,6340727,47,199,4,1e-06,4.99e-07,4740
359642,6341727,74,256,9,1e-06,0.0,4738
363642,6409727,26,240,3,1e-06,4.99e-07,26842
380642,6459727,64,113,7,1e-06,0.0,9208
382642,6461727,62,167,3,6.571588400643886,2.096660467382505,9205
385642,6450727,22,240,4,1e-06,0.0,9234
388642,6451727,34,18,3,1e-06,0.0,9228
389642,6451727,28,247,6,1e-06,4.99e-07,9120
390642,6450727,59,176,4,1e-06,4.99e-07,9125
390642,6451727,33,143,24,1e-06,0.0,9117
390642,6452727,52,331,17,1e-06,4.99e-07,9102
390642,6453727,45,317,24,1e-06,4.99e-07,9100
390642,6460727,74,183,3,5.414149361074911,0.0,9029
391642,6449727,60,117,5,1e-06,0.0,9130
391642,6451727,54,161,29,1e-06,4.99e-07,9115
391642,6452727,19,204,6,1e-06,4.99e-07,9103
391642,6453727,44,345,4,1e-06,4.99e-07,9104
392642,6451727,44,157,22,1e-06,0.0,9111
392642,6452727,32,118,12,1e-06,4.99e-07,9107
393642,6427727,68,163,3,1e-06,4.99e-07,8692
393642,6428727,61,347,4,1e-06,4.99e-07,8694
393642,6433727,67,347,4,1e-06,4.99e-07,8711
393642,6434727,64,18,4,1e-06,0.0,8717
393642,6435727,32,125,3,1e-06,0.0,8790
393642,6450727,84,116,3,1e-06,0.0,9144
394642,6428727,58,136,3,1e-06,0.0,8695
394642,6429727,28,147,3,1e-06,0.0,8698
394642,6431727,51,160,6,1e-06,4.99e-07,8825
394642,6432727,42,38,5,1e-06,0.0,8712
394642,6433727,25,39,11,1e-06,4.99e-07,8714
394642,6434727,69,357,10,1e-06,4.99e-07,8781
394642,6435727,31,119,9,1e-06,0.0,8784
394642,6449727,27,217,9,1e-06,4.99e-07,9153
394642,6450727,55,307,19,1e-06,0.0,9147
394642,6451727,44,288,19,1e-06,4.99e-07,9146
394642,6464727,37,147,3,1e-06,0.0,8995
395642,6428727,60,134,4,1e-06,0.0,8803
395642,6429727,58,322,4,1e-06,4.99e-07,8805
395642,6430727,63,333,3,1e-06,4.99e-07,8809
395642,6434727,51,28,3,9.727965333622544,0.0,8773
395642,6435727,53,24,13,1e-06,4.99e-07,8759
395642,6436727,62,153,8,1e-06,4.99e-07,8752
395642,6450727,55,315,8,1e-06,0.0,9086
395642,6451727,63,307,7,1e-06,4.99e-07,9081
395642,6452727,48,321,9,1e-06,4.99e-07,9080
395642,6453727,74,96,3,1e-06,4.99e-07,9378
395642,6472727,44,202,5,1e-06,4.99e-07,9274
396642,6431727,9,84,4,1e-06,0.0,8817
396642,6432727,61,142,6,1e-06,0.0,8821
396642,6433727,49,160,6,1e-06,4.99e-07,8779
396642,6434727,72,179,12,1e-06,4.99e-07,8736
396642,6435727,40,92,33,1e-06,0.0,8731
396642,6436727,51,145,105,1e-06,4.99e-07,8723
396642,6451727,49,304,5,1e-06,4.99e-07,9083
396642,6452727,28,297,8,1e-06,4.99e-07,9071
396642,6453727,38,275,10,1e-06,4.99e-07,9070
396642,6454727,41,12,15,1e-06,0.0,9067
396642,6455727,39,38,3,9.987098194359056,4.993549096179527,9065
396642,6456727,65,269,4,1e-06,0.0,9366
396642,6464727,32,351,3,1e-06,0.0,8999
396642,6465727,17,210,6,1e-06,4.99e-07,8989
397642,6432727,55,148,4,1e-06,0.0,8850
397642,6434727,72,137,7,1e-06,0.0,8918
397642,6435727,56,90,22,1e-06,4.99e-07,8718
397642,6436727,74,164,9,1e-06,4.99e-07,8721
397642,6452727,44,335,5,1e-06,4.99e-07,9074
398642,6457727,70,285,4,1e-06,0.0,9050
398642,6460727,72,297,5,1e-06,0.0,9009
399642,6456727,64,321,5,1e-06,4.99e-07,9054
399642,6462727,60,333,4,1e-06,4.99e-07,9005
399642,6467727,34,21,5,1e-06,4.99e-07,8980
399642,6469727,74,81,3,1e-06,4.99e-07,9285
400642,6461727,69,1,5,1e-06,4.99e-07,9016
400642,6467727,65,13,3,13.61170164216482,0.0,8981
400642,6472727,72,160,3,1e-06,4.99e-07,9283
401642,6433727,65,66,5,1e-06,0.0,14391
401642,6434727,33,359,19,1e-06,4.99e-07,14397
401642,6456727,37,13,3,1e-06,4.99e-07,9057
401642,6457727,43,357,4,1e-06,4.99e-07,9059
401642,6461727,78,353,3,1e-06,4.99e-07,9014
402642,6461727,70,0,5,1e-06,4.99e-07,9019
403642,6436727,53,159,4,1e-06,0.0,8861
403642,6437727,38,34,5,1e-06,4.99e-07,8856
403642,6439727,74,167,4,1e-06,4.99e-07,8883
403642,6440727,74,162,5,1e-06,4.99e-07,8895
403642,6465727,64,347,3,1e-06,4.99e-07,9308
404642,6438727,60,166,4,1e-06,0.0,8868
404642,6440727,61,158,7,1e-06,0.0,8892
404642,6441727,56,139,4,1e-06,0.0,8905
