EASTING,NORTHING,DIP,DIP_DIR
200642,6359727,10,92
200642,6372727,10,160
208642,6375727,37,108
208642,6406727,25,190
208642,6408727,44,190
210642,6421727,29,95
211642,6401727,47,106
214642,6414727,0,0
214642,6421727,0,0
215642,6368727,5,248
215642,6369727,30,91
215642,6370727,34,88
215642,6371727,34,97
215642,6372727,22,110
215642,6373727,13,132
215642,6374727,26,148
215642,6375727,26,138
215642,6376727,49,153
215642,6411727,34,280
215642,6413727,19,275
215642,6417727,0,0
215642,6449727,39,120
216642,6367727,32,112
216642,6368727,27,78
216642,6369727,17,277
216642,6370727,47,289
216642,6371727,36,260
216642,6372727,10,247
216642,6373727,56,268
216642,6374727,14,73
216642,6375727,6,70
216642,6376727,27,205
216642,6377727,30,255
216642,6378727,25,188
216642,6379727,11,134
216642,6395727,37,294
216642,6398727,22,234
216642,6399727,20,282
216642,6404727,29,270
216642,6411727,80,95
216642,6413727,70,105
216642,6445727,29,65
216642,6447727,70,115
217642,6366727,12,330
217642,6367727,10,148
217642,6368727,80,109
217642,6369727,28,296
217642,6371727,28,272
217642,6373727,39,257
217642,6374727,60,256
217642,6375727,55,268
217642,6376727,54,262
217642,6377727,50,265
217642,6378727,13,188
217642,6379727,44,265
217642,6390727,82,268
217642,6391727,80,288
217642,6392727,19,108
217642,6393727,40,291
217642,6394727,51,111
217642,6396727,64,281
217642,6404727,49,100
217642,6409727,60,275
217642,6414727,85,120
217642,6426727,9,275
217642,6436727,90,90
217642,6437727,75,100
217642,6454727,7,65
218642,6366727,9,280
218642,6367727,18,252
218642,6368727,7,282
218642,6370727,5,272
218642,6371727,34,276
218642,6373727,65,265
218642,6377727,41,263
218642,6378727,31,256
218642,6379727,50,264
218642,6382727,49,300
218642,6389727,5,199
218642,6390727,70,250
218642,6391727,29,265
218642,6392727,59,277
218642,6393727,49,290
218642,6394727,9,310
218642,6407727,75,90
218642,6417727,19,255
218642,6427727,14,325
218642,6429727,14,20
218642,6437727,75,110
219642,6370727,14,90
219642,6380727,19,95
219642,6384727,14,265
219642,6387727,29,204
219642,6398727,15,15
219642,6410727,80,100
219642,6425727,69,290
219642,6434727,25,5
219642,6443727,57,113
219642,6449727,75,120
219642,6454727,85,110
220642,6370727,29,80
220642,6380727,5,95
220642,6387727,5,90
220642,6389727,5,90
220642,6396727,9,270
220642,6397727,39,335
220642,6424727,80,105
220642,6428727,90,95
220642,6429727,69,10
220642,6437727,39,295
220642,6443727,75,115
220642,6448727,54,125
221642,6370727,40,95
221642,6390727,25,90
221642,6395727,14,65
221642,6398727,29,350
221642,6423727,65,285
221642,6429727,70,105
221642,6436727,49,295
221642,6445727,69,120
222642,6332727,5,40
222642,6333727,9,6
222642,6374727,34,115
222642,6390727,5,90
222642,6400727,25,290
222642,6404727,39,275
222642,6409727,54,270
222642,6427727,65,285
222642,6436727,75,95
223642,6374727,25,110
223642,6387727,5,115
223642,6390727,14,80
223642,6416727,60,275
223642,6422727,60,280
223642,6434727,69,290
223642,6439727,44,105
223642,6440727,59,305
223642,6444727,80,120
224642,6363727,52,355
224642,6364727,25,330
224642,6391727,29,120
224642,6396727,9,95
224642,6404727,39,275
224642,6408727,54,275
224642,6428727,70,280
224642,6441727,80,110
224642,6443727,55,130
224642,6453727,0,0
224642,6467727,34,100
225642,6248727,3,57
225642,6351727,39,260
225642,6356727,34,285
225642,6377727,9,175
225642,6388727,40,95
225642,6396727,2,115
225642,6398727,5,265
225642,6399727,29,285
225642,6423727,70,300
225642,6456727,29,335
225642,6461727,69,112
225642,6462727,44,115
225642,6466727,49,100
225642,6467727,34,80
226642,6351727,34,275
226642,6369727,9,265
226642,6375727,32,268
226642,6377727,19,190
226642,6395727,5,190
226642,6437727,90,110
226642,6441727,60,295
226642,6451727,29,160
226642,6454727,0,0
227642,6225727,29,105
227642,6343727,80,268
227642,6345727,72,47
227642,6346727,60,260
227642,6349727,19,100
227642,6350727,44,265
227642,6355727,14,75
227642,6359727,9,355
227642,6369727,45,245
227642,6393727,9,275
227642,6399727,29,265
227642,6400727,9,255
227642,6402727,5,150
227642,6403727,39,125
227642,6404727,19,265
227642,6408727,19,260
227642,6413727,60,75
227642,6418727,29,275
227642,6445727,65,290
227642,6450727,60,155
228642,6342727,83,267
228642,6343727,53,284
228642,6355727,34,80
228642,6356727,25,55
228642,6357727,25,40
228642,6394727,19,239
228642,6399727,39,260
228642,6404727,39,130
228642,6406727,19,275
228642,6415727,14,285
228642,6445727,69,295
229642,6340727,57,60
229642,6341727,78,99
229642,6342727,36,304
229642,6343727,30,325
229642,6344727,31,358
229642,6352727,44,60
229642,6370727,54,260
229642,6372727,44,270
229642,6378727,35,290
229642,6448727,44,300
230642,6233727,17,100
230642,6291727,19,93
230642,6293727,19,80
230642,6294727,27,88
230642,6295727,17,78
230642,6300727,10,96
230642,6336727,90,83
230642,6339727,25,355
230642,6340727,17,349
230642,6342727,14,1
230642,6343727,25,40
230642,6349727,29,0
230642,6352727,49,45
230642,6363727,29,260
230642,6364727,44,290
230642,6372727,60,275
230642,6375727,60,275
231642,6230727,29,115
231642,6233727,27,104
231642,6234727,16,95
231642,6288727,19,81
231642,6292727,13,94
231642,6293727,23,96
231642,6294727,8,108
231642,6295727,25,92
231642,6308727,25,89
231642,6330727,85,60
231642,6331727,43,100
231642,6332727,16,7
231642,6334727,41,285
231642,6335727,14,82
231642,6336727,10,328
231642,6337727,25,190
231642,6338727,68,298
231642,6340727,24,5
231642,6343727,25,49
231642,6344727,35,55
231642,6347727,39,65
231642,6349727,25,65
231642,6357727,44,95
231642,6362727,14,280
231642,6364727,35,265
231642,6370727,39,250
231642,6371727,39,255
231642,6372727,44,275
231642,6375727,65,280
231642,6376727,49,275
231642,6454727,34,150
231642,6457727,19,95
232642,6234727,37,116
232642,6236727,35,108
232642,6242727,22,97
232642,6257727,11,91
232642,6277727,8,66
232642,6282727,11,69
232642,6286727,32,78
232642,6290727,14,74
232642,6295727,6,84
232642,6298727,13,50
232642,6308727,4,169
232642,6327727,62,245
232642,6328727,46,239
232642,6329727,45,246
232642,6330727,83,276
232642,6331727,49,260
232642,6335727,30,70
232642,6336727,28,39
232642,6337727,41,40
232642,6339727,44,57
232642,6342727,49,27
232642,6344727,39,58
232642,6348727,70,30
232642,6351727,29,15
232642,6352727,29,95
232642,6357727,35,95
232642,6359727,39,120
232642,6360727,49,112
232642,6363727,29,285
232642,6372727,35,255
233642,6238727,34,135
233642,6241727,39,88
233642,6244727,34,110
233642,6245727,19,42
233642,6246727,25,96
233642,6247727,23,93
233642,6249727,23,93
233642,6251727,14,91
233642,6257727,5,105
233642,6258727,8,121
233642,6260727,9,171
233642,6279727,12,10
233642,6281727,13,91
233642,6282727,9,82
233642,6283727,9,59
233642,6286727,8,33
233642,6287727,8,64
233642,6300727,16,105
233642,6301727,17,87
233642,6324727,30,242
233642,6325727,20,199
233642,6327727,17,214
233642,6328727,31,252
233642,6331727,1,109
233642,6337727,29,48
233642,6338727,37,58
233642,6339727,41,37
233642,6340727,34,48
233642,6341727,43,66
233642,6342727,51,67
233642,6343727,35,358
233642,6344727,45,69
233642,6351727,60,65
233642,6363727,29,271
234642,6241727,33,94
234642,6242727,10,83
234642,6249727,11,61
234642,6252727,11,115
234642,6253727,10,117
234642,6260727,6,71
234642,6261727,5,119
234642,6263727,14,126
234642,6279727,7,23
234642,6297727,14,231
234642,6299727,11,199
234642,6303727,25,192
234642,6322727,27,259
234642,6325727,29,243
234642,6326727,23,97
234642,6327727,23,173
234642,6329727,45,85
234642,6336727,41,67
234642,6337727,55,52
234642,6339727,46,59
234642,6340727,33,51
234642,6341727,19,358
234642,6342727,35,50
234642,6343727,53,80
234642,6344727,68,73
234642,6347727,54,90
234642,6353727,39,65
234642,6360727,60,265
234642,6361727,65,285
234642,6362727,60,265
234642,6453727,29,140
234642,6475727,19,5
235642,6245727,40,120
235642,6247727,11,56
235642,6251727,19,92
235642,6252727,21,149
235642,6258727,10,100
235642,6259727,5,135
235642,6260727,5,145
235642,6264727,28,98
235642,6265727,10,162
235642,6273727,7,58
235642,6279727,8,66
235642,6283727,7,39
235642,6303727,19,219
235642,6315727,23,102
235642,6318727,30,70
235642,6319727,23,212
235642,6320727,19,193
235642,6321727,10,207
235642,6323727,33,71
235642,6326727,48,74
235642,6327727,46,61
235642,6328727,59,70
235642,6329727,54,84
235642,6333727,44,77
235642,6334727,52,74
235642,6335727,51,79
235642,6336727,51,80
235642,6337727,49,75
235642,6338727,54,78
235642,6340727,43,72
235642,6344727,57,53
235642,6356727,54,75
235642,6359727,33,199
235642,6361727,80,90
235642,6364727,62,274
236642,6247727,25,90
236642,6252727,17,99
236642,6253727,11,121
236642,6255727,9,118
236642,6256727,7,113
236642,6258727,11,155
236642,6263727,19,113
236642,6270727,14,77
236642,6276727,9,71
236642,6277727,9,62
236642,6300727,12,99
236642,6301727,31,88
236642,6302727,5,182
236642,6311727,27,220
236642,6312727,23,196
236642,6313727,20,172
236642,6314727,49,134
236642,6315727,20,125
236642,6317727,50,176
236642,6318727,26,180
236642,6322727,27,70
236642,6323727,37,106
236642,6325727,40,95
236642,6333727,55,88
236642,6335727,44,87
236642,6336727,40,58
236642,6338727,59,75
236642,6339727,48,92
236642,6341727,41,65
236642,6344727,38,63
236642,6348727,9,355
236642,6353727,44,280
236642,6361727,80,90
236642,6362727,75,95
236642,6363727,44,105
236642,6448727,49,320
237642,6252727,40,101
237642,6253727,11,130
237642,6260727,35,127
237642,6263727,9,187
237642,6268727,7,135
237642,6271727,11,70
237642,6273727,10,73
237642,6275727,6,90
237642,6280727,7,19
237642,6283727,7,72
237642,6299727,29,242
237642,6300727,22,96
237642,6301727,63,68
237642,6312727,24,158
237642,6313727,21,147
237642,6314727,15,190
237642,6315727,10,163
237642,6316727,11,165
237642,6317727,6,185
237642,6318727,25,149
237642,6322727,41,71
237642,6325727,64,98
237642,6327727,52,96
237642,6328727,22,114
237642,6329727,54,95
237642,6331727,30,112
237642,6332727,49,100
237642,6333727,55,86
237642,6334727,20,96
237642,6335727,49,89
237642,6338727,58,94
237642,6339727,25,68
237642,6341727,27,83
237642,6343727,35,33
237642,6344727,35,20
237642,6350727,44,290
238642,6263727,17,132
238642,6265727,9,145
238642,6271727,16,254
238642,6273727,27,263
238642,6274727,8,39
238642,6275727,8,69
238642,6277727,22,44
238642,6314727,19,178
238642,6315727,13,179
238642,6316727,26,104
238642,6317727,23,150
238642,6318727,35,115
238642,6319727,21,106
238642,6320727,85,79
238642,6321727,58,77
238642,6322727,85,87
238642,6323727,29,105
238642,6324727,69,103
238642,6326727,31,100
238642,6327727,2,352
238642,6330727,17,109
238642,6331727,12,125
238642,6332727,8,71
238642,6336727,23,42
238642,6338727,28,49
238642,6340727,39,54
238642,6343727,29,20
238642,6344727,27,354
238642,6346727,39,330
238642,6353727,39,280
238642,6448727,39,100
238642,6451727,80,355
238642,6454727,0,0
239642,6235727,2,210
239642,6236727,3,130
239642,6263727,6,158
239642,6266727,5,66
239642,6270727,8,84
239642,6274727,14,105
239642,6288727,13,97
239642,6293727,17,88
239642,6294727,10,95
239642,6296727,19,143
239642,6297727,10,128
239642,6298727,38,248
239642,6314727,19,145
239642,6316727,22,100
239642,6318727,30,84
239642,6319727,14,262
239642,6320727,54,93
239642,6321727,42,243
239642,6323727,34,264
239642,6324727,31,236
239642,6325727,46,260
239642,6326727,49,280
239642,6327727,19,303
239642,6328727,69,271
239642,6330727,46,288
239642,6331727,34,263
239642,6332727,19,258
239642,6335727,17,323
239642,6336727,19,48
239642,6338727,30,76
239642,6342727,22,342
239642,6344727,28,338
239642,6452727,54,345
240642,6234727,7,310
240642,6235727,14,173
240642,6236727,5,151
240642,6271727,25,115
240642,6276727,8,95
240642,6281727,22,86
240642,6296727,8,167
240642,6306727,34,230
240642,6308727,42,250
240642,6309727,43,263
240642,6310727,39,262
240642,6312727,35,258
240642,6313727,22,145
240642,6314727,18,129
240642,6315727,34,181
240642,6316727,32,248
240642,6317727,60,268
240642,6318727,64,255
240642,6319727,63,253
240642,6320727,69,250
240642,6321727,63,252
240642,6322727,74,259
240642,6323727,63,266
240642,6324727,62,273
240642,6325727,75,274
240642,6328727,46,284
240642,6329727,52,293
240642,6331727,37,288
240642,6332727,34,267
240642,6333727,29,286
240642,6337727,15,8
240642,6338727,7,334
240642,6339727,11,10
240642,6340727,16,350
240642,6341727,14,3
240642,6342727,38,53
240642,6344727,39,331
240642,6347727,18,311
240642,6349727,29,285
240642,6352727,39,270
240642,6353727,49,275
240642,6355727,39,270
240642,6359727,39,270
240642,6447727,39,100
241642,6288727,10,21
241642,6296727,13,180
241642,6307727,37,249
241642,6308727,17,261
241642,6310727,52,251
241642,6312727,16,99
241642,6313727,26,218
241642,6314727,51,248
241642,6315727,22,231
241642,6316727,15,123
241642,6317727,29,140
241642,6318727,77,150
241642,6319727,79,259
241642,6320727,75,255
241642,6321727,73,258
241642,6323727,65,223
241642,6325727,52,275
241642,6326727,58,279
241642,6328727,57,311
241642,6332727,29,291
241642,6335727,39,313
241642,6336727,27,340
241642,6337727,25,323
241642,6338727,28,11
241642,6344727,25,305
241642,6345727,30,293
241642,6420727,34,300
241642,6448727,60,95
242642,6271727,14,142
242642,6280727,11,103
242642,6285727,8,155
242642,6306727,60,248
242642,6308727,56,275
242642,6310727,17,269
242642,6311727,44,258
242642,6312727,38,247
242642,6313727,52,254
242642,6314727,67,78
242642,6316727,81,71
242642,6317727,86,70
242642,6319727,82,256
242642,6323727,72,269
242642,6324727,65,270
242642,6328727,49,306
242642,6331727,34,283
242642,6332727,34,302
242642,6333727,39,318
242642,6335727,29,323
242642,6338727,27,354
242642,6339727,25,5
242642,6341727,24,18
242642,6343727,26,51
242642,6344727,30,267
242642,6348727,65,280
242642,6445727,60,345
242642,6446727,44,60
242642,6454727,65,350
243642,6305727,27,254
243642,6306727,40,257
243642,6308727,45,260
243642,6309727,74,255
243642,6310727,64,262
243642,6312727,17,181
243642,6314727,75,71
243642,6315727,83,72
243642,6316727,86,73
243642,6317727,9,158
243642,6318727,2,149
243642,6320727,55,245
243642,6321727,90,283
243642,6322727,90,60
243642,6324727,83,278
243642,6327727,47,275
243642,6328727,39,293
243642,6329727,48,308
243642,6331727,35,305
243642,6339727,28,319
243642,6341727,35,306
243642,6342727,31,337
243642,6343727,19,357
243642,6344727,55,258
243642,6345727,84,263
243642,6350727,49,265
243642,6357727,65,265
243642,6359727,75,250
243642,6361727,80,290
243642,6404727,9,100
243642,6406727,9,320
243642,6411727,9,85
243642,6413727,5,285
243642,6418727,29,115
243642,6424727,0,0
243642,6429727,44,285
243642,6446727,44,60
243642,6452727,35,95
243642,6462727,68,110
243642,6472727,29,345
244642,6308727,90,254
244642,6313727,60,347
244642,6315727,9,50
244642,6321727,71,276
244642,6324727,47,359
244642,6327727,43,84
244642,6328727,38,271
244642,6329727,42,299
244642,6330727,72,266
244642,6331727,58,324
244642,6332727,44,30
244642,6335727,29,328
244642,6336727,32,333
244642,6338727,28,329
244642,6339727,27,346
244642,6340727,24,324
244642,6341727,46,301
244642,6342727,49,317
244642,6343727,27,332
244642,6348727,5,110
244642,6350727,29,110
244642,6354727,34,70
244642,6359727,65,250
244642,6366727,49,250
244642,6369727,44,265
244642,6405727,19,65
244642,6412727,19,80
244642,6420727,60,115
244642,6435727,44,275
244642,6439727,29,275
244642,6445727,86,126
244642,6455727,19,30
244642,6473727,34,125
245642,6254727,25,242
245642,6307727,36,257
245642,6310727,80,258
245642,6313727,77,248
245642,6317727,80,84
245642,6321727,80,279
245642,6323727,84,82
245642,6324727,90,83
245642,6328727,73,269
245642,6329727,31,302
245642,6332727,65,73
245642,6333727,71,67
245642,6334727,55,64
245642,6336727,77,71
245642,6337727,49,67
245642,6338727,55,58
245642,6339727,51,62
245642,6340727,49,56
245642,6342727,72,70
245642,6343727,55,64
245642,6344727,68,80
245642,6345727,58,79
245642,6348727,29,90
245642,6355727,27,103
245642,6364727,49,265
245642,6393727,40,355
245642,6394727,9,10
245642,6409727,19,50
245642,6415727,29,85
245642,6423727,9,160
245642,6446727,90,135
245642,6473727,56,330
245642,6474727,24,4
246642,6244727,18,270
246642,6245727,40,262
246642,6246727,44,252
246642,6249727,15,260
246642,6302727,75,252
246642,6303727,88,259
246642,6308727,84,79
246642,6309727,80,63
246642,6313727,73,31
246642,6314727,39,38
246642,6332727,56,85
246642,6333727,44,60
246642,6336727,65,81
246642,6337727,69,73
246642,6338727,66,74
246642,6341727,64,72
246642,6343727,68,103
246642,6344727,18,263
246642,6345727,50,93
246642,6353727,60,95
246642,6394727,29,80
246642,6406727,40,70
246642,6412727,49,95
246642,6420727,5,160
246642,6425727,29,85
246642,6427727,49,20
246642,6432727,29,275
246642,6444727,80,315
246642,6454727,49,120
246642,6471727,63,115
246642,6472727,39,120
246642,6473727,46,353
247642,6228727,5,275
247642,6239727,18,94
247642,6241727,4,66
247642,6298727,66,67
247642,6301727,48,106
247642,6302727,57,231
247642,6303727,56,91
247642,6304727,61,176
247642,6305727,85,89
247642,6306727,85,88
247642,6308727,82,75
247642,6310727,84,101
247642,6311727,74,104
247642,6335727,65,71
247642,6338727,69,82
247642,6339727,62,97
247642,6343727,85,252
247642,6344727,54,276
247642,6349727,35,245
247642,6353727,14,274
247642,6355727,44,255
247642,6414727,44,85
247642,6417727,55,85
247642,6430727,44,165
247642,6438727,25,310
248642,6235727,23,91
248642,6238727,11,111
248642,6293727,50,69
248642,6294727,56,73
248642,6298727,58,78
248642,6300727,65,90
248642,6302727,77,110
248642,6303727,85,90
248642,6304727,77,100
248642,6309727,89,104
248642,6310727,58,105
248642,6311727,85,285
248642,6315727,72,6
248642,6317727,55,337
248642,6330727,50,25
248642,6333727,83,97
248642,6335727,58,78
248642,6343727,51,262
248642,6423727,34,125
248642,6427727,39,330
248642,6435727,9,255
248642,6438727,19,95
249642,6236727,7,60
249642,6237727,7,212
249642,6286727,4,224
249642,6287727,26,68
249642,6288727,72,169
249642,6289727,28,81
249642,6290727,31,89
249642,6291727,16,50
249642,6292727,25,53
249642,6294727,19,43
249642,6301727,40,70
249642,6302727,85,287
249642,6303727,80,83
249642,6304727,75,88
249642,6306727,80,92
249642,6307727,13,4
249642,6309727,90,108
249642,6310727,86,99
249642,6311727,85,107
249642,6316727,60,49
249642,6318727,63,311
249642,6330727,49,275
249642,6332727,59,267
249642,6333727,63,282
249642,6334727,68,291
249642,6335727,59,278
249642,6337727,76,259
249642,6339727,75,263
249642,6342727,49,275
249642,6347727,60,290
249642,6362727,65,165
249642,6426727,39,135
249642,6430727,39,270
249642,6436727,9,234
249642,6443727,14,320
249642,6451727,90,135
250642,6226727,9,150
250642,6230727,5,250
250642,6234727,16,47
250642,6285727,19,100
250642,6286727,27,107
250642,6287727,25,119
250642,6288727,20,11
250642,6289727,27,25
250642,6293727,19,7
250642,6303727,63,85
250642,6304727,43,82
250642,6305727,70,87
250642,6306727,65,93
250642,6307727,85,100
250642,6308727,75,93
250642,6309727,84,106
250642,6324727,61,330
250642,6327727,60,282
250642,6332727,69,285
250642,6341727,39,293
250642,6346727,45,239
250642,6360727,44,290
250642,6395727,70,95
250642,6416727,44,100
250642,6429727,0,0
250642,6476727,29,255
251642,6282727,44,97
251642,6286727,20,77
251642,6288727,25,105
251642,6291727,20,55
251642,6293727,4,20
251642,6294727,25,37
251642,6304727,49,83
251642,6306727,41,74
251642,6308727,54,80
251642,6311727,80,103
251642,6326727,38,295
251642,6327727,50,295
251642,6334727,76,273
251642,6335727,70,271
251642,6336727,64,276
251642,6337727,61,270
251642,6338727,65,270
251642,6339727,85,288
251642,6344727,84,272
251642,6345727,69,266
251642,6349727,65,250
251642,6354727,60,270
251642,6360727,80,295
251642,6361727,54,275
251642,6362727,34,200
251642,6430727,25,95
251642,6433727,9,145
251642,6445727,19,325
252642,6280727,26,108
252642,6286727,25,93
252642,6291727,39,75
252642,6292727,57,76
252642,6293727,14,25
252642,6302727,15,284
252642,6305727,18,349
252642,6306727,19,37
252642,6308727,29,77
252642,6310727,59,93
252642,6312727,75,99
252642,6324727,19,21
252642,6327727,32,308
252642,6337727,52,78
252642,6339727,71,296
252642,6340727,90,285
252642,6341727,67,281
252642,6355727,70,85
252642,6357727,49,265
252642,6420727,25,310
252642,6431727,29,115
252642,6435727,49,110
252642,6438727,69,345
252642,6469727,19,265
253642,6291727,16,46
253642,6292727,17,62
253642,6293727,15,331
253642,6294727,10,358
253642,6300727,59,284
253642,6301727,29,259
253642,6302727,21,300
253642,6303727,14,303
253642,6304727,22,318
253642,6305727,22,318
253642,6306727,16,322
253642,6307727,27,320
253642,6309727,31,303
253642,6310727,1,317
253642,6312727,7,200
253642,6314727,25,259
253642,6315727,26,208
253642,6319727,27,70
253642,6322727,59,105
253642,6323727,70,107
253642,6324727,63,105
253642,6325727,34,80
253642,6328727,65,269
253642,6329727,49,270
253642,6332727,36,273
253642,6336727,36,263
253642,6337727,32,268
253642,6349727,19,354
253642,6365727,60,20
253642,6367727,60,95
253642,6374727,69,90
253642,6406727,75,300
253642,6418727,55,140
253642,6423727,54,275
253642,6439727,44,350
253642,6442727,29,95
253642,6457727,7,345
254642,6285727,34,305
254642,6291727,13,280
254642,6294727,27,305
254642,6295727,37,288
254642,6298727,49,212
254642,6299727,53,268
254642,6301727,54,292
254642,6302727,26,242
254642,6303727,59,93
254642,6304727,25,279
254642,6306727,37,298
254642,6309727,31,299
254642,6310727,37,282
254642,6311727,44,282
254642,6312727,33,263
254642,6314727,19,209
254642,6315727,43,243
254642,6318727,25,335
254642,6319727,20,288
254642,6321727,57,84
254642,6323727,49,110
254642,6327727,49,98
254642,6331727,59,258
254642,6332727,18,322
254642,6349727,17,41
254642,6350727,9,25
254642,6371727,70,85
254642,6395727,19,280
254642,6402727,44,290
254642,6407727,44,295
254642,6430727,40,15
254642,6435727,65,115
254642,6437727,29,55
254642,6438727,0,0
254642,6457727,65,90
254642,6476727,56,320
254642,6477727,34,280
255642,6290727,74,92
255642,6291727,58,286
255642,6294727,40,279
255642,6295727,48,282
255642,6296727,73,270
255642,6301727,54,285
255642,6302727,33,296
255642,6303727,37,289
255642,6305727,35,310
255642,6306727,25,293
255642,6311727,31,280
255642,6312727,44,273
255642,6314727,32,227
255642,6315727,54,236
255642,6318727,51,272
255642,6320727,54,278
255642,6322727,64,274
255642,6323727,55,261
255642,6326727,32,223
255642,6332727,27,62
255642,6336727,10,293
255642,6342727,19,192
255642,6343727,32,100
255642,6344727,43,108
255642,6345727,53,126
255642,6348727,33,85
255642,6350727,19,60
255642,6355727,24,110
255642,6365727,49,5
255642,6396727,29,280
255642,6416727,35,290
255642,6423727,39,220
255642,6425727,70,310
255642,6442727,0,0
255642,6445727,19,345
256642,6289727,78,259
256642,6291727,69,280
256642,6293727,59,273
256642,6296727,61,280
256642,6298727,70,356
256642,6301727,72,305
256642,6303727,59,324
256642,6304727,22,352
256642,6306727,25,300
256642,6307727,38,299
256642,6310727,43,269
256642,6312727,60,268
256642,6314727,50,229
256642,6315727,29,238
256642,6316727,43,195
256642,6317727,49,210
256642,6319727,44,129
256642,6320727,52,272
256642,6321727,48,273
256642,6323727,69,274
256642,6327727,27,268
256642,6330727,19,313
256642,6334727,38,68
256642,6336727,41,84
256642,6338727,29,108
256642,6350727,40,45
256642,6356727,44,110
256642,6357727,39,180
256642,6396727,59,285
256642,6420727,44,170
256642,6423727,29,175
256642,6433727,49,110
256642,6438727,65,140
256642,6441727,59,305
256642,6444727,29,240
256642,6448727,9,140
256642,6457727,83,84
256642,6478727,34,295
257642,6279727,41,88
257642,6283727,21,286
257642,6284727,17,288
257642,6285727,52,69
257642,6289727,63,260
257642,6290727,81,272
257642,6291727,80,268
257642,6294727,71,265
257642,6296727,65,267
257642,6300727,83,250
257642,6301727,77,260
257642,6304727,18,248
257642,6314727,55,264
257642,6315727,54,252
257642,6319727,60,108
257642,6320727,71,100
257642,6321727,54,91
257642,6322727,46,293
257642,6323727,65,71
257642,6325727,50,314
257642,6329727,10,343
257642,6332727,43,275
257642,6336727,39,96
257642,6342727,54,108
257642,6343727,34,122
257642,6346727,27,92
257642,6352727,25,20
257642,6355727,9,30
257642,6356727,40,204
257642,6380727,40,215
257642,6427727,60,300
257642,6430727,69,320
257642,6447727,29,330
257642,6453727,44,125
257642,6456727,54,120
257642,6465727,75,135
258642,6279727,37,71
258642,6280727,40,70
258642,6281727,86,92
258642,6283727,69,92
258642,6284727,65,86
258642,6286727,74,75
258642,6288727,57,84
258642,6289727,32,349
258642,6294727,85,270
258642,6310727,30,197
258642,6313727,56,271
258642,6314727,40,265
258642,6315727,44,266
258642,6317727,42,272
258642,6318727,65,278
258642,6320727,27,107
258642,6321727,13,202
258642,6324727,28,136
258642,6334727,23,38
258642,6335727,34,268
258642,6337727,17,224
258642,6339727,32,171
258642,6353727,14,65
258642,6380727,40,215
258642,6388727,70,280
258642,6393727,44,300
258642,6395727,75,270
258642,6409727,60,295
258642,6433727,70,110
258642,6444727,49,340
259642,6263727,76,256
259642,6279727,48,62
259642,6280727,64,61
259642,6281727,67,76
259642,6283727,82,77
259642,6284727,70,82
259642,6286727,67,69
259642,6288727,30,359
259642,6294727,57,290
259642,6296727,75,93
259642,6313727,49,98
259642,6320727,65,94
259642,6321727,17,194
259642,6322727,38,127
259642,6332727,72,283
259642,6336727,35,270
259642,6339727,18,244
259642,6343727,34,110
259642,6349727,0,0
259642,6350727,34,295
259642,6351727,19,335
259642,6387727,60,280
259642,6401727,47,282
259642,6412727,49,300
259642,6437727,34,145
259642,6443727,54,335
259642,6447727,39,310
259642,6463727,85,125
260642,6267727,16,110
260642,6268727,54,88
260642,6270727,31,170
260642,6278727,48,59
260642,6279727,66,62
260642,6280727,66,68
260642,6281727,73,51
260642,6287727,6,143
260642,6291727,77,82
260642,6293727,58,73
260642,6296727,80,88
260642,6308727,34,143
260642,6320727,36,84
260642,6321727,17,130
260642,6322727,21,165
260642,6323727,38,101
260642,6324727,39,127
260642,6325727,69,103
260642,6327727,72,83
260642,6329727,73,278
260642,6330727,55,57
260642,6332727,56,18
260642,6333727,58,303
260642,6339727,29,252
260642,6340727,39,256
260642,6341727,30,262
260642,6344727,23,356
260642,6349727,19,275
260642,6355727,60,85
260642,6359727,69,130
260642,6364727,75,20
260642,6379727,39,130
260642,6425727,29,219
260642,6426727,0,0
260642,6427727,9,219
260642,6430727,49,335
260642,6432727,69,320
260642,6434727,25,180
260642,6436727,29,165
260642,6460727,29,55
260642,6461727,69,135
260642,6477727,39,250
260642,6478727,59,270
261642,6266727,66,69
261642,6278727,61,65
261642,6280727,60,70
261642,6281727,35,71
261642,6282727,38,51
261642,6284727,35,275
261642,6285727,69,110
261642,6287727,59,87
261642,6289727,31,104
261642,6291727,60,84
261642,6310727,29,155
261642,6316727,14,281
261642,6317727,23,266
261642,6319727,26,246
261642,6322727,46,289
261642,6323727,29,270
261642,6324727,64,105
261642,6325727,19,13
261642,6327727,17,301
261642,6330727,46,324
261642,6331727,60,89
261642,6332727,65,73
261642,6335727,76,102
261642,6338727,52,83
261642,6344727,40,297
261642,6366727,14,40
261642,6386727,37,110
261642,6398727,46,276
261642,6399727,52,270
261642,6405727,60,300
261642,6409727,69,295
261642,6423727,44,255
261642,6427727,19,245
261642,6461727,80,130
261642,6463727,49,279
261642,6476727,70,184
261642,6477727,59,191
261642,6478727,47,199
262642,6268727,36,104
262642,6269727,49,77
262642,6272727,38,84
262642,6273727,40,79
262642,6277727,46,66
262642,6281727,17,37
262642,6282727,42,72
262642,6290727,41,68
262642,6300727,10,68
262642,6302727,25,254
262642,6303727,12,251
262642,6311727,18,220
262642,6314727,35,266
262642,6321727,75,90
262642,6323727,18,70
262642,6326727,40,268
262642,6334727,71,95
262642,6337727,61,95
262642,6340727,66,108
262642,6344727,38,302
262642,6398727,52,274
262642,6402727,48,298
262642,6413727,44,275
262642,6415727,0,0
262642,6419727,85,265
262642,6443727,60,150
262642,6447727,19,330
262642,6448727,34,310
262642,6465727,44,280
262642,6477727,70,201
262642,6478727,62,218
263642,6268727,29,85
263642,6269727,27,86
263642,6271727,49,83
263642,6279727,34,74
263642,6286727,17,63
263642,6289727,14,22
263642,6295727,37,63
263642,6298727,28,86
263642,6300727,30,271
263642,6302727,12,230
263642,6303727,22,234
263642,6305727,20,244
263642,6306727,34,248
263642,6307727,25,224
263642,6315727,38,107
263642,6316727,38,123
263642,6323727,54,70
263642,6326727,60,83
263642,6329727,43,72
263642,6332727,64,98
263642,6333727,69,84
263642,6337727,54,94
263642,6342727,80,104
263642,6345727,79,98
263642,6359727,75,90
263642,6362727,55,95
263642,6400727,38,308
263642,6401727,39,277
263642,6402727,35,294
263642,6403727,44,285
263642,6404727,69,290
263642,6410727,44,295
263642,6429727,75,300
263642,6438727,25,225
263642,6477727,78,189
263642,6478727,67,161
264642,6257727,44,70
264642,6266727,10,104
264642,6268727,35,83
264642,6273727,35,83
264642,6274727,48,83
264642,6277727,25,86
264642,6286727,19,56
264642,6297727,24,90
264642,6298727,36,93
264642,6299727,32,118
264642,6300727,34,98
264642,6302727,25,106
264642,6303727,29,109
264642,6304727,29,117
264642,6306727,44,250
264642,6321727,76,80
264642,6322727,68,70
264642,6325727,37,84
264642,6327727,46,80
264642,6329727,58,70
264642,6333727,64,88
264642,6334727,64,79
264642,6340727,76,99
264642,6341727,80,95
264642,6343727,80,90
264642,6345727,81,104
264642,6399727,22,114
264642,6400727,14,292
264642,6401727,42,286
264642,6402727,21,291
264642,6403727,33,303
264642,6404727,39,308
264642,6414727,80,250
264642,6418727,69,40
264642,6422727,75,95
264642,6427727,80,110
264642,6430727,40,290
264642,6431727,34,320
264642,6440727,19,175
264642,6442727,44,170
264642,6477727,52,169
264642,6478727,84,334
265642,6256727,9,72
265642,6262727,14,104
265642,6268727,29,76
265642,6269727,30,88
265642,6272727,31,91
265642,6274727,25,97
265642,6275727,90,95
265642,6276727,54,94
265642,6277727,7,89
265642,6278727,16,127
265642,6282727,16,69
265642,6284727,24,30
265642,6290727,25,63
265642,6291727,23,50
265642,6292727,54,93
265642,6296727,49,73
265642,6304727,37,115
265642,6305727,69,94
265642,6306727,62,100
265642,6311727,29,87
265642,6313727,22,85
265642,6323727,67,58
265642,6324727,72,89
265642,6328727,67,76
265642,6334727,60,82
265642,6341727,80,107
265642,6343727,85,93
265642,6345727,80,98
265642,6357727,80,270
265642,6366727,25,265
265642,6400727,17,130
265642,6402727,9,319
265642,6403727,21,292
265642,6405727,9,65
265642,6409727,70,280
265642,6422727,44,105
265642,6438727,14,250
265642,6477727,65,312
265642,6478727,67,327
266642,6261727,11,305
266642,6264727,11,102
266642,6269727,7,138
266642,6270727,48,81
266642,6274727,41,93
266642,6275727,49,94
266642,6278727,14,89
266642,6282727,15,44
266642,6284727,27,70
266642,6285727,25,65
266642,6288727,29,55
266642,6289727,14,43
266642,6290727,25,67
266642,6295727,17,77
266642,6298727,14,115
266642,6300727,37,96
266642,6301727,50,103
266642,6304727,72,102
266642,6308727,65,95
266642,6312727,64,92
266642,6313727,31,92
266642,6320727,59,84
266642,6324727,50,53
266642,6339727,49,90
266642,6345727,79,94
266642,6398727,39,133
266642,6400727,64,132
266642,6402727,11,149
266642,6403727,14,243
266642,6404727,9,208
266642,6405727,68,98
266642,6406727,55,283
266642,6409727,44,170
266642,6422727,9,60
266642,6424727,34,120
266642,6431727,80,290
266642,6433727,49,310
266642,6444727,49,225
266642,6477727,74,297
266642,6478727,60,295
267642,6235727,85,88
267642,6255727,65,68
267642,6258727,61,278
267642,6259727,10,327
267642,6263727,23,51
267642,6267727,11,34
267642,6269727,19,47
267642,6277727,14,240
267642,6278727,11,73
267642,6279727,6,3
267642,6280727,7,330
267642,6281727,7,18
267642,6284727,26,47
267642,6287727,17,12
267642,6288727,46,305
267642,6289727,14,43
267642,6290727,20,338
267642,6292727,25,298
267642,6293727,13,35
267642,6295727,14,287
267642,6296727,54,276
267642,6297727,9,308
267642,6301727,28,278
267642,6302727,32,109
267642,6305727,31,109
267642,6306727,18,275
267642,6313727,40,89
267642,6314727,48,98
267642,6316727,19,103
267642,6319727,27,73
267642,6330727,13,31
267642,6345727,19,75
267642,6398727,54,129
267642,6403727,29,110
267642,6404727,20,77
267642,6405727,76,28
267642,6406727,46,30
267642,6411727,80,140
267642,6416727,49,40
267642,6435727,60,300
267642,6446727,70,45
267642,6477727,60,300
267642,6478727,58,295
268642,6255727,6,206
268642,6259727,54,60
268642,6261727,8,313
268642,6262727,8,11
268642,6275727,9,169
268642,6276727,6,270
268642,6279727,4,322
268642,6281727,29,310
268642,6282727,32,330
268642,6283727,42,293
268642,6284727,39,278
268642,6286727,69,279
268642,6287727,72,283
268642,6288727,67,284
268642,6289727,61,283
268642,6290727,47,286
268642,6292727,77,271
268642,6294727,88,263
268642,6295727,75,269
268642,6298727,61,283
268642,6299727,61,273
268642,6300727,64,275
268642,6301727,65,281
268642,6305727,37,267
268642,6306727,37,278
268642,6312727,17,248
268642,6313727,6,110
268642,6314727,19,117
268642,6315727,1,64
268642,6316727,13,333
268642,6317727,9,90
268642,6319727,8,65
268642,6321727,17,29
268642,6323727,54,276
268642,6326727,28,294
268642,6327727,46,289
268642,6329727,36,4
268642,6332727,17,233
268642,6336727,34,273
268642,6338727,30,288
268642,6340727,23,284
268642,6342727,29,280
268642,6345727,8,356
268642,6356727,90,100
268642,6366727,75,105
268642,6395727,70,95
268642,6397727,86,126
268642,6398727,49,149
268642,6399727,68,147
268642,6400727,57,149
268642,6402727,57,134
268642,6404727,85,1
268642,6434727,39,145
268642,6450727,49,285
268642,6477727,84,290
268642,6478727,63,287
269642,6250727,9,250
269642,6251727,22,253
269642,6258727,12,260
269642,6259727,9,275
269642,6260727,17,325
269642,6261727,21,323
269642,6262727,21,343
269642,6263727,27,279
269642,6269727,13,252
269642,6270727,57,264
269642,6274727,20,197
269642,6275727,21,261
269642,6276727,42,290
269642,6280727,61,269
269642,6281727,32,277
269642,6282727,36,286
269642,6283727,50,285
269642,6284727,53,274
269642,6285727,61,277
269642,6286727,68,276
269642,6287727,61,274
269642,6288727,59,268
269642,6289727,67,272
269642,6290727,70,264
269642,6292727,82,268
269642,6293727,60,250
269642,6294727,85,269
269642,6295727,71,276
269642,6296727,73,277
269642,6297727,64,276
269642,6300727,74,288
269642,6301727,60,290
269642,6302727,65,282
269642,6304727,74,279
269642,6305727,58,283
269642,6306727,54,275
269642,6308727,59,279
269642,6312727,59,268
269642,6317727,41,306
269642,6327727,75,283
269642,6328727,60,289
269642,6329727,14,297
269642,6333727,10,65
269642,6334727,23,255
269642,6335727,5,229
269642,6337727,41,272
269642,6338727,27,238
269642,6339727,19,242
269642,6341727,34,280
269642,6342727,64,275
269642,6343727,39,280
269642,6345727,27,284
269642,6379727,49,280
269642,6392727,39,130
269642,6398727,80,95
269642,6401727,56,157
269642,6402727,65,65
269642,6405727,75,80
269642,6408727,44,80
269642,6410727,32,107
269642,6411727,25,140
269642,6417727,34,10
269642,6433727,29,135
269642,6444727,19,290
269642,6447727,14,265
269642,6449727,19,140
269642,6478727,84,120
270642,6243727,17,112
270642,6247727,32,246
270642,6248727,25,258
270642,6250727,66,240
270642,6252727,34,244
270642,6254727,19,278
270642,6255727,16,267
270642,6256727,29,246
270642,6257727,40,88
270642,6258727,13,284
270642,6259727,17,356
270642,6260727,22,330
270642,6261727,24,314
270642,6262727,48,290
270642,6263727,34,284
270642,6265727,43,278
270642,6267727,38,296
270642,6268727,55,269
270642,6269727,33,273
270642,6270727,48,261
270642,6273727,46,280
270642,6274727,33,270
270642,6275727,27,272
270642,6276727,30,292
270642,6279727,22,287
270642,6280727,43,286
270642,6281727,22,286
270642,6282727,22,254
270642,6283727,38,256
270642,6284727,44,259
270642,6286727,68,263
270642,6287727,74,261
270642,6288727,73,256
270642,6289727,71,265
270642,6290727,76,261
270642,6291727,76,258
270642,6292727,59,259
270642,6293727,61,239
270642,6294727,68,268
270642,6295727,57,262
270642,6296727,67,297
270642,6297727,54,248
270642,6298727,66,293
270642,6299727,74,287
270642,6300727,77,291
270642,6301727,70,289
270642,6302727,65,295
270642,6304727,73,284
270642,6306727,65,283
270642,6307727,80,278
270642,6308727,67,85
270642,6311727,53,280
270642,6312727,54,270
270642,6313727,50,269
270642,6315727,48,267
270642,6316727,46,283
270642,6317727,48,303
270642,6319727,59,288
270642,6323727,61,275
270642,6324727,30,269
270642,6328727,47,285
270642,6334727,30,272
270642,6336727,36,272
270642,6337727,36,274
270642,6339727,43,266
270642,6340727,58,258
270642,6341727,32,278
270642,6342727,50,263
270642,6343727,60,275
270642,6344727,63,287
270642,6345727,38,277
270642,6347727,34,280
270642,6378727,49,280
270642,6386727,9,290
270642,6387727,14,290
270642,6399727,80,115
270642,6408727,49,95
270642,6429727,80,130
270642,6440727,19,95
270642,6442727,40,85
270642,6443727,40,85
270642,6450727,40,95
270642,6478727,49,115
271642,6241727,35,278
271642,6242727,22,75
271642,6243727,9,184
271642,6248727,46,246
271642,6250727,26,249
271642,6251727,48,247
271642,6252727,25,268
271642,6253727,28,239
271642,6255727,13,328
271642,6256727,13,296
271642,6257727,9,319
271642,6258727,11,336
271642,6259727,14,337
271642,6260727,10,9
271642,6261727,5,314
271642,6262727,23,309
271642,6263727,31,257
271642,6265727,25,293
271642,6266727,40,259
271642,6267727,52,274
271642,6268727,49,270
271642,6270727,63,264
271642,6273727,54,277
271642,6274727,49,282
271642,6275727,46,281
271642,6276727,48,283
271642,6277727,44,287
271642,6278727,39,271
271642,6281727,14,257
271642,6282727,32,254
271642,6283727,14,268
271642,6285727,68,247
271642,6286727,57,254
271642,6287727,52,247
271642,6288727,56,249
271642,6289727,64,252
271642,6290727,59,243
271642,6291727,66,233
271642,6292727,49,235
271642,6293727,62,235
271642,6294727,20,245
271642,6295727,26,331
271642,6296727,27,176
271642,6297727,73,126
271642,6298727,39,59
271642,6299727,61,285
271642,6300727,56,289
271642,6301727,65,294
271642,6302727,49,289
271642,6303727,72,286
271642,6304727,78,291
271642,6305727,68,288
271642,6306727,86,285
271642,6307727,72,268
271642,6308727,67,275
271642,6309727,64,287
271642,6311727,80,278
271642,6314727,80,276
271642,6315727,64,278
271642,6321727,52,281
271642,6323727,68,265
271642,6324727,69,258
271642,6325727,69,262
271642,6326727,46,270
271642,6327727,23,293
271642,6329727,60,298
271642,6331727,48,266
271642,6333727,43,283
271642,6334727,46,277
271642,6335727,76,272
271642,6337727,43,276
271642,6339727,55,278
271642,6341727,52,273
271642,6344727,44,275
271642,6345727,45,277
271642,6369727,69,100
271642,6376727,34,110
271642,6382727,60,40
271642,6383727,19,85
271642,6384727,19,10
271642,6385727,29,105
271642,6392727,0,0
271642,6394727,59,120
271642,6437727,29,30
271642,6478727,80,300
272642,6235727,54,75
272642,6236727,12,51
272642,6241727,22,100
272642,6242727,41,91
272642,6248727,73,251
272642,6249727,10,274
272642,6250727,19,304
272642,6251727,21,147
272642,6252727,32,245
272642,6253727,19,251
272642,6254727,14,297
272642,6255727,14,297
272642,6256727,25,45
272642,6257727,14,16
272642,6258727,23,19
272642,6259727,22,62
272642,6260727,9,334
272642,6262727,40,257
272642,6263727,50,258
272642,6264727,58,260
272642,6265727,66,268
272642,6266727,67,255
272642,6267727,65,260
272642,6268727,52,251
272642,6269727,67,256
272642,6270727,60,265
272642,6271727,66,263
272642,6272727,74,263
272642,6273727,50,269
272642,6275727,72,274
272642,6276727,57,275
272642,6277727,65,278
272642,6278727,52,269
272642,6280727,86,258
272642,6281727,49,258
272642,6282727,52,257
272642,6283727,62,255
272642,6284727,66,252
272642,6285727,65,248
272642,6286727,51,260
272642,6287727,51,254
272642,6288727,39,246
272642,6289727,39,221
272642,6290727,57,245
272642,6291727,45,278
272642,6292727,30,224
272642,6293727,45,172
272642,6294727,52,289
272642,6295727,66,2
272642,6296727,47,113
272642,6297727,49,279
272642,6298727,55,117
272642,6299727,37,190
272642,6300727,55,264
272642,6301727,66,285
272642,6302727,52,291
272642,6303727,58,286
272642,6306727,57,281
272642,6307727,74,272
272642,6308727,61,278
272642,6309727,47,288
272642,6311727,44,300
272642,6312727,71,295
272642,6314727,70,285
272642,6315727,62,285
272642,6316727,65,315
272642,6317727,16,43
272642,6318727,76,273
272642,6319727,75,271
272642,6321727,82,276
272642,6323727,73,266
272642,6325727,69,263
272642,6327727,34,322
272642,6329727,52,307
272642,6330727,31,327
272642,6331727,35,301
272642,6333727,77,273
272642,6334727,64,274
272642,6336727,48,268
272642,6340727,40,264
272642,6345727,71,289
272642,6355727,25,290
272642,6375727,60,100
272642,6379727,60,85
272642,6383727,0,0
272642,6384727,54,280
272642,6385727,80,280
272642,6406727,60,80
272642,6410727,65,105
272642,6420727,49,300
272642,6436727,39,140
273642,6243727,24,258
273642,6246727,48,267
273642,6248727,40,100
273642,6250727,30,226
273642,6251727,6,183
273642,6252727,4,244
273642,6253727,40,69
273642,6254727,9,36
273642,6255727,25,45
273642,6256727,19,28
273642,6257727,19,353
273642,6258727,29,35
273642,6259727,8,272
273642,6261727,73,265
273642,6262727,46,265
273642,6263727,43,261
273642,6265727,60,258
273642,6266727,34,263
273642,6267727,60,256
273642,6268727,58,249
273642,6270727,60,269
273642,6271727,73,217
273642,6272727,35,78
273642,6273727,61,285
273642,6274727,56,69
273642,6275727,52,266
273642,6276727,61,297
273642,6277727,67,270
273642,6278727,64,267
273642,6279727,70,265
273642,6280727,65,264
273642,6282727,60,271
273642,6284727,71,274
273642,6286727,50,266
273642,6287727,21,293
273642,6288727,57,257
273642,6289727,31,296
273642,6290727,46,243
273642,6291727,49,246
273642,6292727,55,252
273642,6293727,57,252
273642,6294727,68,269
273642,6295727,41,213
273642,6296727,61,287
273642,6297727,5,23
273642,6298727,49,156
273642,6299727,41,285
273642,6300727,47,288
273642,6301727,36,297
273642,6302727,29,180
273642,6303727,19,204
273642,6304727,70,132
273642,6305727,31,271
273642,6306727,58,278
273642,6307727,56,273
273642,6309727,76,275
273642,6310727,64,294
273642,6311727,65,283
273642,6312727,52,265
273642,6313727,55,245
273642,6314727,65,275
273642,6315727,65,255
273642,6316727,63,282
273642,6317727,56,283
273642,6318727,51,247
273642,6319727,50,271
273642,6320727,63,269
273642,6321727,65,288
273642,6322727,43,305
273642,6324727,20,295
273642,6325727,20,311
273642,6326727,25,338
273642,6329727,26,23
273642,6334727,79,273
273642,6335727,49,265
273642,6336727,49,268
273642,6340727,46,261
273642,6342727,19,252
273642,6345727,45,298
273642,6346727,49,290
273642,6354727,55,280
273642,6375727,9,95
273642,6387727,70,275
273642,6389727,49,270
273642,6391727,40,265
273642,6400727,60,100
273642,6402727,65,70
273642,6412727,49,110
273642,6416727,49,110
273642,6434727,75,120
273642,6441727,29,280
273642,6445727,14,265
273642,6452727,9,255
273642,6457727,68,270
273642,6458727,76,260
273642,6466727,56,76
274642,6237727,46,258
274642,6246727,14,231
274642,6248727,45,224
274642,6249727,33,92
274642,6250727,18,212
274642,6251727,17,83
274642,6252727,26,227
274642,6253727,27,60
274642,6254727,15,53
274642,6255727,23,264
274642,6256727,21,54
274642,6257727,40,266
274642,6258727,24,85
274642,6259727,64,265
274642,6260727,75,261
274642,6261727,52,268
274642,6262727,34,250
274642,6263727,70,265
274642,6264727,55,106
274642,6265727,35,138
274642,6267727,29,190
274642,6268727,36,270
274642,6269727,76,284
274642,6271727,65,232
274642,6272727,39,110
274642,6273727,75,281
274642,6274727,47,224
274642,6275727,41,222
274642,6276727,34,271
274642,6277727,46,248
274642,6279727,49,257
274642,6284727,65,312
274642,6285727,13,355
274642,6286727,31,145
274642,6287727,14,81
274642,6288727,68,94
274642,6289727,44,124
274642,6290727,71,276
274642,6291727,12,184
274642,6292727,50,221
274642,6293727,64,260
274642,6294727,63,280
274642,6295727,54,295
274642,6296727,43,284
274642,6297727,29,298
274642,6298727,62,284
274642,6299727,35,291
274642,6300727,62,309
274642,6301727,55,260
274642,6302727,34,153
274642,6303727,65,128
274642,6304727,24,216
274642,6305727,50,251
274642,6307727,35,272
274642,6308727,56,118
274642,6309727,48,259
274642,6310727,63,281
274642,6311727,56,243
274642,6321727,73,297
274642,6322727,49,335
274642,6326727,47,271
274642,6330727,30,270
274642,6332727,60,263
274642,6335727,50,270
274642,6336727,54,269
274642,6340727,50,266
274642,6343727,31,251
274642,6344727,53,249
274642,6345727,32,296
274642,6348727,49,290
274642,6363727,39,270
274642,6375727,56,275
274642,6389727,44,275
274642,6393727,60,290
274642,6402727,49,290
274642,6405727,49,345
274642,6426727,65,325
274642,6440727,39,280
274642,6448727,14,275
274642,6449727,25,330
274642,6452727,19,260
274642,6457727,8,0
274642,6458727,34,48
274642,6459727,31,104
274642,6462727,34,241
274642,6463727,50,278
274642,6464727,48,235
274642,6465727,36,212
274642,6466727,18,308
274642,6467727,39,5
274642,6468727,16,241
274642,6469727,46,118
275642,6242727,54,83
275642,6243727,80,248
275642,6244727,40,108
275642,6245727,56,80
275642,6247727,57,92
275642,6248727,41,81
275642,6249727,69,283
275642,6251727,42,76
275642,6252727,53,95
275642,6253727,48,64
275642,6254727,66,270
275642,6255727,24,244
275642,6256727,17,285
275642,6257727,70,265
275642,6258727,55,120
275642,6259727,65,6
275642,6260727,46,251
275642,6261727,45,81
275642,6262727,62,102
275642,6265727,90,73
275642,6266727,55,259
275642,6267727,67,264
275642,6268727,38,256
275642,6269727,77,88
275642,6271727,49,288
275642,6272727,70,268
275642,6273727,30,78
275642,6276727,49,249
275642,6277727,72,275
275642,6278727,72,345
275642,6279727,90,78
275642,6280727,48,136
275642,6282727,75,100
275642,6283727,3,41
275642,6284727,46,4
275642,6285727,43,354
275642,6286727,8,328
275642,6287727,41,231
275642,6288727,21,174
275642,6289727,21,229
275642,6290727,51,264
275642,6291727,61,100
275642,6292727,43,248
275642,6293727,64,250
275642,6294727,65,253
275642,6300727,75,278
275642,6302727,45,86
275642,6304727,68,303
275642,6305727,77,304
275642,6306727,21,173
275642,6309727,90,83
275642,6312727,49,273
275642,6314727,80,252
275642,6315727,74,263
275642,6328727,14,33
275642,6329727,7,161
275642,6330727,9,9
275642,6336727,58,272
275642,6337727,80,258
275642,6339727,29,78
275642,6340727,23,229
275642,6341727,71,133
275642,6342727,41,151
275642,6343727,58,142
275642,6344727,54,156
275642,6345727,42,183
275642,6346727,49,182
275642,6347727,70,300
275642,6366727,32,263
275642,6375727,25,95
275642,6399727,35,255
275642,6403727,44,315
275642,6415727,85,120
275642,6424727,54,300
275642,6440727,80,310
275642,6453727,60,255
275642,6457727,21,230
275642,6458727,28,243
275642,6459727,20,259
275642,6460727,28,273
275642,6461727,38,262
275642,6462727,30,306
275642,6463727,54,274
275642,6464727,33,250
275642,6465727,28,32
275642,6466727,44,91
275642,6467727,13,122
275642,6468727,39,332
275642,6469727,53,86
275642,6470727,41,162
276642,6233727,69,70
276642,6237727,53,224
276642,6239727,55,88
276642,6240727,56,101
276642,6241727,57,76
276642,6242727,53,84
276642,6243727,55,79
276642,6245727,56,69
276642,6246727,35,54
276642,6248727,79,89
276642,6249727,60,335
276642,6250727,41,95
276642,6251727,36,74
276642,6252727,47,316
276642,6253727,61,257
276642,6254727,14,259
276642,6255727,63,256
276642,6256727,65,283
276642,6257727,67,293
276642,6258727,33,240
276642,6259727,38,290
276642,6260727,43,277
276642,6261727,34,243
276642,6262727,73,244
276642,6263727,52,235
276642,6264727,37,281
276642,6265727,78,88
276642,6266727,86,273
276642,6268727,58,261
276642,6269727,71,273
276642,6270727,61,265
276642,6271727,50,249
276642,6272727,67,260
276642,6273727,60,75
276642,6276727,80,83
276642,6278727,79,255
276642,6279727,55,269
276642,6280727,22,124
276642,6281727,76,263
276642,6282727,81,264
276642,6283727,77,277
276642,6284727,57,81
276642,6286727,81,85
276642,6287727,75,267
276642,6288727,80,270
276642,6289727,71,268
276642,6290727,83,101
276642,6291727,85,268
276642,6294727,59,243
276642,6296727,84,276
276642,6299727,75,273
276642,6300727,90,98
276642,6303727,68,281
276642,6304727,86,298
276642,6306727,79,338
276642,6307727,80,268
276642,6308727,79,313
276642,6309727,47,33
276642,6310727,40,217
276642,6311727,57,267
276642,6312727,51,276
276642,6315727,74,76
276642,6317727,68,281
276642,6319727,30,345
276642,6321727,83,86
276642,6323727,43,297
276642,6324727,9,285
276642,6325727,15,305
276642,6327727,73,269
276642,6328727,27,120
276642,6329727,28,251
276642,6330727,38,112
276642,6331727,19,149
276642,6332727,57,276
276642,6344727,86,285
276642,6348727,85,290
276642,6353727,60,280
276642,6371727,49,290
276642,6391727,49,95
276642,6392727,19,280
276642,6398727,54,285
276642,6402727,60,290
276642,6408727,69,295
276642,6421727,39,120
276642,6423727,44,300
276642,6426727,59,315
276642,6430727,25,315
276642,6452727,25,135
276642,6454727,7,115
276642,6457727,7,181
276642,6458727,25,246
276642,6459727,29,309
276642,6460727,38,272
276642,6461727,32,261
276642,6462727,49,326
276642,6463727,0,16
276642,6464727,20,281
276642,6465727,13,166
276642,6466727,40,86
276642,6467727,40,329
276642,6468727,21,340
276642,6469727,12,320
276642,6470727,37,72
276642,6471727,67,61
276642,6472727,48,74
276642,6473727,88,135
276642,6475727,55,105
277642,6224727,24,80
277642,6232727,69,80
277642,6233727,60,95
277642,6234727,78,82
277642,6235727,65,82
277642,6236727,56,86
277642,6237727,63,94
277642,6238727,33,64
277642,6239727,63,82
277642,6240727,53,85
277642,6241727,37,83
277642,6242727,46,85
277642,6243727,29,112
277642,6244727,16,213
277642,6245727,24,61
277642,6246727,65,61
277642,6247727,72,92
277642,6248727,63,73
277642,6249727,56,14
277642,6250727,55,332
277642,6251727,43,68
277642,6252727,43,24
277642,6253727,22,316
277642,6254727,45,20
277642,6255727,61,85
277642,6256727,54,255
277642,6257727,58,250
277642,6258727,63,66
277642,6259727,55,256
277642,6260727,66,253
277642,6261727,59,253
277642,6262727,71,67
277642,6264727,26,68
277642,6269727,61,265
277642,6272727,77,268
277642,6274727,54,265
277642,6275727,72,261
277642,6278727,34,268
277642,6282727,62,69
277642,6283727,84,91
277642,6284727,70,90
277642,6285727,90,83
277642,6286727,79,87
277642,6287727,71,89
277642,6288727,81,271
277642,6289727,80,261
277642,6290727,77,280
277642,6295727,77,255
277642,6296727,77,277
277642,6299727,85,269
277642,6300727,75,83
277642,6302727,64,110
277642,6307727,83,87
277642,6309727,52,317
277642,6311727,38,34
277642,6312727,55,264
277642,6314727,59,298
277642,6315727,45,17
277642,6316727,69,90
277642,6317727,45,53
277642,6320727,82,80
277642,6323727,49,86
277642,6327727,53,96
277642,6328727,62,93
277642,6330727,58,103
277642,6331727,59,106
277642,6341727,58,80
277642,6354727,49,255
277642,6366727,75,275
277642,6368727,29,275
277642,6371727,75,305
277642,6372727,60,320
277642,6373727,29,320
277642,6392727,69,270
277642,6398727,65,295
277642,6405727,69,270
277642,6445727,70,95
277642,6447727,0,0
277642,6455727,2,170
277642,6457727,5,185
277642,6458727,3,176
277642,6459727,9,97
277642,6460727,33,295
277642,6461727,24,288
277642,6462727,36,282
277642,6463727,39,245
277642,6464727,35,245
277642,6465727,20,147
277642,6466727,29,230
277642,6467727,39,282
277642,6468727,29,352
277642,6469727,33,156
277642,6470727,17,275
277642,6471727,52,0
277642,6472727,42,41
277642,6473727,67,344
277642,6474727,30,2
277642,6475727,62,187
277642,6476727,65,114
277642,6477727,56,140
278642,6227727,75,80
278642,6234727,80,290
278642,6235727,37,94
278642,6236727,51,140
278642,6237727,52,104
278642,6238727,50,70
278642,6239727,42,35
278642,6240727,61,71
278642,6241727,47,84
278642,6242727,9,125
278642,6243727,11,177
278642,6244727,13,112
278642,6245727,9,322
278642,6246727,33,90
278642,6247727,39,37
278642,6248727,56,77
278642,6249727,24,129
278642,6250727,53,260
278642,6251727,44,253
278642,6252727,76,265
278642,6253727,64,256
278642,6254727,67,257
278642,6255727,77,257
278642,6256727,24,154
278642,6257727,61,259
278642,6258727,75,242
278642,6262727,67,274
278642,6263727,80,268
278642,6264727,44,65
278642,6265727,62,263
278642,6267727,29,266
278642,6268727,20,264
278642,6269727,77,81
278642,6270727,80,75
278642,6271727,75,81
278642,6272727,70,80
278642,6273727,70,75
278642,6274727,71,91
278642,6275727,42,85
278642,6277727,72,101
278642,6278727,79,90
278642,6279727,32,232
278642,6283727,67,95
278642,6284727,69,90
278642,6287727,73,88
278642,6288727,14,162
278642,6289727,36,284
278642,6290727,65,290
278642,6291727,80,88
278642,6292727,71,102
278642,6293727,82,273
278642,6294727,79,274
278642,6295727,80,261
278642,6299727,86,278
278642,6300727,63,284
278642,6302727,56,278
278642,6305727,82,278
278642,6307727,83,268
278642,6308727,84,96
278642,6309727,86,256
278642,6310727,80,266
278642,6316727,86,75
278642,6318727,75,80
278642,6319727,63,77
278642,6322727,35,88
278642,6323727,18,326
278642,6324727,70,82
278642,6327727,51,103
278642,6331727,69,97
278642,6334727,66,88
278642,6335727,84,91
278642,6341727,52,71
278642,6343727,57,98
278642,6364727,49,290
278642,6365727,44,220
278642,6395727,29,270
278642,6396727,69,340
278642,6406727,65,280
278642,6408727,80,295
278642,6420727,60,130
278642,6443727,75,275
278642,6451727,14,140
278642,6456727,90,0
278642,6457727,15,53
278642,6458727,8,319
278642,6459727,10,106
278642,6460727,11,41
278642,6461727,37,327
278642,6462727,45,261
278642,6463727,10,16
278642,6464727,57,223
278642,6465727,36,117
278642,6466727,38,121
278642,6467727,44,93
278642,6468727,22,63
278642,6469727,22,45
278642,6470727,10,354
278642,6471727,60,278
278642,6472727,48,223
278642,6473727,23,118
278642,6474727,30,19
278642,6475727,70,355
278642,6476727,34,118
278642,6477727,5,135
278642,6478727,14,266
279642,6234727,38,126
279642,6235727,51,83
279642,6236727,56,97
279642,6237727,31,2
279642,6238727,61,105
279642,6239727,69,66
279642,6240727,13,55
279642,6241727,5,309
279642,6242727,34,145
279642,6243727,1,331
279642,6244727,31,48
279642,6245727,8,279
279642,6246727,23,119
279642,6247727,25,322
279642,6248727,64,66
279642,6249727,78,261
279642,6250727,36,53
279642,6251727,67,77
279642,6252727,72,253
279642,6253727,81,256
279642,6254727,71,261
279642,6255727,42,290
279642,6256727,28,336
279642,6257727,20,324
279642,6258727,69,248
279642,6259727,80,252
279642,6260727,67,263
279642,6263727,85,261
279642,6264727,75,88
279642,6267727,80,76
279642,6268727,70,68
279642,6270727,65,80
279642,6271727,75,76
279642,6272727,75,80
279642,6273727,83,80
279642,6274727,79,83
279642,6275727,65,278
279642,6276727,63,105
279642,6279727,82,268
279642,6281727,80,102
279642,6282727,26,359
279642,6284727,21,187
279642,6285727,89,80
279642,6286727,83,87
279642,6287727,75,265
279642,6288727,79,268
279642,6289727,78,265
279642,6290727,73,263
279642,6292727,75,93
279642,6294727,75,268
279642,6295727,72,268
279642,6297727,85,268
279642,6298727,70,269
279642,6299727,75,286
279642,6300727,72,276
279642,6302727,76,276
279642,6303727,83,279
279642,6304727,84,279
279642,6305727,82,277
279642,6308727,64,270
279642,6309727,76,273
279642,6310727,80,274
279642,6311727,85,264
279642,6312727,68,260
279642,6313727,76,264
279642,6315727,83,258
279642,6319727,77,81
279642,6322727,60,78
279642,6323727,61,73
279642,6324727,53,85
279642,6327727,37,90
279642,6332727,6,238
279642,6335727,54,81
279642,6339727,64,65
279642,6341727,52,73
279642,6343727,48,96
279642,6363727,39,280
279642,6364727,70,194
279642,6365727,60,275
279642,6417727,60,125
279642,6434727,25,300
279642,6450727,65,100
279642,6452727,44,105
279642,6455727,25,90
279642,6457727,8,194
279642,6458727,25,187
279642,6459727,19,105
279642,6460727,39,243
279642,6463727,20,100
279642,6464727,13,279
279642,6465727,2,122
279642,6466727,34,106
279642,6467727,24,108
279642,6468727,27,34
279642,6469727,35,97
279642,6470727,16,77
279642,6471727,32,300
279642,6472727,13,35
279642,6473727,11,31
279642,6474727,6,332
279642,6475727,19,180
279642,6476727,34,28
279642,6477727,19,185
279642,6478727,80,151
280642,6234727,56,101
280642,6235727,69,95
280642,6236727,70,89
280642,6237727,82,86
280642,6239727,62,88
280642,6240727,75,82
280642,6241727,59,97
280642,6242727,89,84
280642,6243727,80,81
280642,6244727,72,81
280642,6245727,70,74
280642,6246727,8,156
280642,6247727,57,72
280642,6248727,65,81
280642,6249727,81,264
280642,6250727,60,252
280642,6251727,55,267
280642,6252727,44,47
280642,6253727,47,46
280642,6254727,18,298
280642,6255727,19,159
280642,6256727,80,261
280642,6257727,79,253
280642,6259727,85,257
280642,6260727,87,79
280642,6261727,70,270
280642,6263727,65,257
280642,6264727,67,281
280642,6265727,24,4
280642,6266727,62,44
280642,6267727,26,339
280642,6268727,67,80
280642,6270727,71,73
280642,6271727,56,69
280642,6272727,38,58
280642,6274727,32,20
280642,6275727,67,70
280642,6276727,79,77
280642,6277727,35,289
280642,6281727,42,61
280642,6282727,25,290
280642,6283727,53,80
280642,6284727,41,83
280642,6286727,24,42
280642,6287727,26,68
280642,6288727,35,74
280642,6289727,16,49
280642,6295727,69,272
280642,6296727,8,86
280642,6297727,57,88
280642,6298727,75,281
280642,6299727,16,273
280642,6300727,66,288
280642,6301727,36,280
280642,6305727,84,283
280642,6310727,90,91
280642,6311727,82,275
280642,6312727,86,264
280642,6316727,83,88
280642,6334727,14,98
280642,6335727,54,88
280642,6336727,43,84
280642,6339727,48,57
280642,6342727,37,70
280642,6343727,54,80
280642,6344727,70,89
280642,6346727,55,95
280642,6358727,44,275
280642,6363727,39,285
280642,6408727,55,85
280642,6419727,80,120
280642,6423727,80,130
280642,6446727,44,120
280642,6459727,20,144
280642,6460727,10,135
280642,6461727,33,88
280642,6462727,22,112
280642,6463727,26,114
280642,6464727,25,115
280642,6466727,30,72
280642,6467727,28,85
280642,6468727,25,40
280642,6469727,14,94
280642,6471727,25,131
280642,6472727,36,110
280642,6473727,24,87
280642,6474727,37,233
280642,6475727,72,151
280642,6476727,45,337
280642,6477727,48,300
280642,6478727,58,335
281642,6229727,39,80
281642,6234727,68,90
281642,6235727,63,85
281642,6236727,72,89
281642,6237727,79,91
281642,6238727,69,85
281642,6239727,80,84
281642,6240727,73,89
281642,6241727,55,74
281642,6242727,83,82
281642,6243727,58,86
281642,6244727,45,269
281642,6245727,12,281
281642,6246727,48,266
281642,6247727,52,261
281642,6248727,29,69
281642,6249727,71,83
281642,6250727,11,165
281642,6251727,26,186
281642,6253727,60,247
281642,6255727,19,302
281642,6256727,83,273
281642,6258727,68,275
281642,6261727,77,263
281642,6265727,73,72
281642,6266727,22,53
281642,6275727,58,280
281642,6277727,85,258
281642,6282727,36,114
281642,6283727,6,90
281642,6284727,20,65
281642,6285727,8,328
281642,6286727,12,319
281642,6287727,28,289
281642,6288727,19,296
281642,6290727,60,101
281642,6291727,19,278
281642,6292727,44,255
281642,6296727,29,261
281642,6297727,41,272
281642,6299727,9,100
281642,6300727,24,269
281642,6301727,33,272
281642,6303727,27,283
281642,6304727,36,283
281642,6305727,60,103
281642,6315727,80,92
281642,6320727,60,91
281642,6321727,57,96
281642,6326727,13,91
281642,6332727,11,117
281642,6335727,25,80
281642,6336727,39,83
281642,6341727,19,43
281642,6342727,10,8
281642,6343727,18,310
281642,6358727,19,300
281642,6360727,39,270
281642,6418727,9,305
281642,6436727,54,295
281642,6443727,34,125
281642,6448727,34,120
281642,6453727,24,100
281642,6461727,48,105
281642,6462727,44,113
281642,6463727,40,120
281642,6464727,34,101
281642,6466727,15,66
281642,6467727,39,109
281642,6472727,34,120
281642,6473727,21,132
281642,6474727,30,359
281642,6476727,72,5
282642,6234727,45,86
282642,6235727,28,72
282642,6236727,55,75
282642,6237727,65,73
282642,6238727,56,103
282642,6239727,77,80
282642,6240727,56,85
282642,6241727,60,65
282642,6243727,77,84
282642,6244727,75,81
282642,6246727,66,77
282642,6247727,55,69
282642,6248727,75,260
282642,6249727,54,262
282642,6251727,29,126
282642,6252727,81,91
282642,6253727,52,283
282642,6255727,69,77
282642,6259727,77,80
282642,6261727,35,98
282642,6264727,14,295
282642,6269727,30,295
282642,6274727,41,271
282642,6279727,56,294
282642,6282727,81,278
282642,6284727,57,276
282642,6285727,64,278
282642,6286727,40,290
282642,6287727,35,274
282642,6288727,42,280
282642,6289727,37,282
282642,6290727,52,274
282642,6291727,40,278
282642,6294727,48,272
282642,6295727,44,288
282642,6296727,43,261
282642,6297727,29,278
282642,6299727,43,269
282642,6300727,41,280
282642,6301727,31,274
282642,6303727,29,260
282642,6304727,21,243
282642,6306727,19,230
282642,6307727,22,264
282642,6309727,26,265
282642,6311727,12,243
282642,6320727,27,100
282642,6321727,30,102
282642,6325727,25,108
282642,6328727,39,100
282642,6330727,7,315
282642,6331727,22,96
282642,6332727,8,92
282642,6333727,19,80
282642,6336727,30,70
282642,6340727,59,94
282642,6342727,47,104
282642,6345727,17,199
282642,6418727,65,310
282642,6453727,19,120
282642,6472727,29,95
282642,6473727,26,101
282642,6474727,20,53
282642,6475727,14,123
282642,6476727,2,266
282642,6478727,24,195
283642,6231727,75,25
283642,6234727,22,71
283642,6236727,41,65
283642,6237727,33,51
283642,6238727,14,21
283642,6239727,29,58
283642,6240727,51,60
283642,6241727,32,67
283642,6242727,44,56
283642,6243727,58,76
283642,6244727,68,73
283642,6245727,69,73
283642,6246727,56,69
283642,6247727,33,83
283642,6249727,60,264
283642,6251727,76,86
283642,6252727,58,291
283642,6253727,76,83
283642,6254727,49,88
283642,6260727,15,80
283642,6265727,20,265
283642,6267727,43,278
283642,6273727,44,267
283642,6274727,40,252
283642,6275727,72,260
283642,6276727,48,268
283642,6277727,62,280
283642,6278727,75,270
283642,6279727,68,283
283642,6280727,71,275
283642,6281727,65,276
283642,6282727,57,261
283642,6283727,77,273
283642,6284727,78,274
283642,6285727,81,102
283642,6286727,73,282
283642,6288727,15,262
283642,6289727,51,281
283642,6290727,49,278
283642,6291727,54,261
283642,6293727,78,275
283642,6294727,48,271
283642,6295727,49,263
283642,6296727,29,259
283642,6297727,46,270
283642,6298727,39,277
283642,6299727,25,263
283642,6304727,22,242
283642,6307727,19,276
283642,6308727,62,275
283642,6309727,27,258
283642,6311727,31,272
283642,6312727,38,274
283642,6326727,9,233
283642,6328727,6,195
283642,6331727,11,50
283642,6332727,23,85
283642,6337727,61,86
283642,6338727,15,46
283642,6339727,67,79
283642,6340727,3,189
283642,6342727,15,278
283642,6343727,27,159
283642,6344727,46,255
283642,6346727,55,238
283642,6376727,40,325
283642,6418727,69,320
283642,6474727,31,115
283642,6476727,23,95
283642,6477727,42,158
283642,6478727,72,133
283642,6479727,88,180
284642,6229727,44,320
284642,6235727,25,70
284642,6237727,23,49
284642,6238727,11,293
284642,6239727,12,336
284642,6240727,12,8
284642,6241727,11,13
284642,6242727,9,333
284642,6243727,19,334
284642,6244727,15,4
284642,6245727,10,38
284642,6246727,18,31
284642,6247727,10,35
284642,6250727,23,56
284642,6251727,28,13
284642,6255727,21,80
284642,6261727,17,63
284642,6263727,21,246
284642,6265727,13,212
284642,6266727,16,222
284642,6267727,29,243
284642,6269727,53,267
284642,6270727,54,270
284642,6271727,40,268
284642,6272727,34,253
284642,6273727,28,268
284642,6274727,57,255
284642,6275727,46,265
284642,6276727,45,258
284642,6277727,48,256
284642,6278727,52,270
284642,6279727,56,267
284642,6280727,54,282
284642,6281727,45,295
284642,6282727,57,265
284642,6283727,62,268
284642,6284727,76,277
284642,6285727,70,277
284642,6286727,71,286
284642,6287727,75,288
284642,6288727,86,283
284642,6289727,65,289
284642,6290727,68,281
284642,6291727,63,270
284642,6297727,45,273
284642,6298727,44,266
284642,6299727,46,268
284642,6302727,36,269
284642,6303727,38,268
284642,6304727,39,241
284642,6310727,67,283
284642,6311727,62,275
284642,6316727,31,258
284642,6321727,39,243
284642,6322727,17,238
284642,6325727,29,248
284642,6326727,14,233
284642,6327727,19,259
284642,6328727,44,262
284642,6330727,14,298
284642,6331727,16,300
284642,6333727,12,295
284642,6337727,14,8
284642,6338727,7,11
284642,6339727,39,63
284642,6340727,38,73
284642,6341727,39,258
284642,6346727,40,250
284642,6347727,26,257
284642,6424727,65,125
284642,6456727,90,0
284642,6477727,41,153
284642,6478727,37,154
285642,6234727,16,297
285642,6235727,16,319
285642,6236727,15,315
285642,6238727,22,317
285642,6239727,13,308
285642,6241727,15,22
285642,6242727,23,309
285642,6243727,17,314
285642,6244727,14,302
285642,6245727,18,289
285642,6246727,24,292
285642,6247727,15,288
285642,6255727,3,38
285642,6256727,3,62
285642,6262727,16,263
285642,6266727,32,244
285642,6267727,35,251
285642,6268727,32,252
285642,6269727,57,258
285642,6270727,40,254
285642,6271727,40,257
285642,6272727,38,262
285642,6273727,39,254
285642,6274727,42,262
285642,6275727,41,253
285642,6276727,43,256
285642,6277727,48,246
285642,6278727,59,242
285642,6279727,55,239
285642,6280727,80,290
285642,6281727,76,276
285642,6282727,48,230
285642,6283727,63,276
285642,6284727,77,280
285642,6285727,62,75
285642,6286727,64,296
285642,6287727,75,291
285642,6288727,76,286
285642,6289727,74,283
285642,6290727,75,288
285642,6297727,54,268
285642,6302727,49,278
285642,6303727,41,270
285642,6305727,34,264
285642,6306727,54,268
285642,6307727,44,262
285642,6308727,49,267
285642,6312727,41,268
285642,6316727,74,280
285642,6318727,50,289
285642,6319727,41,283
285642,6322727,49,276
285642,6328727,20,261
285642,6329727,39,269
285642,6330727,8,300
285642,6332727,32,54
285642,6334727,17,326
285642,6335727,25,56
285642,6336727,4,178
285642,6337727,17,31
285642,6338727,55,85
285642,6342727,70,62
285642,6343727,54,68
285642,6344727,39,68
285642,6345727,28,187
285642,6348727,20,294
285642,6419727,44,320
285642,6438727,54,295
285642,6444727,54,285
285642,6453727,90,0
285642,6478727,47,184
286642,6234727,32,298
286642,6235727,33,283
286642,6236727,31,294
286642,6237727,31,290
286642,6238727,31,289
286642,6239727,28,297
286642,6242727,28,297
286642,6243727,18,290
286642,6244727,18,288
286642,6245727,21,270
286642,6246727,24,286
286642,6247727,14,336
286642,6250727,17,283
286642,6260727,23,257
286642,6263727,36,244
286642,6264727,31,242
286642,6265727,58,248
286642,6266727,46,234
286642,6268727,39,248
286642,6269727,27,246
286642,6270727,44,261
286642,6271727,36,264
286642,6272727,42,211
286642,6273727,24,233
286642,6274727,29,250
286642,6275727,50,250
286642,6276727,46,255
286642,6277727,64,217
286642,6279727,45,214
286642,6281727,61,242
286642,6282727,59,221
286642,6283727,49,290
286642,6285727,65,298
286642,6287727,66,296
286642,6288727,71,301
286642,6289727,70,285
286642,6290727,63,283
286642,6294727,65,273
286642,6295727,61,258
286642,6297727,57,280
286642,6300727,38,271
286642,6306727,53,262
286642,6308727,38,256
286642,6311727,35,248
286642,6312727,54,268
286642,6316727,44,274
286642,6317727,65,268
286642,6318727,58,280
286642,6321727,54,273
286642,6323727,41,263
286642,6324727,41,262
286642,6326727,45,265
286642,6327727,43,287
286642,6328727,37,288
286642,6329727,30,315
286642,6331727,24,339
286642,6332727,15,36
286642,6333727,17,43
286642,6334727,24,82
286642,6335727,65,118
286642,6336727,27,6
286642,6337727,55,78
286642,6340727,75,308
286642,6341727,25,31
286642,6342727,35,188
286642,6343727,35,226
286642,6344727,73,135
286642,6345727,52,165
286642,6346727,37,54
286642,6418727,55,95
287642,6234727,38,270
287642,6235727,16,286
287642,6237727,41,280
287642,6238727,30,282
287642,6243727,23,292
287642,6244727,24,267
287642,6245727,18,278
287642,6246727,27,276
287642,6247727,19,300
287642,6248727,25,278
287642,6250727,21,282
287642,6251727,49,253
287642,6254727,29,284
287642,6255727,26,297
287642,6259727,16,288
287642,6260727,42,256
287642,6264727,39,251
287642,6265727,56,253
287642,6266727,54,264
287642,6267727,36,247
287642,6268727,36,245
287642,6269727,40,253
287642,6270727,30,260
287642,6271727,43,232
287642,6272727,38,240
287642,6274727,32,260
287642,6275727,70,268
287642,6276727,48,255
287642,6277727,38,238
287642,6278727,50,251
287642,6279727,39,177
287642,6280727,84,291
287642,6281727,30,240
287642,6282727,51,230
287642,6283727,53,229
287642,6284727,57,248
287642,6285727,68,271
287642,6286727,70,287
287642,6288727,74,315
287642,6289727,85,306
287642,6290727,66,265
287642,6293727,65,282
287642,6294727,67,279
287642,6297727,53,286
287642,6299727,58,272
287642,6306727,52,270
287642,6308727,42,262
287642,6311727,39,270
287642,6315727,90,90
287642,6317727,50,281
287642,6318727,46,273
287642,6321727,54,280
287642,6324727,55,270
287642,6325727,45,272
287642,6326727,38,268
287642,6327727,57,274
287642,6328727,45,285
287642,6329727,23,29
287642,6330727,10,355
287642,6331727,19,266
287642,6332727,33,93
287642,6334727,40,101
287642,6335727,60,200
287642,6337727,80,23
287642,6338727,47,13
287642,6340727,28,278
287642,6341727,25,108
287642,6343727,49,263
287642,6344727,19,217
287642,6345727,44,143
287642,6346727,58,188
287642,6349727,39,300
287642,6368727,55,105
287642,6381727,34,329
287642,6436727,75,275
287642,6450727,29,275
288642,6232727,19,305
288642,6234727,42,282
288642,6235727,40,284
288642,6236727,44,277
288642,6237727,37,287
288642,6238727,28,291
288642,6239727,37,298
288642,6240727,51,303
288642,6241727,30,26
288642,6242727,76,282
288642,6243727,39,296
288642,6244727,22,275
288642,6245727,22,282
288642,6249727,23,314
288642,6250727,15,270
288642,6252727,20,283
288642,6258727,34,266
288642,6259727,37,261
288642,6260727,39,267
288642,6264727,45,261
288642,6265727,43,257
288642,6267727,45,212
288642,6268727,46,255
288642,6269727,43,253
288642,6270727,44,267
288642,6271727,40,259
288642,6272727,59,261
288642,6273727,58,256
288642,6277727,61,266
288642,6278727,50,272
288642,6279727,52,282
288642,6280727,34,228
288642,6281727,51,290
288642,6282727,64,265
288642,6283727,58,242
288642,6284727,50,262
288642,6285727,58,276
288642,6286727,55,286
288642,6287727,56,324
288642,6288727,56,318
288642,6289727,71,313
288642,6290727,69,278
288642,6293727,71,276
288642,6295727,67,284
288642,6296727,64,282
288642,6299727,52,283
288642,6305727,27,237
288642,6306727,25,210
288642,6309727,48,247
288642,6310727,22,264
288642,6311727,58,258
288642,6312727,66,262
288642,6315727,58,276
288642,6318727,58,267
288642,6320727,52,261
288642,6321727,32,292
288642,6326727,61,257
288642,6327727,48,187
288642,6328727,30,240
288642,6329727,10,313
288642,6330727,9,196
288642,6331727,77,111
288642,6333727,24,149
288642,6343727,65,279
288642,6344727,41,93
288642,6346727,28,174
288642,6368727,39,125
288642,6379727,69,340
288642,6380727,65,330
288642,6436727,39,230
288642,6453727,39,285
288642,6456727,25,270
288642,6464727,39,145
289642,6236727,42,285
289642,6237727,12,291
289642,6238727,30,273
289642,6239727,39,279
289642,6241727,37,286
289642,6242727,52,264
289642,6244727,50,283
289642,6245727,46,285
289642,6248727,35,276
289642,6252727,22,271
289642,6255727,36,276
289642,6257727,36,269
289642,6258727,40,265
289642,6259727,40,265
289642,6260727,38,263
289642,6263727,42,254
289642,6265727,53,253
289642,6266727,52,266
289642,6267727,55,258
289642,6269727,51,264
289642,6270727,55,262
289642,6272727,55,259
289642,6273727,58,260
289642,6276727,57,289
289642,6277727,67,290
289642,6281727,50,217
289642,6282727,65,231
289642,6283727,56,232
289642,6284727,26,268
289642,6285727,44,263
289642,6288727,57,295
289642,6289727,60,313
289642,6290727,49,263
289642,6292727,52,266
289642,6293727,51,282
289642,6295727,54,274
289642,6296727,69,283
289642,6297727,64,275
289642,6299727,72,290
289642,6305727,19,192
289642,6306727,22,152
289642,6307727,47,123
289642,6309727,28,227
289642,6310727,56,127
289642,6312727,90,115
289642,6313727,35,234
289642,6315727,46,278
289642,6316727,38,263
289642,6318727,28,233
289642,6319727,27,248
289642,6320727,45,257
289642,6321727,16,218
289642,6322727,19,48
289642,6324727,25,239
289642,6326727,47,257
289642,6342727,80,288
289642,6343727,60,276
289642,6345727,52,238
289642,6346727,57,203
289642,6348727,39,315
289642,6387727,29,295
289642,6444727,69,290
290642,6235727,54,280
290642,6238727,21,271
290642,6240727,44,286
290642,6242727,55,281
290642,6243727,49,277
290642,6244727,72,279
290642,6245727,59,284
290642,6247727,45,280
290642,6248727,54,285
290642,6249727,60,288
290642,6252727,44,278
290642,6255727,29,277
290642,6256727,70,266
290642,6258727,54,264
290642,6259727,51,258
290642,6260727,40,265
290642,6261727,70,267
290642,6263727,61,250
290642,6264727,75,244
290642,6265727,67,256
290642,6266727,57,260
290642,6267727,60,266
290642,6268727,64,270
290642,6277727,53,26
290642,6278727,72,269
290642,6279727,32,310
290642,6280727,54,288
290642,6282727,74,266
290642,6283727,61,276
290642,6284727,54,259
290642,6285727,52,230
290642,6293727,67,279
290642,6294727,67,279
290642,6295727,37,251
290642,6297727,51,279
290642,6298727,78,290
290642,6299727,70,278
290642,6302727,57,299
290642,6303727,49,321
290642,6304727,40,326
290642,6305727,45,287
290642,6312727,69,282
290642,6316727,85,285
290642,6318727,83,284
290642,6320727,35,269
290642,6321727,38,192
290642,6325727,37,188
290642,6327727,29,178
290642,6335727,35,185
290642,6338727,19,320
290642,6339727,26,319
290642,6340727,30,298
290642,6342727,77,280
290642,6343727,57,278
290642,6344727,51,284
290642,6345727,61,263
290642,6351727,65,300
290642,6352727,55,280
290642,6355727,14,290
290642,6394727,0,0
291642,6231727,29,65
291642,6238727,35,282
291642,6239727,31,271
291642,6240727,43,272
291642,6242727,63,269
291642,6243727,74,290
291642,6244727,49,284
291642,6245727,61,280
291642,6246727,69,282
291642,6249727,49,278
291642,6252727,69,274
291642,6253727,71,264
291642,6255727,65,268
291642,6256727,75,269
291642,6257727,71,252
291642,6258727,72,268
291642,6259727,59,268
291642,6260727,52,252
291642,6261727,62,266
291642,6263727,72,242
291642,6275727,65,254
291642,6277727,79,270
291642,6278727,46,153
291642,6279727,77,166
291642,6281727,14,37
291642,6288727,86,260
291642,6295727,64,271
291642,6297727,73,283
291642,6299727,66,297
291642,6301727,70,308
291642,6302727,53,330
291642,6303727,65,322
291642,6304727,54,309
291642,6305727,49,321
291642,6308727,24,18
291642,6309727,78,92
291642,6310727,82,284
291642,6311727,84,295
291642,6316727,72,288
291642,6319727,70,281
291642,6324727,80,263
291642,6326727,57,257
291642,6327727,46,257
291642,6330727,41,245
291642,6331727,43,260
291642,6332727,34,265
291642,6334727,36,294
291642,6335727,83,275
291642,6337727,75,93
291642,6338727,19,17
291642,6339727,23,52
291642,6340727,38,51
291642,6341727,28,352
291642,6343727,41,289
291642,6381727,0,0
291642,6404727,49,265
291642,6405727,44,265
291642,6426727,15,325
291642,6430727,39,320
291642,6441727,25,250
291642,6444727,65,270
291642,6456727,0,0
291642,6459727,49,290
292642,6233727,19,180
292642,6235727,35,263
292642,6236727,47,274
292642,6237727,56,140
292642,6238727,50,257
292642,6239727,53,256
292642,6240727,66,241
292642,6241727,89,79
292642,6242727,3,142
292642,6243727,73,265
292642,6244727,33,271
292642,6245727,40,253
292642,6246727,24,310
292642,6247727,83,312
292642,6250727,77,269
292642,6255727,77,256
292642,6259727,73,273
292642,6264727,53,75
292642,6265727,64,258
292642,6266727,60,268
292642,6272727,68,258
292642,6275727,25,147
292642,6276727,86,262
292642,6278727,73,296
292642,6279727,47,189
292642,6281727,89,83
292642,6285727,81,80
292642,6286727,78,80
292642,6287727,64,49
292642,6288727,74,66
292642,6289727,63,270
292642,6290727,73,275
292642,6292727,70,274
292642,6299727,74,291
292642,6301727,56,312
292642,6304727,82,294
292642,6305727,46,318
292642,6307727,43,320
292642,6308727,31,6
292642,6316727,80,277
292642,6320727,67,278
292642,6324727,70,268
292642,6326727,65,272
292642,6330727,51,243
292642,6332727,70,268
292642,6335727,61,282
292642,6336727,77,85
292642,6337727,37,90
292642,6338727,35,72
292642,6340727,60,88
292642,6342727,36,64
292642,6343727,28,281
292642,6352727,49,315
292642,6354727,44,295
292642,6355727,49,280
292642,6374727,19,190
292642,6378727,5,355
292642,6391727,70,275
292642,6431727,75,150
292642,6437727,80,155
292642,6439727,49,165
292642,6452727,59,285
292642,6465727,29,355
293642,6236727,68,106
293642,6237727,31,100
293642,6239727,27,270
293642,6240727,41,86
293642,6241727,34,254
293642,6242727,75,92
293642,6243727,68,272
293642,6244727,50,276
293642,6245727,56,269
293642,6262727,80,274
293642,6263727,71,111
293642,6264727,67,291
293642,6265727,2,151
293642,6266727,76,257
293642,6269727,40,135
293642,6270727,67,88
293642,6271727,29,108
293642,6272727,77,264
293642,6273727,63,252
293642,6274727,76,250
293642,6275727,85,89
293642,6276727,86,83
293642,6277727,78,274
293642,6279727,62,267
293642,6280727,84,87
293642,6281727,81,78
293642,6282727,62,271
293642,6283727,66,282
293642,6284727,75,87
293642,6285727,69,71
293642,6286727,60,258
293642,6287727,84,75
293642,6289727,74,265
293642,6290727,88,278
293642,6292727,75,278
293642,6293727,61,275
293642,6294727,75,277
293642,6295727,68,288
293642,6296727,70,288
293642,6300727,75,123
293642,6304727,59,305
293642,6306727,63,299
293642,6315727,82,90
293642,6316727,78,279
293642,6319727,68,297
293642,6322727,70,273
293642,6323727,72,276
293642,6325727,74,278
293642,6327727,64,284
293642,6331727,66,276
293642,6332727,54,278
293642,6335727,52,289
293642,6336727,71,290
293642,6337727,82,275
293642,6338727,83,99
293642,6340727,90,78
293642,6341727,65,271
293642,6346727,40,87
293642,6365727,19,270
293642,6373727,25,190
293642,6391727,80,275
293642,6411727,54,285
293642,6419727,80,290
293642,6426727,49,120
293642,6429727,44,295
293642,6430727,10,334
293642,6435727,80,155
293642,6448727,44,275
294642,6236727,26,92
294642,6238727,21,190
294642,6239727,48,169
294642,6240727,72,80
294642,6241727,55,145
294642,6252727,80,242
294642,6253727,77,83
294642,6260727,49,103
294642,6263727,36,83
294642,6264727,68,98
294642,6265727,8,278
294642,6271727,71,262
294642,6272727,79,256
294642,6273727,84,87
294642,6274727,72,83
294642,6275727,8,343
294642,6276727,10,155
294642,6277727,78,263
294642,6278727,76,273
294642,6279727,75,266
294642,6280727,73,260
294642,6281727,69,165
294642,6282727,68,254
294642,6283727,81,70
294642,6285727,9,335
294642,6286727,79,76
294642,6288727,1,78
294642,6289727,82,257
294642,6290727,83,270
294642,6291727,70,273
294642,6295727,74,281
294642,6296727,71,288
294642,6299727,72,293
294642,6303727,56,304
294642,6304727,37,291
294642,6305727,56,309
294642,6306727,61,303
294642,6308727,48,316
294642,6309727,50,320
294642,6310727,50,305
294642,6314727,45,64
294642,6315727,36,49
294642,6316727,52,93
294642,6317727,86,279
294642,6318727,86,95
294642,6319727,80,272
294642,6320727,73,281
294642,6321727,71,275
294642,6323727,67,272
294642,6325727,64,276
294642,6326727,50,285
294642,6330727,81,277
294642,6331727,61,275
294642,6333727,82,281
294642,6334727,68,281
294642,6337727,80,288
294642,6340727,75,80
294642,6343727,72,89
294642,6344727,79,99
294642,6346727,80,98
294642,6374727,14,180
294642,6376727,19,355
294642,6377727,0,0
294642,6407727,60,140
294642,6408727,40,290
294642,6411727,19,295
294642,6412727,60,295
294642,6423727,54,300
294642,6453727,49,255
294642,6454727,44,75
295642,6231727,0,0
295642,6236727,49,285
295642,6239727,72,53
295642,6240727,48,328
295642,6241727,10,236
295642,6244727,55,117
295642,6249727,69,78
295642,6252727,75,72
295642,6253727,76,77
295642,6254727,80,253
295642,6255727,71,85
295642,6256727,68,90
295642,6258727,68,93
295642,6259727,72,96
295642,6260727,77,87
295642,6261727,84,267
295642,6263727,46,70
295642,6264727,10,299
295642,6266727,75,175
295642,6267727,78,256
295642,6268727,76,252
295642,6270727,77,253
295642,6271727,11,168
295642,6272727,68,256
295642,6273727,69,72
295642,6274727,75,264
295642,6275727,81,77
295642,6276727,75,79
295642,6277727,6,254
295642,6278727,67,267
295642,6280727,37,258
295642,6281727,64,84
295642,6282727,53,258
295642,6283727,90,272
295642,6284727,5,112
295642,6285727,34,81
295642,6286727,75,79
295642,6287727,39,69
295642,6288727,59,72
295642,6289727,60,63
295642,6290727,27,316
295642,6291727,50,74
295642,6292727,58,270
295642,6293727,71,262
295642,6296727,69,273
295642,6298727,75,301
295642,6299727,80,298
295642,6302727,84,298
295642,6303727,66,303
295642,6305727,25,45
295642,6306727,61,280
295642,6307727,38,278
295642,6309727,50,315
295642,6314727,37,327
295642,6315727,40,336
295642,6319727,72,175
295642,6321727,79,268
295642,6322727,69,263
295642,6323727,66,272
295642,6325727,75,280
295642,6326727,54,276
295642,6328727,54,280
295642,6333727,59,277
295642,6334727,63,291
295642,6335727,85,100
295642,6336727,80,280
295642,6337727,70,280
295642,6338727,90,101
295642,6340727,85,274
295642,6342727,73,98
295642,6354727,29,75
295642,6408727,34,229
295642,6421727,60,310
295642,6441727,70,150
295642,6455727,90,100
295642,6478727,36,187
296642,6226727,49,145
296642,6235727,65,132
296642,6236727,77,76
296642,6244727,49,48
296642,6245727,53,59
296642,6246727,67,65
296642,6251727,60,68
296642,6252727,49,78
296642,6253727,64,80
296642,6255727,78,80
296642,6256727,73,82
296642,6257727,59,276
296642,6258727,13,2
296642,6259727,27,86
296642,6260727,67,89
296642,6261727,76,89
296642,6264727,80,83
296642,6265727,64,264
296642,6266727,58,268
296642,6268727,71,260
296642,6270727,69,83
296642,6271727,73,88
296642,6272727,57,261
296642,6273727,63,70
296642,6274727,74,80
296642,6275727,84,69
296642,6276727,51,262
296642,6277727,76,76
296642,6278727,14,265
296642,6279727,27,85
296642,6280727,12,76
296642,6281727,9,90
296642,6282727,9,78
296642,6283727,41,254
296642,6284727,29,267
296642,6285727,31,266
296642,6286727,23,276
296642,6287727,21,265
296642,6288727,28,295
296642,6289727,25,303
296642,6290727,28,315
296642,6291727,38,292
296642,6293727,25,298
296642,6296727,40,300
296642,6297727,76,289
296642,6298727,78,293
296642,6306727,58,280
296642,6307727,61,284
296642,6310727,73,317
296642,6315727,40,320
296642,6322727,45,86
296642,6325727,54,263
296642,6326727,63,280
296642,6330727,74,282
296642,6332727,62,284
296642,6333727,76,286
296642,6334727,75,288
296642,6335727,14,350
296642,6337727,82,95
296642,6340727,5,49
296642,6344727,65,98
296642,6358727,19,70
296642,6367727,14,25
296642,6375727,14,115
296642,6411727,29,310
296642,6414727,29,295
296642,6416727,44,295
296642,6418727,65,295
296642,6420727,0,0
296642,6421727,54,305
296642,6442727,44,155
296642,6459727,80,325
296642,6478727,19,75
296642,6479727,69,0
297642,6230727,40,175
297642,6235727,68,70
297642,6236727,75,63
297642,6237727,85,358
297642,6238727,33,101
297642,6244727,72,80
297642,6246727,71,73
297642,6250727,70,83
297642,6251727,90,58
297642,6252727,54,73
297642,6253727,63,69
297642,6256727,83,78
297642,6257727,64,75
297642,6258727,73,80
297642,6260727,82,93
297642,6262727,40,278
297642,6263727,72,268
297642,6264727,72,83
297642,6265727,65,269
297642,6266727,53,81
297642,6267727,71,78
297642,6268727,85,82
297642,6269727,71,88
297642,6270727,41,75
297642,6271727,19,78
297642,6272727,29,70
297642,6273727,47,65
297642,6274727,11,100
297642,6275727,26,255
297642,6276727,20,246
297642,6277727,47,247
297642,6278727,50,263
297642,6279727,47,257
297642,6280727,33,272
297642,6281727,44,264
297642,6282727,40,261
297642,6283727,46,263
297642,6284727,34,270
297642,6285727,45,274
297642,6286727,40,274
297642,6287727,38,278
297642,6288727,41,292
297642,6289727,43,282
297642,6290727,33,285
297642,6291727,43,291
297642,6293727,44,287
297642,6295727,40,305
297642,6296727,35,8
297642,6297727,39,345
297642,6298727,16,38
297642,6300727,77,289
297642,6301727,63,286
297642,6302727,66,288
297642,6306727,74,281
297642,6307727,72,278
297642,6310727,58,26
297642,6311727,64,93
297642,6314727,44,308
297642,6317727,41,312
297642,6318727,50,308
297642,6319727,34,299
297642,6321727,39,287
297642,6322727,39,285
297642,6323727,25,311
297642,6324727,33,291
297642,6326727,73,276
297642,6327727,62,286
297642,6329727,63,297
297642,6331727,67,282
297642,6334727,68,289
297642,6335727,79,298
297642,6338727,86,283
297642,6339727,69,86
297642,6340727,82,96
297642,6341727,67,97
297642,6344727,78,105
297642,6366727,9,5
297642,6367727,9,350
297642,6390727,85,275
297642,6412727,19,290
297642,6416727,9,295
297642,6458727,70,329
297642,6459727,74,339
298642,6236727,55,85
298642,6238727,49,88
298642,6239727,62,73
298642,6244727,71,78
298642,6246727,62,72
298642,6247727,64,78
298642,6250727,56,73
298642,6251727,39,60
298642,6252727,68,73
298642,6253727,50,76
298642,6254727,42,78
298642,6264727,69,38
298642,6265727,60,84
298642,6266727,60,87
298642,6267727,64,77
298642,6269727,42,55
298642,6270727,34,71
298642,6271727,15,100
298642,6272727,33,73
298642,6273727,31,252
298642,6274727,28,260
298642,6275727,36,252
298642,6276727,48,253
298642,6277727,57,252
298642,6278727,37,254
298642,6280727,38,265
298642,6281727,48,267
298642,6282727,39,265
298642,6283727,42,265
298642,6284727,38,272
298642,6285727,53,266
298642,6286727,44,278
298642,6287727,45,284
298642,6288727,48,266
298642,6289727,31,271
298642,6290727,46,273
298642,6291727,50,282
298642,6292727,45,283
298642,6293727,34,310
298642,6295727,45,302
298642,6300727,73,292
298642,6303727,85,296
298642,6304727,69,289
298642,6311727,71,277
298642,6312727,59,62
298642,6313727,14,53
298642,6314727,62,302
298642,6316727,46,315
298642,6317727,55,320
298642,6320727,41,302
298642,6321727,30,303
298642,6322727,37,282
298642,6323727,33,301
298642,6324727,19,278
298642,6330727,65,283
298642,6335727,80,299
298642,6336727,75,288
298642,6337727,23,187
298642,6339727,42,80
298642,6345727,69,101
298642,6355727,65,95
298642,6358727,25,95
298642,6362727,49,99
298642,6366727,29,310
298642,6370727,57,281
298642,6371727,9,215
298642,6374727,0,0
298642,6418727,49,300
298642,6456727,80,100
298642,6457727,70,85
298642,6459727,60,320
298642,6460727,65,335
299642,6236727,66,85
299642,6237727,81,64
299642,6239727,65,79
299642,6240727,58,88
299642,6243727,59,68
299642,6244727,64,69
299642,6246727,63,72
299642,6247727,50,70
299642,6248727,47,63
299642,6249727,49,66
299642,6250727,32,58
299642,6252727,30,74
299642,6253727,44,67
299642,6254727,13,8
299642,6255727,25,27
299642,6264727,9,62
299642,6265727,20,239
299642,6267727,10,268
299642,6268727,55,287
299642,6269727,21,265
299642,6271727,19,257
299642,6272727,44,258
299642,6273727,41,250
299642,6274727,40,254
299642,6275727,60,259
299642,6280727,48,257
299642,6281727,62,270
299642,6282727,51,271
299642,6283727,44,271
299642,6284727,40,273
299642,6285727,48,277
299642,6286727,64,278
299642,6287727,55,286
299642,6288727,44,289
299642,6289727,61,264
299642,6290727,63,262
299642,6292727,57,300
299642,6295727,42,300
299642,6296727,46,310
299642,6297727,53,309
299642,6299727,74,303
299642,6300727,80,288
299642,6304727,65,299
299642,6306727,72,294
299642,6313727,72,56
299642,6314727,58,65
299642,6315727,37,333
299642,6320727,43,288
299642,6323727,39,311
299642,6324727,52,285
299642,6325727,42,298
299642,6330727,18,340
299642,6334727,82,288
299642,6335727,90,295
299642,6337727,63,289
299642,6339727,65,293
299642,6340727,19,333
299642,6341727,50,90
299642,6342727,60,91
299642,6343727,45,98
299642,6344727,57,109
299642,6345727,57,99
299642,6373727,0,0
299642,6419727,0,0
299642,6421727,39,315
300642,6234727,55,94
300642,6235727,64,85
300642,6236727,69,82
300642,6237727,59,86
300642,6238727,48,73
300642,6240727,65,90
300642,6241727,62,77
300642,6242727,41,66
300642,6243727,56,74
300642,6244727,68,80
300642,6245727,34,43
300642,6246727,52,280
300642,6247727,59,79
300642,6248727,30,85
300642,6249727,43,35
300642,6251727,73,80
300642,6252727,29,68
300642,6254727,11,354
300642,6256727,22,315
300642,6259727,13,346
300642,6264727,44,277
300642,6266727,25,282
300642,6267727,24,269
300642,6268727,38,248
300642,6269727,20,252
300642,6276727,52,243
300642,6277727,43,250
300642,6278727,57,257
300642,6279727,44,246
300642,6280727,53,259
300642,6281727,70,268
300642,6282727,56,268
300642,6283727,55,272
300642,6284727,52,282
300642,6285727,53,276
300642,6286727,54,285
300642,6287727,53,285
300642,6288727,51,276
300642,6290727,60,252
300642,6291727,84,223
300642,6292727,38,217
300642,6293727,56,291
300642,6295727,67,305
300642,6296727,56,313
300642,6297727,60,315
300642,6300727,67,98
300642,6303727,50,294
300642,6304727,65,293
300642,6306727,64,295
300642,6307727,70,292
300642,6316727,39,300
300642,6322727,52,293
300642,6323727,45,295
300642,6324727,57,299
300642,6325727,49,290
300642,6327727,38,291
300642,6330727,31,299
300642,6334727,10,195
300642,6337727,76,297
300642,6338727,85,303
300642,6339727,69,123
300642,6340727,71,290
300642,6341727,69,281
300642,6344727,65,110
300642,6361727,35,105
300642,6364727,5,130
300642,6366727,39,110
300642,6374727,0,0
300642,6403727,60,329
300642,6418727,9,130
300642,6425727,39,320
300642,6435727,9,145
300642,6445727,19,40
300642,6459727,39,30
300642,6460727,72,326
300642,6461727,69,340
301642,6228727,70,95
301642,6234727,70,89
301642,6235727,59,83
301642,6236727,61,86
301642,6237727,59,78
301642,6238727,62,73
301642,6239727,31,78
301642,6241727,60,83
301642,6244727,49,85
301642,6245727,42,91
301642,6246727,11,124
301642,6247727,5,183
301642,6248727,23,80
301642,6251727,12,94
301642,6252727,10,63
301642,6253727,9,48
301642,6257727,39,264
301642,6259727,49,274
301642,6260727,45,266
301642,6263727,58,286
301642,6264727,61,272
301642,6265727,46,273
301642,6266727,40,267
301642,6267727,51,266
301642,6272727,78,284
301642,6273727,36,263
301642,6276727,50,249
301642,6277727,47,247
301642,6279727,67,256
301642,6280727,63,256
301642,6281727,59,269
301642,6282727,59,267
301642,6283727,48,286
301642,6284727,69,283
301642,6285727,54,279
301642,6286727,49,289
301642,6287727,57,276
301642,6288727,53,266
301642,6289727,18,152
301642,6291727,77,222
301642,6292727,22,287
301642,6302727,30,70
301642,6303727,26,318
301642,6305727,76,307
301642,6308727,45,164
301642,6309727,12,150
301642,6312727,65,128
301642,6322727,54,293
301642,6327727,69,298
301642,6330727,43,289
301642,6332727,24,306
301642,6333727,24,278
301642,6336727,60,277
301642,6337727,24,225
301642,6339727,16,289
301642,6340727,80,294
301642,6342727,90,111
301642,6345727,80,100
301642,6364727,9,125
301642,6370727,19,105
301642,6373727,19,95
301642,6389727,75,285
301642,6415727,25,130
301642,6421727,17,336
301642,6424727,25,335
301642,6446727,44,80
301642,6459727,52,2
301642,6460727,39,263
301642,6461727,69,0
302642,6234727,44,95
302642,6235727,22,113
302642,6236727,50,78
302642,6238727,29,68
302642,6239727,23,88
302642,6240727,48,73
302642,6241727,37,86
302642,6244727,24,94
302642,6247727,14,208
302642,6248727,15,61
302642,6250727,27,48
302642,6251727,9,10
302642,6253727,11,73
302642,6257727,52,266
302642,6260727,53,266
302642,6262727,66,288
302642,6263727,63,273
302642,6264727,60,279
302642,6266727,46,263
302642,6267727,51,260
302642,6268727,73,258
302642,6269727,57,257
302642,6271727,28,274
302642,6272727,43,268
302642,6273727,52,258
302642,6275727,49,252
302642,6278727,52,255
302642,6279727,77,258
302642,6281727,63,264
302642,6285727,63,274
302642,6288727,58,272
302642,6289727,62,260
302642,6290727,52,248
302642,6291727,59,262
302642,6293727,74,123
302642,6302727,44,248
302642,6306727,75,133
302642,6307727,54,310
302642,6308727,63,178
302642,6309727,39,225
302642,6310727,44,192
302642,6311727,50,252
302642,6312727,58,187
302642,6313727,73,318
302642,6316727,50,154
302642,6319727,35,196
302642,6321727,42,276
302642,6322727,47,288
302642,6324727,90,14
302642,6325727,70,288
302642,6328727,71,284
302642,6331727,54,298
302642,6333727,24,278
302642,6334727,61,279
302642,6336727,47,272
302642,6337727,54,298
302642,6338727,38,288
302642,6339727,33,289
302642,6341727,31,100
302642,6345727,61,98
302642,6363727,19,130
302642,6404727,65,350
302642,6409727,14,350
302642,6423727,29,170
302642,6434727,65,145
302642,6437727,39,155
302642,6457727,29,90
302642,6461727,60,355
303642,6228727,39,120
303642,6234727,34,90
303642,6236727,22,106
303642,6238727,18,230
303642,6242727,60,260
303642,6244727,17,307
303642,6256727,44,258
303642,6257727,52,274
303642,6258727,48,242
303642,6260727,80,278
303642,6261727,43,267
303642,6262727,50,108
303642,6263727,55,250
303642,6264727,31,293
303642,6265727,77,277
303642,6266727,80,106
303642,6267727,60,255
303642,6269727,48,266
303642,6270727,74,276
303642,6272727,69,267
303642,6273727,61,265
303642,6274727,67,258
303642,6275727,64,258
303642,6277727,67,248
303642,6278727,69,262
303642,6281727,69,266
303642,6287727,60,300
303642,6290727,72,300
303642,6291727,29,4
303642,6302727,72,68
303642,6304727,73,127
303642,6305727,61,102
303642,6307727,22,226
303642,6309727,37,228
303642,6310727,57,261
303642,6311727,66,265
303642,6312727,51,218
303642,6313727,63,193
303642,6315727,90,168
303642,6316727,75,156
303642,6322727,39,272
303642,6323727,54,279
303642,6324727,53,286
303642,6325727,64,284
303642,6328727,74,278
303642,6331727,51,291
303642,6332727,64,298
303642,6333727,73,287
303642,6334727,56,279
303642,6336727,51,274
303642,6337727,38,289
303642,6338727,40,288
303642,6339727,36,295
303642,6342727,30,284
303642,6345727,82,288
303642,6366727,80,195
303642,6367727,39,315
303642,6369727,24,350
303642,6373727,5,279
303642,6391727,60,335
303642,6394727,80,325
303642,6397727,0,0
303642,6434727,39,330
303642,6445727,69,120
303642,6459727,14,125
303642,6460727,0,0
303642,6461727,37,291
303642,6462727,39,320
304642,6233727,2,95
304642,6235727,7,171
304642,6236727,8,201
304642,6238727,11,187
304642,6240727,49,53
304642,6250727,40,248
304642,6257727,58,239
304642,6258727,55,258
304642,6260727,52,108
304642,6262727,48,231
304642,6263727,50,195
304642,6264727,60,243
304642,6265727,67,103
304642,6266727,55,266
304642,6267727,82,37
304642,6273727,72,262
304642,6274727,66,254
304642,6275727,72,264
304642,6276727,69,254
304642,6277727,71,253
304642,6278727,67,254
304642,6284727,81,264
304642,6285727,18,14
304642,6287727,44,97
304642,6290727,39,349
304642,6291727,46,26
304642,6294727,34,358
304642,6295727,44,5
304642,6296727,80,49
304642,6301727,77,275
304642,6302727,50,65
304642,6304727,65,68
304642,6307727,68,288
304642,6309727,54,145
304642,6310727,80,263
304642,6311727,60,280
304642,6312727,46,260
304642,6313727,39,285
304642,6314727,43,188
304642,6315727,62,182
304642,6316727,64,174
304642,6326727,76,270
304642,6327727,51,243
304642,6328727,75,295
304642,6329727,72,302
304642,6330727,34,293
304642,6331727,41,287
304642,6333727,46,282
304642,6336727,57,283
304642,6338727,44,296
304642,6341727,63,291
304642,6342727,40,290
304642,6343727,46,294
304642,6344727,5,129
304642,6345727,8,209
304642,6346727,78,109
304642,6363727,90,100
304642,6369727,90,95
304642,6371727,49,95
304642,6376727,70,275
304642,6433727,80,335
305642,6231727,75,275
305642,6236727,44,262
305642,6237727,32,252
305642,6238727,17,265
305642,6246727,35,263
305642,6247727,48,271
305642,6248727,24,185
305642,6249727,26,189
305642,6250727,48,246
305642,6253727,80,78
305642,6254727,59,246
305642,6255727,56,197
305642,6256727,54,115
305642,6257727,48,234
305642,6258727,38,227
305642,6259727,44,128
305642,6260727,65,78
305642,6261727,54,259
305642,6262727,83,238
305642,6264727,33,141
305642,6265727,90,118
305642,6267727,62,142
305642,6270727,24,258
305642,6272727,69,271
305642,6273727,53,268
305642,6274727,67,262
305642,6275727,66,259
305642,6276727,52,291
305642,6277727,65,84
305642,6278727,32,338
305642,6280727,62,306
305642,6284727,63,213
305642,6285727,46,156
305642,6286727,63,137
305642,6288727,44,106
305642,6293727,31,258
305642,6294727,29,54
305642,6295727,42,322
305642,6296727,34,24
305642,6297727,86,269
305642,6301727,58,323
305642,6302727,50,306
305642,6304727,55,286
305642,6305727,21,321
305642,6306727,36,220
305642,6307727,58,233
305642,6308727,74,287
305642,6312727,61,290
305642,6313727,54,292
305642,6315727,75,275
305642,6316727,50,265
305642,6317727,43,197
305642,6318727,57,246
305642,6319727,46,143
305642,6320727,23,132
305642,6321727,35,292
305642,6328727,20,257
305642,6329727,26,328
305642,6333727,69,266
305642,6336727,50,292
305642,6337727,81,299
305642,6338727,35,300
305642,6340727,43,295
305642,6341727,74,296
305642,6343727,39,297
305642,6344727,49,309
305642,6345727,42,298
305642,6346727,29,298
305642,6406727,49,345
305642,6432727,60,335
305642,6445727,9,140
306642,6230727,80,275
306642,6234727,75,275
306642,6235727,69,266
306642,6236727,63,265
306642,6237727,67,267
306642,6239727,80,258
306642,6241727,42,264
306642,6243727,52,264
306642,6244727,64,256
306642,6245727,44,256
306642,6246727,39,255
306642,6247727,43,272
306642,6248727,37,238
306642,6252727,70,88
306642,6255727,75,79
306642,6256727,41,101
306642,6257727,69,123
306642,6259727,67,99
306642,6261727,69,78
306642,6262727,62,93
306642,6263727,72,279
306642,6264727,74,74
306642,6265727,38,111
306642,6266727,46,121
306642,6267727,72,94
306642,6268727,33,76
306642,6269727,80,238
306642,6270727,80,53
306642,6271727,42,58
306642,6272727,44,55
306642,6273727,78,66
306642,6274727,27,62
306642,6275727,69,121
306642,6276727,53,63
306642,6277727,24,356
306642,6278727,31,23
306642,6279727,46,74
306642,6280727,40,330
306642,6281727,50,331
306642,6282727,49,318
306642,6283727,73,95
306642,6285727,61,124
306642,6294727,36,323
306642,6295727,35,349
306642,6296727,18,344
306642,6300727,27,295
306642,6301727,25,63
306642,6302727,58,260
306642,6303727,65,278
306642,6304727,42,286
306642,6305727,38,276
306642,6306727,16,217
306642,6307727,41,335
306642,6308727,74,111
306642,6309727,66,321
306642,6310727,77,306
306642,6311727,49,111
306642,6312727,69,303
306642,6315727,29,278
306642,6316727,60,274
306642,6317727,72,291
306642,6318727,56,268
306642,6319727,39,243
306642,6320727,16,18
306642,6321727,32,68
306642,6333727,62,293
306642,6334727,40,292
306642,6336727,48,311
306642,6337727,38,303
306642,6338727,39,299
306642,6339727,47,301
306642,6345727,41,302
306642,6408727,19,280
306642,6437727,9,260
306642,6464727,11,320
306642,6465727,34,315
307642,6235727,52,285
307642,6237727,57,248
307642,6239727,51,266
307642,6241727,1,153
307642,6243727,44,250
307642,6247727,70,256
307642,6249727,69,252
307642,6250727,6,314
307642,6251727,10,249
307642,6252727,16,138
307642,6253727,7,181
307642,6254727,39,63
307642,6255727,66,83
307642,6256727,2,206
307642,6258727,73,70
307642,6259727,10,93
307642,6261727,53,100
307642,6264727,37,128
307642,6265727,33,82
307642,6268727,57,88
307642,6269727,28,34
307642,6270727,32,332
307642,6271727,19,42
307642,6272727,16,266
307642,6274727,37,72
307642,6275727,53,68
307642,6276727,63,86
307642,6277727,58,90
307642,6278727,54,34
307642,6279727,63,91
307642,6280727,73,82
307642,6281727,25,356
307642,6282727,27,83
307642,6283727,75,92
307642,6284727,35,80
307642,6288727,64,98
307642,6294727,71,66
307642,6295727,43,8
307642,6296727,21,349
307642,6303727,39,266
307642,6307727,29,277
307642,6308727,48,302
307642,6309727,59,4
307642,6310727,50,322
307642,6311727,58,338
307642,6312727,56,136
307642,6313727,35,246
307642,6314727,49,298
307642,6315727,44,276
307642,6316727,41,266
307642,6317727,26,329
307642,6318727,50,349
307642,6320727,29,35
307642,6321727,43,44
307642,6331727,22,124
307642,6335727,42,359
307642,6336727,52,319
307642,6338727,59,299
307642,6339727,42,299
307642,6346727,47,315
307642,6464727,14,345
307642,6467727,29,335
308642,6226727,49,295
308642,6232727,49,275
308642,6234727,60,275
308642,6237727,60,260
308642,6247727,65,92
308642,6248727,19,144
308642,6249727,54,88
308642,6252727,51,75
308642,6253727,89,262
308642,6254727,69,84
308642,6255727,58,76
308642,6256727,81,85
308642,6257727,76,76
308642,6258727,26,335
308642,6259727,43,74
308642,6260727,56,87
308642,6261727,50,84
308642,6262727,43,72
308642,6263727,43,278
308642,6264727,49,266
308642,6265727,61,267
308642,6266727,51,280
308642,6267727,68,275
308642,6269727,35,73
308642,6270727,76,75
308642,6271727,11,155
308642,6272727,65,59
308642,6273727,59,67
308642,6274727,82,65
308642,6276727,67,73
308642,6280727,67,83
308642,6281727,55,80
308642,6283727,45,81
308642,6284727,56,76
308642,6288727,85,80
308642,6292727,40,167
308642,6293727,68,93
308642,6295727,17,12
308642,6297727,41,267
308642,6300727,58,272
308642,6304727,30,251
308642,6306727,35,276
308642,6308727,32,279
308642,6309727,54,358
308642,6310727,39,268
308642,6311727,46,310
308642,6312727,60,143
308642,6313727,69,328
308642,6314727,29,303
308642,6315727,45,287
308642,6316727,46,352
308642,6317727,47,4
308642,6318727,55,355
308642,6319727,49,48
308642,6320727,48,355
308642,6321727,53,14
308642,6329727,14,20
308642,6340727,72,303
308642,6345727,45,304
308642,6368727,80,100
308642,6390727,65,145
308642,6407727,0,0
308642,6419727,90,0
308642,6428727,29,0
308642,6436727,39,150
309642,6224727,70,85
309642,6235727,7,15
309642,6236727,37,264
309642,6239727,26,274
309642,6246727,49,85
309642,6247727,45,332
309642,6248727,72,82
309642,6250727,66,92
309642,6252727,48,62
309642,6253727,39,69
309642,6254727,69,72
309642,6255727,37,69
309642,6257727,5,291
309642,6259727,59,253
309642,6264727,60,248
309642,6265727,88,242
309642,6266727,72,244
309642,6267727,52,55
309642,6268727,46,56
309642,6269727,58,70
309642,6270727,55,68
309642,6271727,49,75
309642,6272727,47,69
309642,6276727,53,66
309642,6281727,78,90
309642,6283727,69,87
309642,6285727,80,82
309642,6292727,68,97
309642,6296727,47,89
309642,6298727,28,236
309642,6304727,46,265
309642,6306727,30,273
309642,6307727,16,241
309642,6308727,42,291
309642,6309727,60,293
309642,6310727,17,296
309642,6311727,42,282
309642,6312727,47,300
309642,6314727,61,332
309642,6315727,33,287
309642,6316727,14,97
309642,6317727,37,237
309642,6318727,47,299
309642,6319727,71,356
309642,6320727,32,316
309642,6321727,62,27
309642,6323727,59,3
309642,6324727,39,356
309642,6331727,8,347
309642,6333727,41,148
309642,6334727,1,228
309642,6339727,45,303
309642,6344727,59,308
309642,6406727,44,310
309642,6427727,19,335
309642,6465727,14,330
310642,6229727,65,95
310642,6233727,44,90
310642,6237727,14,108
310642,6238727,37,102
310642,6239727,46,90
310642,6242727,64,82
310642,6243727,62,79
310642,6245727,62,86
310642,6246727,57,84
310642,6252727,44,72
310642,6253727,10,82
310642,6257727,11,308
310642,6259727,7,286
310642,6260727,85,263
310642,6261727,63,285
310642,6263727,36,269
310642,6264727,62,65
310642,6265727,57,79
310642,6266727,56,60
310642,6267727,64,73
310642,6268727,41,67
310642,6269727,44,49
310642,6270727,74,64
310642,6271727,52,57
310642,6272727,76,63
310642,6273727,86,68
310642,6278727,39,66
310642,6279727,66,75
310642,6281727,68,80
310642,6282727,60,90
310642,6283727,60,89
310642,6285727,52,98
310642,6286727,56,93
310642,6287727,66,92
310642,6289727,57,97
310642,6291727,41,113
310642,6296727,14,143
310642,6298727,18,216
310642,6299727,13,173
310642,6300727,27,206
310642,6301727,44,192
310642,6304727,12,207
310642,6306727,30,209
310642,6307727,55,243
310642,6309727,27,279
310642,6310727,41,296
310642,6311727,24,260
310642,6312727,19,350
310642,6313727,57,314
310642,6314727,69,321
310642,6315727,57,338
310642,6316727,23,319
310642,6317727,70,289
310642,6318727,69,260
310642,6320727,82,38
310642,6322727,62,48
310642,6331727,9,23
310642,6332727,34,291
310642,6335727,21,131
310642,6336727,25,129
310642,6339727,31,340
310642,6340727,45,42
310642,6341727,59,54
310642,6342727,46,13
310642,6343727,54,317
310642,6345727,55,318
310642,6391727,40,95
310642,6407727,0,0
310642,6410727,20,320
310642,6452727,44,310
311642,6237727,52,70
311642,6238727,74,81
311642,6242727,62,73
311642,6243727,38,344
311642,6244727,61,73
311642,6245727,28,245
311642,6246727,31,91
311642,6247727,44,64
311642,6248727,44,303
311642,6251727,66,252
311642,6253727,20,141
311642,6254727,58,244
311642,6255727,43,86
311642,6258727,40,74
311642,6259727,81,98
311642,6260727,76,264
311642,6261727,46,69
311642,6262727,58,62
311642,6263727,36,47
311642,6264727,11,287
311642,6265727,62,64
311642,6268727,82,67
311642,6269727,71,60
311642,6270727,66,57
311642,6271727,60,58
311642,6272727,70,69
311642,6274727,40,70
311642,6275727,68,52
311642,6276727,48,62
311642,6279727,66,84
311642,6283727,40,83
311642,6286727,37,97
311642,6288727,33,101
311642,6289727,68,102
311642,6290727,43,114
311642,6291727,46,99
311642,6292727,67,111
311642,6296727,23,131
311642,6297727,82,99
311642,6299727,35,143
311642,6301727,80,286
311642,6302727,65,291
311642,6303727,80,304
311642,6304727,69,302
311642,6306727,54,286
311642,6307727,62,301
311642,6308727,39,296
311642,6309727,20,263
311642,6310727,59,294
311642,6311727,83,309
311642,6312727,47,322
311642,6313727,36,301
311642,6314727,20,207
311642,6315727,55,322
311642,6316727,72,303
311642,6317727,43,290
311642,6318727,71,293
311642,6319727,67,266
311642,6320727,33,274
311642,6321727,74,86
311642,6322727,63,68
311642,6323727,69,207
311642,6330727,20,310
311642,6331727,52,319
311642,6332727,14,321
311642,6335727,46,138
311642,6339727,45,259
311642,6344727,71,60
311642,6345727,43,32
311642,6407727,9,100
311642,6466727,49,40
311642,6467727,9,40
312642,6232727,65,100
312642,6236727,68,80
312642,6239727,64,89
312642,6240727,36,80
312642,6243727,50,70
312642,6245727,43,78
312642,6246727,48,74
312642,6249727,57,68
312642,6250727,56,243
312642,6253727,65,248
312642,6254727,74,232
312642,6258727,49,50
312642,6259727,73,259
312642,6260727,34,299
312642,6261727,9,189
312642,6262727,55,62
312642,6263727,58,83
312642,6265727,61,67
312642,6266727,62,72
312642,6268727,77,57
312642,6269727,65,59
312642,6270727,50,38
312642,6271727,55,50
312642,6272727,48,55
312642,6273727,60,66
312642,6274727,54,60
312642,6275727,39,74
312642,6276727,47,71
312642,6278727,29,79
312642,6279727,8,42
312642,6280727,23,286
312642,6281727,23,80
312642,6283727,37,90
312642,6284727,23,254
312642,6286727,27,87
312642,6287727,5,128
312642,6288727,19,128
312642,6291727,61,97
312642,6297727,58,102
312642,6301727,83,297
312642,6304727,54,299
312642,6305727,83,290
312642,6306727,55,294
312642,6307727,53,287
312642,6308727,48,316
312642,6309727,54,284
312642,6310727,37,294
312642,6311727,38,297
312642,6312727,56,305
312642,6313727,72,308
312642,6314727,57,321
312642,6315727,64,336
312642,6316727,80,313
312642,6317727,64,311
312642,6318727,71,289
312642,6319727,69,281
312642,6320727,73,290
312642,6323727,56,271
312642,6324727,67,273
312642,6325727,54,274
312642,6326727,52,283
312642,6331727,70,304
312642,6332727,40,308
312642,6334727,3,97
312642,6335727,78,133
312642,6336727,80,133
312642,6337727,57,153
312642,6339727,88,308
312642,6340727,74,102
312642,6342727,80,278
312642,6343727,61,280
312642,6345727,64,78
312642,6382727,39,184
312642,6401727,44,80
312642,6406727,39,80
312642,6437727,25,335
312642,6456727,14,224
312642,6465727,14,255
312642,6466727,9,30
313642,6225727,65,95
313642,6234727,65,95
313642,6235727,40,96
313642,6236727,50,87
313642,6237727,40,88
313642,6238727,45,87
313642,6239727,72,83
313642,6240727,21,79
313642,6242727,80,66
313642,6243727,23,64
313642,6249727,77,65
313642,6250727,6,212
313642,6254727,88,71
313642,6255727,77,254
313642,6256727,39,265
313642,6257727,50,286
313642,6258727,20,347
313642,6259727,66,261
313642,6260727,48,348
313642,6262727,68,64
313642,6265727,52,59
313642,6266727,53,61
313642,6268727,70,54
313642,6269727,63,60
313642,6271727,52,47
313642,6276727,86,250
313642,6278727,8,41
313642,6279727,3,10
313642,6280727,6,274
313642,6281727,4,71
313642,6283727,23,291
313642,6284727,17,85
313642,6285727,57,87
313642,6286727,17,290
313642,6287727,26,71
313642,6288727,62,82
313642,6289727,40,85
313642,6290727,83,270
313642,6295727,72,111
313642,6297727,86,90
313642,6298727,73,271
313642,6301727,65,289
313642,6307727,67,300
313642,6309727,55,301
313642,6310727,47,301
313642,6311727,45,288
313642,6312727,48,289
313642,6315727,46,311
313642,6316727,61,317
313642,6317727,58,278
313642,6318727,68,301
313642,6319727,58,299
313642,6321727,77,282
313642,6323727,77,273
313642,6324727,51,279
313642,6325727,63,277
313642,6328727,70,296
313642,6331727,57,298
313642,6332727,53,313
313642,6333727,67,320
313642,6334727,46,130
313642,6335727,54,321
313642,6336727,52,126
313642,6337727,58,131
313642,6343727,67,278
313642,6345727,56,81
313642,6383727,40,175
313642,6435727,75,329
313642,6436727,75,329
313642,6467727,9,230
314642,6228727,60,100
314642,6231727,25,155
314642,6235727,9,181
314642,6236727,20,136
314642,6237727,13,168
314642,6238727,28,239
314642,6239727,37,262
314642,6240727,11,230
314642,6251727,65,246
314642,6252727,86,262
314642,6253727,59,238
314642,6254727,70,240
314642,6255727,4,178
314642,6256727,72,32
314642,6257727,76,73
314642,6258727,64,61
314642,6259727,53,48
314642,6260727,74,250
314642,6261727,39,226
314642,6262727,28,303
314642,6263727,49,37
314642,6265727,69,53
314642,6266727,66,59
314642,6267727,54,30
314642,6269727,39,41
314642,6272727,27,30
314642,6273727,25,29
314642,6276727,15,62
314642,6277727,10,28
314642,6279727,9,319
314642,6280727,13,98
314642,6282727,75,94
314642,6283727,23,96
314642,6284727,17,41
314642,6285727,49,92
314642,6286727,54,79
314642,6287727,40,70
314642,6288727,63,83
314642,6289727,59,79
314642,6291727,72,85
314642,6293727,85,270
314642,6294727,77,92
314642,6298727,60,268
314642,6301727,62,275
314642,6302727,61,274
314642,6303727,70,283
314642,6306727,48,288
314642,6308727,39,291
314642,6310727,82,304
314642,6311727,50,280
314642,6312727,42,293
314642,6313727,57,287
314642,6315727,49,289
314642,6316727,55,282
314642,6317727,56,293
314642,6318727,57,303
314642,6320727,68,283
314642,6321727,80,279
314642,6323727,65,277
314642,6325727,62,270
314642,6327727,52,288
314642,6328727,60,282
314642,6330727,75,284
314642,6331727,22,157
314642,6332727,61,317
314642,6334727,22,337
314642,6336727,35,143
314642,6337727,45,135
314642,6346727,77,73
314642,6348727,75,75
314642,6365727,40,268
314642,6383727,19,215
314642,6403727,49,125
314642,6407727,5,100
315642,6233727,14,219
315642,6236727,23,246
315642,6237727,62,255
315642,6238727,36,260
315642,6239727,49,252
315642,6240727,22,226
315642,6243727,38,338
315642,6244727,55,238
315642,6248727,62,238
315642,6249727,69,70
315642,6250727,69,253
315642,6251727,64,61
315642,6252727,36,51
315642,6253727,32,303
315642,6254727,39,319
315642,6255727,82,256
315642,6256727,67,42
315642,6259727,19,230
315642,6260727,39,31
315642,6261727,16,64
315642,6263727,63,78
315642,6264727,70,234
315642,6266727,64,81
315642,6270727,35,56
315642,6271727,50,70
315642,6272727,34,41
315642,6273727,25,30
315642,6276727,35,66
315642,6280727,19,280
315642,6281727,4,38
315642,6282727,16,62
315642,6283727,15,306
315642,6284727,58,265
315642,6285727,33,37
315642,6286727,44,18
315642,6288727,46,66
315642,6291727,72,84
315642,6292727,64,277
315642,6294727,69,272
315642,6295727,86,85
315642,6302727,62,277
315642,6306727,17,218
315642,6307727,60,296
315642,6308727,25,48
315642,6309727,57,283
315642,6312727,51,281
315642,6313727,57,234
315642,6325727,49,284
315642,6327727,57,280
315642,6328727,79,283
315642,6329727,53,281
315642,6330727,68,282
315642,6332727,54,306
315642,6333727,70,322
315642,6334727,70,322
315642,6335727,37,343
315642,6336727,39,347
315642,6337727,72,321
315642,6338727,61,113
315642,6339727,63,123
315642,6342727,26,107
315642,6346727,45,280
315642,6380727,34,295
315642,6398727,39,30
315642,6456727,40,85
316642,6235727,49,265
316642,6237727,81,276
316642,6238727,65,261
316642,6239727,42,284
316642,6246727,85,246
316642,6247727,78,248
316642,6248727,62,241
316642,6249727,26,144
316642,6250727,3,160
316642,6251727,52,73
316642,6252727,50,255
316642,6253727,71,239
316642,6256727,18,44
316642,6257727,28,87
316642,6258727,24,75
316642,6259727,17,314
316642,6260727,43,249
316642,6261727,69,251
316642,6265727,50,76
316642,6266727,46,84
316642,6270727,57,71
316642,6271727,56,56
316642,6272727,45,68
316642,6276727,54,67
316642,6277727,22,244
316642,6278727,17,95
316642,6280727,10,199
316642,6281727,60,274
316642,6282727,80,285
316642,6283727,9,356
316642,6284727,36,41
316642,6285727,37,33
316642,6286727,27,19
316642,6288727,31,9
316642,6289727,23,10
316642,6290727,17,42
316642,6292727,51,277
316642,6295727,41,245
316642,6296727,46,257
316642,6299727,13,91
316642,6300727,27,149
316642,6303727,70,288
316642,6304727,72,287
316642,6305727,63,285
316642,6306727,49,308
316642,6309727,51,279
316642,6312727,39,302
316642,6313727,60,239
316642,6325727,53,308
316642,6327727,53,293
316642,6330727,57,280
316642,6331727,66,300
316642,6332727,68,311
316642,6333727,82,311
316642,6334727,73,317
316642,6336727,61,308
316642,6337727,38,341
316642,6339727,30,60
316642,6340727,56,108
316642,6342727,67,98
316642,6343727,34,90
316642,6346727,53,60
316642,6371727,44,270
316642,6381727,19,5
316642,6447727,29,170
316642,6457727,14,130
316642,6463727,35,234
317642,6238727,65,98
317642,6246727,78,238
317642,6247727,78,240
317642,6248727,69,72
317642,6249727,32,60
317642,6250727,44,59
317642,6251727,66,240
317642,6252727,67,235
317642,6254727,32,292
317642,6255727,27,32
317642,6256727,29,83
317642,6257727,24,248
317642,6258727,59,282
317642,6266727,72,72
317642,6267727,80,86
317642,6269727,80,242
317642,6270727,74,81
317642,6272727,74,82
317642,6273727,39,58
317642,6276727,33,71
317642,6277727,53,84
317642,6278727,71,95
317642,6280727,75,262
317642,6282727,67,95
317642,6283727,70,87
317642,6284727,63,80
317642,6286727,46,65
317642,6287727,60,60
317642,6289727,36,52
317642,6292727,10,10
317642,6293727,56,290
317642,6295727,38,278
317642,6296727,12,25
317642,6299727,20,285
317642,6301727,8,262
317642,6306727,60,278
317642,6307727,46,270
317642,6309727,42,296
317642,6310727,62,257
317642,6312727,90,55
317642,6318727,47,279
317642,6321727,51,265
317642,6322727,34,272
317642,6327727,50,302
317642,6328727,44,287
317642,6331727,51,304
317642,6333727,70,299
317642,6335727,69,309
317642,6337727,73,311
317642,6338727,79,302
317642,6339727,38,302
317642,6340727,32,75
317642,6343727,34,71
317642,6344727,32,85
317642,6346727,47,73
317642,6362727,60,288
317642,6371727,60,270
317642,6384727,5,100
317642,6404727,39,110
317642,6446727,25,155
318642,6244727,69,41
318642,6245727,78,88
318642,6246727,62,57
318642,6247727,54,95
318642,6248727,86,235
318642,6249727,27,276
318642,6250727,25,355
318642,6251727,33,252
318642,6252727,46,250
318642,6253727,46,234
318642,6254727,16,325
318642,6255727,48,251
318642,6256727,61,256
318642,6265727,68,77
318642,6267727,44,71
318642,6268727,67,75
318642,6269727,68,263
318642,6270727,51,66
318642,6271727,14,319
318642,6272727,57,73
318642,6273727,77,81
318642,6274727,40,83
318642,6276727,32,85
318642,6277727,63,86
318642,6278727,65,86
318642,6279727,40,93
318642,6282727,33,92
318642,6283727,40,82
318642,6284727,31,94
318642,6287727,37,276
318642,6289727,45,95
318642,6291727,57,286
318642,6292727,6,4
318642,6293727,42,264
318642,6299727,63,265
318642,6300727,18,290
318642,6301727,52,276
318642,6308727,58,271
318642,6309727,51,107
318642,6310727,58,246
318642,6312727,64,262
318642,6315727,62,237
318642,6316727,74,235
318642,6318727,68,257
318642,6319727,79,270
318642,6320727,83,93
318642,6321727,18,187
318642,6322727,69,278
318642,6327727,73,294
318642,6328727,32,290
318642,6329727,57,290
318642,6330727,20,277
318642,6333727,75,297
318642,6335727,71,304
318642,6336727,73,299
318642,6337727,79,295
318642,6338727,77,297
318642,6339727,73,130
318642,6340727,62,288
318642,6341727,51,293
318642,6343727,18,319
318642,6344727,32,299
318642,6346727,38,64
318642,6359727,43,84
318642,6361727,82,88
318642,6362727,82,273
318642,6363727,85,280
318642,6365727,57,278
318642,6371727,49,290
318642,6383727,5,85
318642,6421727,19,150
318642,6422727,0,0
319642,6242727,80,75
319642,6243727,65,90
319642,6244727,57,63
319642,6245727,73,183
319642,6246727,28,176
319642,6247727,63,234
319642,6248727,31,46
319642,6249727,30,245
319642,6250727,16,172
319642,6251727,55,251
319642,6252727,50,208
319642,6264727,23,73
319642,6265727,42,68
319642,6266727,40,67
319642,6267727,21,49
319642,6268727,30,56
319642,6270727,44,60
319642,6272727,38,68
319642,6273727,42,70
319642,6274727,75,77
319642,6275727,24,80
319642,6276727,47,85
319642,6278727,70,263
319642,6279727,53,258
319642,6282727,51,266
319642,6283727,60,253
319642,6287727,48,269
319642,6288727,6,358
319642,6291727,71,275
319642,6292727,53,280
319642,6295727,26,187
319642,6297727,67,57
319642,6298727,54,281
319642,6299727,21,356
319642,6301727,41,278
319642,6302727,34,284
319642,6303727,64,72
319642,6304727,16,333
319642,6305727,35,280
319642,6306727,9,349
319642,6307727,19,356
319642,6308727,56,262
319642,6309727,69,98
319642,6315727,62,233
319642,6317727,62,224
319642,6318727,61,238
319642,6319727,78,269
319642,6320727,66,267
319642,6324727,80,302
319642,6326727,77,295
319642,6327727,77,298
319642,6330727,79,288
319642,6335727,85,311
319642,6336727,74,299
319642,6337727,77,298
319642,6338727,74,294
319642,6339727,76,292
319642,6341727,70,279
319642,6342727,65,297
319642,6343727,63,287
319642,6344727,76,287
319642,6345727,78,295
319642,6359727,52,114
319642,6361727,70,293
319642,6362727,80,276
319642,6363727,86,268
319642,6372727,85,345
319642,6373727,55,5
319642,6403727,25,35
319642,6412727,39,135
319642,6415727,0,0
319642,6424727,19,320
319642,6458727,20,150
319642,6462727,22,165
320642,6239727,58,85
320642,6242727,72,108
320642,6243727,43,337
320642,6244727,78,223
320642,6245727,62,68
320642,6246727,31,334
320642,6249727,74,79
320642,6252727,50,279
320642,6254727,69,59
320642,6255727,70,60
320642,6263727,29,296
320642,6264727,9,288
320642,6265727,25,295
320642,6266727,19,297
320642,6267727,18,324
320642,6268727,45,275
320642,6269727,24,318
320642,6270727,25,304
320642,6271727,60,264
320642,6272727,42,274
320642,6276727,57,254
320642,6278727,59,257
320642,6279727,24,261
320642,6280727,41,268
320642,6281727,26,261
320642,6282727,14,270
320642,6283727,35,252
320642,6288727,62,66
320642,6289727,83,71
320642,6290727,64,92
320642,6291727,61,76
320642,6292727,6,183
320642,6296727,77,87
320642,6297727,9,255
320642,6298727,32,21
320642,6300727,48,55
320642,6301727,41,317
320642,6305727,76,78
320642,6307727,38,253
320642,6308727,46,247
320642,6318727,49,223
320642,6320727,74,260
320642,6323727,88,313
320642,6326727,75,297
320642,6332727,66,283
320642,6333727,82,299
320642,6334727,43,237
320642,6335727,44,226
320642,6338727,70,292
320642,6342727,78,285
320642,6343727,74,287
320642,6344727,48,181
320642,6346727,21,39
320642,6347727,57,285
320642,6359727,57,106
320642,6360727,22,109
320642,6361727,75,58
320642,6362727,58,118
320642,6363727,80,99
320642,6364727,39,263
320642,6371727,60,335
320642,6380727,60,65
320642,6383727,9,70
320642,6396727,44,315
320642,6404727,14,90
320642,6444727,34,205
320642,6462727,39,150
321642,6239727,39,230
321642,6240727,49,156
321642,6241727,55,103
321642,6243727,55,248
321642,6244727,43,245
321642,6245727,45,45
321642,6246727,80,57
321642,6248727,77,255
321642,6249727,80,252
321642,6252727,46,62
321642,6253727,63,33
321642,6254727,62,76
321642,6256727,14,15
321642,6260727,73,271
321642,6263727,50,272
321642,6265727,59,275
321642,6267727,51,280
321642,6268727,48,282
321642,6269727,56,268
321642,6270727,61,265
321642,6271727,52,271
321642,6272727,55,269
321642,6273727,41,271
321642,6274727,24,268
321642,6276727,42,262
321642,6277727,44,262
321642,6279727,23,122
321642,6285727,44,65
321642,6286727,40,265
321642,6287727,27,66
321642,6288727,19,44
321642,6289727,35,32
321642,6292727,45,282
321642,6294727,28,92
321642,6295727,17,130
321642,6296727,40,74
321642,6297727,12,343
321642,6298727,40,52
321642,6301727,40,25
321642,6307727,26,61
321642,6308727,39,269
321642,6315727,34,223
321642,6317727,56,209
321642,6318727,90,46
321642,6320727,64,249
321642,6321727,73,294
321642,6322727,70,303
321642,6324727,70,298
321642,6326727,80,306
321642,6327727,78,294
321642,6328727,82,301
321642,6330727,71,292
321642,6331727,49,296
321642,6334727,84,123
321642,6335727,64,281
321642,6336727,73,303
321642,6341727,77,296
321642,6342727,11,20
321642,6343727,75,299
321642,6344727,70,295
321642,6345727,78,292
321642,6346727,73,290
321642,6359727,70,110
321642,6360727,49,196
321642,6361727,45,138
321642,6362727,55,114
321642,6363727,84,90
321642,6364727,70,97
321642,6365727,69,88
321642,6368727,19,100
321642,6386727,44,125
321642,6411727,44,140
321642,6417727,5,180
321642,6446727,40,194
321642,6456727,19,350
322642,6237727,71,100
322642,6239727,56,217
322642,6240727,63,230
322642,6241727,49,264
322642,6242727,43,262
322642,6243727,10,284
322642,6246727,34,144
322642,6251727,23,23
322642,6252727,32,308
322642,6253727,46,260
322642,6255727,64,259
322642,6261727,60,268
322642,6262727,47,276
322642,6263727,65,277
322642,6265727,56,264
322642,6267727,58,304
322642,6281727,67,254
322642,6282727,70,275
322642,6284727,15,208
322642,6285727,90,98
322642,6289727,47,295
322642,6291727,51,252
322642,6292727,36,274
322642,6293727,26,273
322642,6294727,26,254
322642,6295727,70,271
322642,6296727,52,273
322642,6297727,42,285
322642,6301727,36,307
322642,6305727,54,266
322642,6307727,55,267
322642,6308727,28,272
322642,6309727,56,243
322642,6312727,40,248
322642,6314727,66,238
322642,6315727,67,239
322642,6316727,65,226
322642,6320727,68,290
322642,6324727,76,305
322642,6325727,64,297
322642,6331727,86,304
322642,6336727,72,292
322642,6338727,58,282
322642,6344727,90,103
322642,6346727,69,311
322642,6356727,75,290
322642,6362727,18,348
322642,6363727,81,90
322642,6364727,36,71
322642,6365727,43,160
322642,6366727,0,0
322642,6369727,85,95
322642,6396727,80,70
322642,6415727,5,315
322642,6421727,0,0
322642,6422727,25,320
322642,6429727,70,329
322642,6478727,19,350
323642,6230727,49,80
323642,6237727,58,104
323642,6239727,65,201
323642,6240727,55,191
323642,6241727,47,267
323642,6243727,26,43
323642,6244727,16,333
323642,6245727,88,63
323642,6246727,31,244
323642,6248727,34,270
323642,6249727,55,241
323642,6250727,51,261
323642,6251727,53,257
323642,6252727,64,263
323642,6253727,61,263
323642,6255727,67,260
323642,6259727,70,268
323642,6260727,40,284
323642,6262727,15,27
323642,6280727,60,261
323642,6281727,23,239
323642,6283727,54,72
323642,6284727,31,82
323642,6285727,36,246
323642,6286727,27,249
323642,6289727,52,272
323642,6290727,65,274
323642,6291727,56,264
323642,6292727,65,270
323642,6293727,70,268
323642,6296727,56,277
323642,6297727,68,275
323642,6298727,77,277
323642,6301727,47,283
323642,6305727,51,284
323642,6307727,42,278
323642,6308727,31,288
323642,6312727,59,251
323642,6313727,49,252
323642,6315727,75,246
323642,6317727,79,227
323642,6320727,68,259
323642,6321727,83,310
323642,6322727,73,315
323642,6323727,75,311
323642,6324727,82,302
323642,6327727,73,298
323642,6328727,72,302
323642,6329727,76,297
323642,6336727,83,295
323642,6338727,72,293
323642,6339727,79,289
323642,6363727,68,113
323642,6365727,50,158
323642,6368727,29,115
323642,6376727,0,0
323642,6377727,80,229
323642,6384727,19,90
323642,6400727,0,0
323642,6429727,70,300
323642,6436727,60,335
323642,6449727,25,200
324642,6237727,86,238
324642,6239727,75,195
324642,6240727,75,213
324642,6242727,65,60
324642,6245727,63,66
324642,6246727,21,34
324642,6247727,35,337
324642,6248727,54,264
324642,6249727,66,245
324642,6250727,59,258
324642,6251727,55,261
324642,6255727,55,258
324642,6259727,63,281
324642,6280727,36,105
324642,6281727,14,172
324642,6284727,28,186
324642,6285727,52,248
324642,6290727,5,306
324642,6291727,66,262
324642,6292727,64,264
324642,6293727,65,266
324642,6296727,79,271
324642,6297727,76,271
324642,6298727,75,274
324642,6301727,59,276
324642,6303727,57,280
324642,6304727,82,271
324642,6306727,64,273
324642,6307727,64,288
324642,6308727,57,271
324642,6312727,57,254
324642,6317727,68,239
324642,6318727,77,236
324642,6319727,61,228
324642,6320727,70,268
324642,6321727,79,308
324642,6322727,76,298
324642,6323727,87,296
324642,6324727,82,300
324642,6325727,78,283
324642,6327727,85,300
324642,6329727,42,345
324642,6330727,73,300
324642,6331727,68,298
324642,6332727,76,304
324642,6333727,89,111
324642,6336727,85,122
324642,6365727,74,158
324642,6368727,37,110
324642,6375727,0,0
324642,6377727,32,36
324642,6378727,49,50
324642,6380727,55,95
324642,6385727,34,80
324642,6423727,9,275
324642,6430727,19,295
324642,6432727,70,329
324642,6450727,29,204
325642,6227727,80,265
325642,6231727,44,95
325642,6235727,9,184
325642,6236727,18,186
325642,6238727,63,200
325642,6239727,56,64
325642,6245727,39,265
325642,6246727,49,253
325642,6247727,61,262
325642,6250727,65,261
325642,6251727,61,266
325642,6255727,39,241
325642,6256727,23,10
325642,6262727,36,37
325642,6276727,80,78
325642,6281727,40,351
325642,6282727,44,180
325642,6287727,64,86
325642,6288727,86,100
325642,6290727,80,73
325642,6291727,72,269
325642,6292727,64,252
325642,6293727,86,99
325642,6297727,67,268
325642,6301727,73,277
325642,6305727,59,277
325642,6306727,41,264
325642,6309727,63,260
325642,6310727,56,261
325642,6312727,34,272
325642,6313727,69,241
325642,6316727,64,237
325642,6318727,68,242
325642,6319727,65,224
325642,6321727,78,294
325642,6322727,83,286
325642,6323727,83,288
325642,6324727,77,291
325642,6325727,82,280
325642,6327727,84,298
325642,6328727,74,303
325642,6329727,75,302
325642,6330727,77,304
325642,6331727,76,305
325642,6332727,64,300
325642,6333727,66,298
325642,6338727,81,307
325642,6339727,72,303
325642,6340727,75,294
325642,6342727,88,118
325642,6386727,29,90
325642,6388727,39,100
325642,6461727,48,163
325642,6479727,29,350
326642,6234727,90,95
326642,6235727,79,219
326642,6236727,88,75
326642,6238727,85,88
326642,6239727,84,63
326642,6241727,17,302
326642,6246727,71,253
326642,6247727,45,264
326642,6251727,46,263
326642,6259727,75,70
326642,6262727,58,68
326642,6278727,75,261
326642,6281727,72,265
326642,6282727,82,263
326642,6284727,76,263
326642,6307727,27,281
326642,6308727,40,277
326642,6309727,67,261
326642,6310727,50,268
326642,6311727,25,296
326642,6312727,90,83
326642,6313727,43,234
326642,6316727,63,219
326642,6320727,84,73
326642,6323727,59,209
326642,6325727,84,273
326642,6328727,78,292
326642,6330727,70,306
326642,6331727,73,308
326642,6332727,67,310
326642,6333727,68,313
326642,6335727,66,308
326642,6338727,67,298
326642,6339727,71,302
326642,6340727,82,301
326642,6341727,37,245
326642,6342727,58,265
326642,6349727,85,115
326642,6355727,85,300
326642,6388727,19,90
326642,6416727,39,130
326642,6435727,75,355
326642,6460727,40,159
326642,6462727,49,170
326642,6475727,5,125
327642,6229727,44,90
327642,6240727,22,289
327642,6243727,77,252
327642,6244727,58,263
327642,6245727,66,248
327642,6246727,67,243
327642,6247727,58,259
327642,6250727,46,252
327642,6251727,17,274
327642,6272727,63,256
327642,6276727,80,256
327642,6277727,76,69
327642,6278727,69,250
327642,6280727,75,259
327642,6281727,73,250
327642,6282727,56,262
327642,6284727,61,247
327642,6286727,71,261
327642,6287727,72,267
327642,6310727,75,81
327642,6314727,76,100
327642,6315727,88,296
327642,6318727,90,260
327642,6321727,78,101
327642,6323727,86,282
327642,6324727,75,264
327642,6332727,69,312
327642,6333727,74,310
327642,6334727,65,305
327642,6336727,65,297
327642,6337727,65,290
327642,6338727,74,290
327642,6339727,82,301
327642,6340727,84,287
327642,6347727,69,121
327642,6387727,19,100
327642,6412727,29,150
327642,6414727,70,150
327642,6458727,42,343
327642,6477727,10,0
328642,6225727,69,80
328642,6239727,33,245
328642,6240727,72,268
328642,6241727,61,258
328642,6243727,74,249
328642,6244727,72,249
328642,6246727,70,69
328642,6247727,81,256
328642,6248727,64,254
328642,6251727,8,300
328642,6272727,64,247
328642,6278727,60,252
328642,6287727,80,68
328642,6288727,70,248
328642,6315727,74,95
328642,6318727,78,76
328642,6319727,84,177
328642,6320727,65,276
328642,6323727,83,141
328642,6324727,86,114
328642,6325727,89,84
328642,6326727,64,355
328642,6327727,42,10
328642,6328727,71,310
328642,6331727,75,312
328642,6332727,74,313
328642,6333727,77,310
328642,6334727,71,301
328642,6335727,57,302
328642,6336727,64,303
328642,6337727,48,328
328642,6338727,0,119
328642,6339727,65,296
328642,6340727,71,294
328642,6341727,68,296
328642,6369727,14,5
328642,6374727,70,329
328642,6457727,39,340
328642,6475727,17,165
328642,6476727,3,115
328642,6477727,3,25
328642,6478727,10,5
328642,6479727,25,5
329642,6239727,54,264
329642,6240727,74,228
329642,6244727,44,244
329642,6251727,86,76
329642,6252727,86,258
329642,6275727,58,114
329642,6292727,78,81
329642,6298727,67,266
329642,6304727,73,69
329642,6306727,80,262
329642,6307727,64,263
329642,6308727,77,281
329642,6309727,78,260
329642,6314727,6,197
329642,6315727,51,245
329642,6320727,2,182
329642,6323727,80,114
329642,6324727,83,110
329642,6325727,62,285
329642,6328727,71,114
329642,6329727,51,107
329642,6330727,43,333
329642,6333727,90,118
329642,6334727,86,295
329642,6335727,36,32
329642,6336727,70,303
329642,6337727,63,303
329642,6338727,34,291
329642,6339727,33,270
329642,6341727,58,295
329642,6343727,58,290
329642,6363727,69,130
329642,6388727,39,135
329642,6391727,19,125
329642,6417727,19,140
329642,6473727,17,145
330642,6239727,55,262
330642,6240727,70,243
330642,6252727,56,76
330642,6253727,64,75
330642,6286727,64,85
330642,6287727,34,334
330642,6288727,79,87
330642,6292727,83,264
330642,6296727,24,8
330642,6298727,65,280
330642,6304727,51,248
330642,6305727,77,240
330642,6307727,76,259
330642,6309727,1,239
330642,6310727,32,358
330642,6313727,86,275
330642,6314727,79,276
330642,6319727,45,265
330642,6320727,18,335
330642,6322727,12,169
330642,6324727,52,302
330642,6327727,75,109
330642,6328727,76,102
330642,6329727,85,88
330642,6330727,60,98
330642,6332727,56,304
330642,6333727,61,329
330642,6335727,82,315
330642,6336727,75,306
330642,6338727,65,298
330642,6339727,46,301
330642,6340727,43,296
330642,6341727,52,307
330642,6342727,70,302
330642,6343727,37,288
330642,6344727,57,285
330642,6369727,5,190
330642,6390727,29,120
330642,6416727,34,145
330642,6427727,14,325
330642,6474727,19,150
330642,6476727,89,5
331642,6253727,69,72
331642,6275727,69,101
331642,6295727,83,94
331642,6296727,78,264
331642,6301727,90,96
331642,6302727,72,87
331642,6303727,80,274
331642,6305727,54,67
331642,6306727,68,252
331642,6307727,85,87
331642,6309727,78,264
331642,6310727,31,261
331642,6312727,65,82
331642,6313727,86,280
331642,6314727,79,276
331642,6318727,41,106
331642,6319727,78,95
331642,6320727,7,346
331642,6325727,84,123
331642,6326727,84,122
331642,6328727,72,94
331642,6329727,77,104
331642,6330727,72,95
331642,6331727,77,101
331642,6332727,53,70
331642,6333727,43,44
331642,6334727,61,325
331642,6335727,6,273
331642,6336727,78,312
331642,6337727,63,306
331642,6338727,60,304
331642,6339727,59,302
331642,6340727,62,302
331642,6341727,60,302
331642,6342727,48,293
331642,6344727,54,303
331642,6361727,80,310
331642,6463727,67,159
332642,6253727,43,59
332642,6268727,88,268
332642,6269727,73,265
332642,6270727,25,164
332642,6276727,76,90
332642,6277727,75,92
332642,6278727,38,100
332642,6302727,11,18
332642,6303727,57,97
332642,6304727,52,88
332642,6305727,75,269
332642,6307727,17,136
332642,6309727,33,257
332642,6310727,71,95
332642,6312727,7,159
332642,6313727,53,98
332642,6316727,37,110
332642,6317727,63,102
332642,6318727,58,109
332642,6319727,44,93
332642,6321727,17,99
332642,6324727,12,40
332642,6328727,86,123
332642,6329727,40,73
332642,6333727,63,94
332642,6334727,70,88
332642,6337727,70,316
332642,6338727,51,317
332642,6339727,46,303
332642,6340727,48,301
332642,6341727,48,305
332642,6343727,67,296
332642,6344727,39,298
332642,6345727,55,317
332642,6346727,20,189
332642,6374727,90,140
332642,6394727,60,140
332642,6401727,49,125
332642,6409727,54,335
332642,6424727,34,160
332642,6463727,55,160
333642,6252727,70,75
333642,6253727,62,73
333642,6268727,42,92
333642,6269727,33,289
333642,6276727,41,75
333642,6277727,74,280
333642,6283727,83,280
333642,6303727,34,255
333642,6304727,21,237
333642,6307727,21,253
333642,6308727,40,245
333642,6309727,31,252
333642,6310727,32,252
333642,6312727,38,265
333642,6313727,35,282
333642,6314727,21,268
333642,6315727,22,257
333642,6316727,27,258
333642,6317727,23,225
333642,6319727,58,264
333642,6320727,37,243
333642,6321727,37,298
333642,6322727,30,286
333642,6323727,71,123
333642,6329727,65,108
333642,6330727,71,109
333642,6331727,76,105
333642,6334727,70,110
333642,6336727,77,288
333642,6337727,42,333
333642,6338727,45,338
333642,6340727,38,317
333642,6341727,53,310
333642,6344727,36,313
333642,6345727,42,315
333642,6346727,43,315
333642,6364727,80,145
333642,6401727,90,130
333642,6413727,9,130
333642,6435727,69,350
333642,6457727,69,335
333642,6465727,49,175
334642,6227727,69,260
334642,6250727,77,64
334642,6252727,51,68
334642,6253727,40,78
334642,6254727,26,63
334642,6263727,78,285
334642,6269727,61,269
334642,6275727,28,23
334642,6276727,83,298
334642,6277727,20,333
334642,6278727,34,316
334642,6303727,47,260
334642,6306727,39,234
334642,6307727,34,251
334642,6308727,38,248
334642,6309727,27,259
334642,6310727,35,255
334642,6312727,24,244
334642,6315727,22,269
334642,6316727,23,252
334642,6317727,37,261
334642,6318727,37,256
334642,6319727,37,236
334642,6320727,31,258
334642,6321727,53,285
334642,6322727,54,280
334642,6323727,55,294
334642,6324727,54,293
334642,6327727,15,12
334642,6328727,65,295
334642,6329727,90,298
334642,6331727,70,108
334642,6336727,49,61
334642,6337727,34,89
334642,6338727,31,4
334642,6339727,29,35
334642,6341727,41,320
334642,6342727,39,319
334642,6343727,37,315
334642,6344727,32,319
334642,6345727,37,318
334642,6346727,29,319
334642,6364727,48,30
334642,6425727,19,160
334642,6456727,29,335
334642,6457727,40,345
334642,6462727,29,342
334642,6464727,44,165
335642,6250727,59,65
335642,6251727,12,319
335642,6252727,65,251
335642,6253727,78,261
335642,6257727,83,70
335642,6267727,90,88
335642,6271727,72,66
335642,6273727,26,56
335642,6274727,49,82
335642,6275727,20,336
335642,6278727,72,287
335642,6292727,6,290
335642,6303727,46,257
335642,6304727,37,262
335642,6306727,15,239
335642,6307727,3,208
335642,6308727,55,244
335642,6309727,20,242
335642,6315727,24,237
335642,6317727,38,228
335642,6318727,34,251
335642,6319727,46,235
335642,6320727,36,246
335642,6321727,47,246
335642,6322727,55,282
335642,6323727,56,301
335642,6324727,58,283
335642,6325727,63,278
335642,6328727,28,289
335642,6329727,7,69
335642,6331727,70,115
335642,6342727,49,322
335642,6343727,37,316
335642,6344727,39,335
335642,6345727,38,312
335642,6346727,27,316
335642,6402727,65,135
335642,6431727,14,40
335642,6461727,36,348
335642,6462727,29,355
335642,6464727,53,176
336642,6251727,59,255
336642,6252727,78,258
336642,6253727,75,268
336642,6258727,73,263
336642,6264727,55,55
336642,6265727,44,2
336642,6273727,21,66
336642,6274727,65,273
336642,6275727,36,292
336642,6276727,77,248
336642,6278727,69,68
336642,6279727,80,266
336642,6293727,70,248
336642,6303727,28,258
336642,6304727,24,261
336642,6305727,18,235
336642,6309727,31,334
336642,6319727,28,246
336642,6320727,30,225
336642,6324727,56,289
336642,6325727,66,283
336642,6326727,67,286
336642,6327727,71,293
336642,6328727,50,305
336642,6329727,37,302
336642,6331727,46,124
336642,6332727,71,123
336642,6333727,57,114
336642,6343727,24,321
336642,6344727,35,323
336642,6345727,39,322
336642,6346727,34,314
336642,6347727,32,318
336642,6382727,55,315
336642,6390727,9,90
336642,6425727,19,160
336642,6431727,5,36
336642,6435727,70,5
336642,6461727,40,345
336642,6462727,27,344
336642,6464727,46,179
336642,6465727,49,180
337642,6252727,73,256
337642,6253727,78,254
337642,6257727,61,247
337642,6265727,47,73
337642,6266727,27,16
337642,6271727,55,247
337642,6272727,38,175
337642,6273727,82,255
337642,6274727,43,253
337642,6275727,66,275
337642,6278727,47,94
337642,6279727,74,290
337642,6293727,17,297
337642,6301727,30,269
337642,6303727,29,260
337642,6304727,27,243
337642,6305727,13,260
337642,6306727,16,261
337642,6307727,23,243
337642,6312727,43,126
337642,6313727,21,220
337642,6318727,23,218
337642,6319727,28,232
337642,6320727,28,233
337642,6321727,29,224
337642,6322727,29,206
337642,6323727,28,218
337642,6325727,46,245
337642,6326727,52,278
337642,6328727,62,311
337642,6332727,71,126
337642,6334727,46,123
337642,6335727,35,99
337642,6337727,30,118
337642,6338727,60,107
337642,6343727,44,333
337642,6347727,31,315
337642,6351727,19,300
337642,6370727,44,300
337642,6376727,70,275
337642,6401727,80,135
337642,6430727,14,5
337642,6462727,49,346
338642,6250727,80,255
338642,6252727,59,252
338642,6262727,31,80
338642,6270727,63,247
338642,6271727,67,265
338642,6274727,73,260
338642,6277727,16,5
338642,6279727,73,274
338642,6287727,41,303
338642,6288727,84,188
338642,6290727,58,80
338642,6291727,45,273
338642,6292727,20,278
338642,6293727,22,289
338642,6294727,39,285
338642,6302727,14,279
338642,6303727,38,269
338642,6304727,29,264
338642,6305727,46,269
338642,6306727,30,254
338642,6307727,29,259
338642,6308727,27,224
338642,6310727,30,301
338642,6311727,12,353
338642,6312727,16,150
338642,6313727,20,160
338642,6314727,19,270
338642,6317727,16,207
338642,6318727,25,179
338642,6319727,19,185
338642,6320727,22,199
338642,6321727,19,203
338642,6322727,27,242
338642,6323727,16,155
338642,6324727,36,334
338642,6325727,72,214
338642,6326727,41,296
338642,6328727,68,298
338642,6329727,60,323
338642,6333727,8,338
338642,6334727,27,342
338642,6336727,29,98
338642,6337727,57,101
338642,6338727,70,110
338642,6339727,69,110
338642,6343727,40,105
338642,6347727,55,317
338642,6373727,25,239
338642,6379727,90,85
338642,6381727,80,355
338642,6382727,90,10
338642,6393727,60,175
338642,6423727,19,150
338642,6427727,60,160
338642,6428727,9,30
338642,6462727,34,340
339642,6270727,59,250
339642,6271727,51,247
339642,6273727,59,246
339642,6278727,69,262
339642,6294727,39,281
339642,6295727,11,355
339642,6301727,11,303
339642,6302727,24,78
339642,6304727,4,101
339642,6306727,30,261
339642,6309727,49,261
339642,6310727,40,279
339642,6311727,33,297
339642,6312727,40,262
339642,6313727,38,242
339642,6314727,39,164
339642,6315727,35,250
339642,6317727,19,220
339642,6318727,16,199
339642,6322727,24,142
339642,6323727,15,131
339642,6324727,13,106
339642,6325727,45,104
339642,6326727,21,110
339642,6327727,47,296
339642,6333727,39,306
339642,6334727,28,327
339642,6337727,30,90
339642,6340727,65,123
339642,6341727,61,114
339642,6342727,77,122
339642,6346727,61,323
339642,6375727,60,184
339642,6384727,75,275
339642,6415727,14,335
339642,6427727,0,0
339642,6428727,0,0
339642,6429727,14,100
339642,6432727,0,0
340642,6269727,44,260
340642,6270727,62,252
340642,6271727,67,253
340642,6278727,69,262
340642,6294727,50,275
340642,6295727,51,270
340642,6296727,60,265
340642,6297727,61,279
340642,6301727,46,251
340642,6302727,11,36
340642,6304727,50,270
340642,6306727,35,251
340642,6307727,41,254
340642,6308727,47,254
340642,6309727,34,276
340642,6310727,39,261
340642,6312727,39,256
340642,6313727,51,264
340642,6314727,49,258
340642,6315727,34,193
340642,6318727,19,227
340642,6321727,27,128
340642,6322727,23,137
340642,6323727,8,98
340642,6324727,15,69
340642,6325727,48,295
340642,6327727,66,84
340642,6328727,62,346
340642,6333727,40,316
340642,6334727,29,302
340642,6335727,36,305
340642,6336727,16,330
340642,6337727,34,317
340642,6340727,68,108
340642,6341727,70,119
340642,6342727,71,124
340642,6346727,39,138
340642,6378727,23,246
340642,6416727,5,330
340642,6417727,25,150
340642,6421727,44,155
340642,6426727,40,160
340642,6436727,14,5
341642,6252727,75,63
341642,6263727,28,239
341642,6269727,63,249
341642,6270727,64,258
341642,6278727,30,262
341642,6296727,65,261
341642,6306727,48,259
341642,6307727,55,256
341642,6308727,41,238
341642,6309727,37,259
341642,6310727,50,251
341642,6311727,57,251
341642,6313727,47,265
341642,6317727,11,190
341642,6318727,16,218
341642,6320727,48,103
341642,6321727,25,128
341642,6323727,52,116
341642,6324727,21,75
341642,6325727,23,9
341642,6326727,15,5
341642,6327727,19,358
341642,6328727,16,2
341642,6329727,54,334
341642,6330727,78,237
341642,6331727,32,317
341642,6332727,57,324
341642,6333727,43,319
341642,6335727,34,300
341642,6336727,37,310
341642,6341727,58,103
341642,6343727,30,32
341642,6346727,64,128
341642,6357727,60,310
341642,6377727,90,110
341642,6380727,60,150
341642,6409727,0,240
341642,6428727,69,50
341642,6431727,0,0
341642,6435727,44,350
342642,6263727,41,241
342642,6308727,41,269
342642,6311727,36,264
342642,6313727,44,192
342642,6317727,25,290
342642,6318727,10,265
342642,6321727,9,166
342642,6322727,60,108
342642,6325727,31,80
342642,6326727,28,60
342642,6331727,44,323
342642,6332727,23,325
342642,6334727,51,302
342642,6336727,33,304
342642,6337727,25,258
342642,6338727,32,298
342642,6341727,16,17
342642,6342727,66,128
342642,6346727,64,127
342642,6357727,69,305
342642,6380727,44,170
342642,6394727,25,330
342642,6398727,44,145
342642,6407727,65,150
342642,6408727,44,150
342642,6409727,25,160
342642,6422727,29,165
342642,6427727,39,165
342642,6428727,19,80
343642,6318727,37,43
343642,6327727,32,61
343642,6332727,26,295
343642,6334727,44,295
343642,6335727,50,285
343642,6336727,47,292
343642,6337727,56,298
343642,6339727,57,301
343642,6341727,26,315
343642,6346727,30,329
343642,6386727,75,300
343642,6405727,80,150
343642,6416727,25,325
343642,6426727,44,155
343642,6431727,29,65
343642,6437727,35,224
344642,6306727,50,106
344642,6317727,69,80
344642,6318727,72,76
344642,6328727,32,62
344642,6330727,64,96
344642,6331727,68,99
344642,6332727,77,100
344642,6333727,68,99
344642,6335727,16,274
344642,6336727,28,318
344642,6338727,50,291
344642,6339727,66,295
344642,6341727,68,290
344642,6346727,52,39
344642,6357727,80,265
344642,6378727,60,125
345642,6306727,26,103
345642,6318727,80,76
345642,6325727,83,285
345642,6326727,77,74
345642,6328727,80,102
345642,6331727,61,101
345642,6332727,74,101
345642,6334727,72,111
345642,6335727,69,116
345642,6336727,20,79
345642,6338727,52,293
345642,6339727,55,296
345642,6433727,0,0
346642,6305727,51,109
346642,6318727,83,78
346642,6331727,19,178
346642,6332727,75,94
346642,6333727,81,100
346642,6334727,72,111
346642,6335727,76,111
346642,6338727,59,109
346642,6339727,59,105
346642,6340727,35,279
346642,6345727,58,288
346642,6388727,80,340
346642,6407727,69,155
346642,6417727,49,325
346642,6430727,60,170
347642,6330727,85,274
347642,6332727,77,101
347642,6339727,52,118
347642,6340727,60,123
347642,6345727,23,238
347642,6346727,17,195
347642,6377727,34,145
347642,6393727,80,345
347642,6430727,49,345
347642,6454727,29,204
347642,6457727,29,150
347642,6458727,69,10
347642,6478727,49,170
348642,6292727,34,30
348642,6295727,22,60
348642,6333727,43,86
348642,6338727,52,130
348642,6339727,65,134
348642,6344727,34,251
348642,6345727,27,256
348642,6346727,27,230
348642,6347727,16,359
348642,6369727,19,345
348642,6414727,44,320
348642,6456727,5,184
349642,6292727,65,69
349642,6293727,42,64
349642,6336727,79,131
349642,6338727,67,136
349642,6339727,52,158
349642,6344727,20,159
349642,6345727,26,115
349642,6347727,45,333
349642,6383727,80,155
349642,6388727,80,0
349642,6398727,65,330
350642,6296727,52,264
350642,6325727,39,111
350642,6331727,38,138
350642,6336727,71,138
350642,6339727,69,165
350642,6342727,62,121
350642,6343727,53,105
350642,6347727,67,1
350642,6348727,86,359
350642,6367727,80,320
350642,6428727,39,165
351642,6325727,80,291
351642,6331727,39,202
351642,6334727,16,344
351642,6335727,32,105
351642,6336727,59,140
351642,6337727,79,165
351642,6338727,79,167
351642,6339727,64,171
351642,6340727,58,182
351642,6341727,60,205
351642,6342727,60,238
351642,6345727,73,308
351642,6346727,54,353
351642,6347727,79,359
351642,6360727,90,130
351642,6429727,39,165
351642,6454727,14,210
352642,6323727,88,293
352642,6329727,70,307
352642,6331727,76,334
352642,6335727,13,45
352642,6336727,59,165
352642,6339727,86,178
352642,6342727,69,234
352642,6346727,75,287
352642,6347727,78,357
352642,6416727,0,0
352642,6429727,49,165
352642,6441727,34,0
352642,6443727,34,10
352642,6446727,9,150
353642,6323727,51,328
353642,6330727,72,345
353642,6334727,44,146
353642,6335727,35,157
353642,6336727,38,206
353642,6339727,54,268
353642,6340727,78,193
353642,6341727,82,188
353642,6344727,67,241
353642,6345727,46,270
353642,6346727,8,282
353642,6347727,71,311
353642,6357727,69,130
353642,6383727,80,155
353642,6388727,60,70
353642,6389727,60,20
353642,6396727,17,154
353642,6401727,49,325
353642,6405727,70,145
354642,6323727,22,93
354642,6324727,60,327
354642,6325727,59,322
354642,6329727,58,358
354642,6335727,45,219
354642,6336727,50,217
354642,6339727,88,168
354642,6340727,65,262
354642,6341727,48,339
354642,6342727,83,179
354642,6343727,72,178
354642,6344727,70,211
354642,6345727,30,217
354642,6346727,82,70
354642,6347727,88,260
354642,6374727,5,340
354642,6420727,29,330
355642,6324727,52,329
355642,6329727,64,333
355642,6339727,78,55
355642,6340727,15,280
355642,6341727,44,278
355642,6343727,85,182
355642,6346727,81,230
355642,6404727,9,310
355642,6432727,44,60
355642,6433727,29,35
355642,6474727,14,184
355642,6476727,9,234
356642,6323727,11,224
356642,6324727,22,311
356642,6338727,58,75
356642,6339727,74,66
356642,6340727,37,247
356642,6341727,79,224
356642,6342727,83,193
356642,6345727,73,115
356642,6347727,72,91
356642,6348727,44,125
356642,6405727,19,300
356642,6411727,69,170
356642,6434727,29,20
357642,6319727,28,107
357642,6320727,62,128
357642,6321727,77,280
357642,6323727,66,234
357642,6325727,85,112
357642,6326727,78,294
357642,6333727,64,115
357642,6338727,60,66
357642,6341727,82,261
357642,6344727,45,191
357642,6345727,32,218
357642,6346727,44,165
357642,6347727,43,133
357642,6375727,5,340
357642,6413727,65,155
357642,6418727,19,5
357642,6419727,19,5
357642,6421727,19,325
357642,6477727,29,10
358642,6327727,44,194
358642,6329727,68,136
358642,6330727,58,163
358642,6335727,34,98
358642,6336727,57,114
358642,6338727,60,349
358642,6339727,51,273
358642,6341727,63,247
358642,6343727,32,181
358642,6344727,71,204
358642,6345727,76,259
358642,6377727,5,330
358642,6390727,49,50
358642,6417727,14,120
358642,6476727,85,194
359642,6326727,60,256
359642,6327727,55,245
359642,6329727,60,160
359642,6330727,60,199
359642,6332727,49,174
359642,6335727,37,111
359642,6338727,33,9
359642,6339727,29,14
359642,6340727,45,207
359642,6341727,74,258
359642,6342727,78,256
359642,6345727,61,80
359642,6379727,0,0
359642,6407727,15,194
359642,6419727,19,335
359642,6425727,29,340
359642,6427727,29,175
359642,6478727,0,0
359642,6479727,11,340
360642,6322727,66,226
360642,6327727,53,271
360642,6328727,60,255
360642,6330727,73,247
360642,6339727,34,112
360642,6341727,60,204
360642,6342727,81,280
360642,6343727,90,85
360642,6364727,80,260
360642,6410727,59,182
360642,6420727,9,340
360642,6421727,19,160
360642,6423727,29,335
360642,6424727,29,335
360642,6428727,25,184
360642,6434727,29,5
360642,6438727,25,35
361642,6322727,69,250
361642,6330727,70,215
361642,6340727,78,142
361642,6341727,62,134
361642,6360727,39,220
361642,6391727,25,30
361642,6412727,54,170
361642,6416727,60,165
361642,6417727,25,175
361642,6420727,7,340
361642,6421727,9,330
361642,6423727,25,340
361642,6426727,19,330
361642,6427727,14,194
361642,6431727,40,215
361642,6446727,29,199
362642,6361727,29,0
362642,6408727,35,194
362642,6416727,54,167
362642,6420727,19,350
362642,6422727,14,355
362642,6424727,27,337
362642,6425727,19,325
362642,6453727,0,0
363642,6329727,60,190
363642,6330727,65,250
363642,6334727,80,280
363642,6339727,60,250
363642,6342727,65,194
363642,6354727,29,330
363642,6395727,8,26
363642,6407727,25,290
363642,6408727,29,160
363642,6409727,27,217
363642,6410727,49,180
363642,6419727,3,345
363642,6441727,25,0
363642,6443727,19,170
363642,6450727,29,224
364642,6360727,80,350
364642,6379727,39,330
364642,6381727,25,239
364642,6384727,19,310
364642,6385727,19,255
364642,6409727,19,260
364642,6412727,55,165
364642,6417727,49,170
364642,6419727,24,170
364642,6420727,19,345
364642,6423727,29,347
364642,6424727,25,340
364642,6427727,19,204
365642,6328727,65,200
365642,6357727,35,95
365642,6361727,51,38
365642,6362727,71,139
365642,6367727,90,150
365642,6386727,0,0
365642,6407727,25,340
365642,6415727,60,160
365642,6422727,9,340
365642,6426727,25,330
365642,6427727,90,0
365642,6437727,14,35
366642,6324727,39,280
366642,6331727,39,184
366642,6335727,80,270
366642,6345727,80,80
366642,6379727,34,320
366642,6402727,19,345
366642,6407727,25,345
366642,6409727,14,240
366642,6415727,39,165
366642,6419727,6,31
366642,6423727,47,160
366642,6424727,29,340
367642,6327727,70,239
367642,6356727,29,75
367642,6365727,39,30
367642,6384727,25,320
367642,6410727,29,175
367642,6414727,29,170
367642,6420727,9,70
367642,6425727,29,5
367642,6426727,25,330
367642,6437727,39,10
368642,6323727,49,280
368642,6337727,69,170
368642,6375727,44,329
368642,6390727,40,160
368642,6391727,5,160
368642,6397727,19,165
368642,6405727,19,340
368642,6410727,17,196
368642,6421727,9,155
368642,6422727,19,170
368642,6427727,29,345
368642,6428727,14,125
369642,6330727,70,265
369642,6335727,60,155
369642,6339727,80,255
369642,6342727,69,285
369642,6385727,9,310
369642,6389727,34,165
369642,6395727,0,0
369642,6396727,29,330
369642,6405727,14,355
369642,6418727,60,160
369642,6419727,49,175
369642,6420727,69,165
369642,6422727,29,155
370642,6328727,65,190
370642,6333727,75,335
370642,6344727,69,290
370642,6369727,80,325
370642,6381727,39,320
370642,6402727,24,350
370642,6404727,24,350
370642,6407727,17,350
370642,6409727,14,350
370642,6416727,39,170
370642,6417727,55,165
370642,6421727,14,168
370642,6422727,14,170
370642,6426727,27,345
370642,6430727,14,184
371642,6325727,75,329
371642,6339727,80,150
371642,6367727,34,150
371642,6372727,64,21
371642,6405727,19,355
371642,6414727,44,180
371642,6420727,14,155
371642,6424727,29,190
372642,6324727,44,80
372642,6345727,54,345
372642,6362727,40,75
372642,6382727,49,325
372642,6411727,14,180
372642,6414727,40,175
372642,6418727,0,0
372642,6423727,34,160
372642,6428727,0,0
372642,6432727,19,10
373642,6332727,55,320
373642,6336727,75,125
373642,6339727,75,150
373642,6349727,40,5
373642,6358727,25,335
373642,6366727,90,160
373642,6370727,26,100
373642,6371727,55,115
373642,6379727,25,345
373642,6401727,25,340
373642,6412727,34,180
373642,6415727,25,175
373642,6417727,49,175
373642,6420727,14,140
373642,6422727,14,140
373642,6431727,5,190
374642,6331727,44,145
374642,6345727,49,5
374642,6348727,49,350
374642,6352727,65,5
374642,6384727,34,320
374642,6405727,29,355
374642,6409727,14,355
374642,6411727,9,175
374642,6412727,19,175
374642,6418727,65,175
374642,6420727,30,160
374642,6426727,60,180
374642,6428727,52,23
374642,6430727,49,10
375642,6408727,0,0
375642,6409727,9,340
375642,6414727,44,170
375642,6422727,65,165
375642,6426727,9,190
375642,6427727,45,10
375642,6428727,21,352
375642,6459727,45,239
376642,6333727,85,335
376642,6343727,60,150
376642,6378727,9,10
376642,6382727,29,330
376642,6398727,19,194
376642,6401727,9,70
376642,6422727,10,139
376642,6431727,39,220
377642,6389727,9,86
377642,6399727,49,315
377642,6404727,40,345
377642,6405727,39,335
377642,6419727,60,170
377642,6421727,34,170
377642,6428727,2,210
377642,6429727,0,0
378642,6359727,25,245
378642,6414727,34,180
378642,6415727,0,0
378642,6420727,65,165
378642,6423727,24,170
378642,6424727,22,355
378642,6425727,0,0
378642,6427727,14,194
378642,6430727,19,184
379642,6352727,34,329
379642,6382727,25,25
379642,6387727,25,335
379642,6390727,14,250
379642,6410727,9,265
379642,6415727,19,180
379642,6418727,14,170
379642,6419727,49,165
379642,6420727,55,165
379642,6436727,49,345
380642,6366727,80,275
380642,6378727,14,155
380642,6379727,39,330
380642,6404727,49,355
380642,6407727,19,0
380642,6408727,9,345
380642,6412727,9,184
380642,6414727,14,184
380642,6416727,34,177
380642,6417727,14,355
380642,6418727,24,170
380642,6420727,34,170
380642,6421727,29,165
380642,6425727,9,180
380642,6427727,65,175
380642,6433727,40,70
380642,6437727,29,320
380642,6459727,56,108
381642,6336727,44,340
381642,6372727,90,105
381642,6373727,80,85
381642,6378727,13,293
381642,6400727,39,165
381642,6406727,60,345
381642,6408727,9,165
381642,6410727,12,251
381642,6413727,25,184
381642,6415727,29,180
381642,6418727,14,345
381642,6453727,90,0
381642,6457727,84,167
382642,6374727,29,67
382642,6393727,40,160
382642,6417727,9,175
382642,6424727,9,340
382642,6435727,29,295
382642,6457727,72,153
382642,6461727,69,126
382642,6462727,90,80
383642,6398727,39,155
383642,6415727,39,180
383642,6417727,19,170
383642,6430727,55,355
383642,6433727,29,285
383642,6438727,44,335
384642,6353727,60,350
384642,6373727,44,325
384642,6380727,29,335
384642,6404727,14,350
384642,6415727,27,177
384642,6417727,29,170
384642,6428727,39,165
384642,6432727,65,345
384642,6435727,49,305
384642,6460727,75,194
385642,6335727,44,265
385642,6384727,29,175
385642,6401727,9,5
385642,6404727,19,342
385642,6405727,19,20
385642,6414727,25,184
385642,6418727,27,357
385642,6419727,19,175
385642,6431727,49,170
385642,6450727,21,245
385642,6459727,44,190
385642,6460727,49,184
385642,6461727,65,55
386642,6381727,25,340
386642,6389727,19,335
386642,6401727,44,150
386642,6405727,24,350
386642,6415727,29,180
386642,6418727,9,175
386642,6427727,60,175
386642,6435727,39,170
386642,6450727,51,3
386642,6451727,80,0
386642,6460727,29,199
387642,6406727,44,355
387642,6416727,25,355
387642,6418727,25,175
387642,6426727,34,210
387642,6429727,49,230
387642,6430727,34,275
387642,6436727,0,0
387642,6450727,38,30
387642,6451727,37,22
387642,6456727,39,155
388642,6333727,75,255
388642,6414727,19,184
388642,6419727,19,355
388642,6421727,44,175
388642,6449727,49,45
388642,6451727,38,17
388642,6455727,60,155
388642,6457727,60,170
389642,6383727,25,340
389642,6399727,49,135
389642,6405727,39,346
389642,6407727,25,5
389642,6409727,9,350
389642,6410727,19,194
389642,6411727,14,165
389642,6416727,22,177
389642,6418727,19,170
389642,6421727,54,170
389642,6428727,25,250
389642,6429727,39,250
389642,6450727,80,204
389642,6451727,22,253
389642,6452727,69,358
389642,6453727,80,25
389642,6459727,80,340
390642,6356727,75,340
390642,6394727,14,165
390642,6407727,0,0
390642,6411727,25,200
390642,6418727,19,175
390642,6419727,27,350
390642,6449727,51,150
390642,6450727,59,176
390642,6451727,32,138
390642,6452727,51,331
390642,6453727,45,317
390642,6454727,67,160
390642,6459727,90,155
390642,6460727,80,170
391642,6359727,75,194
391642,6401727,64,157
391642,6407727,49,355
391642,6416727,19,180
391642,6419727,35,350
391642,6421727,39,170
391642,6430727,69,0
391642,6431727,5,354
391642,6449727,56,123
391642,6450727,46,129
391642,6451727,54,161
391642,6452727,23,194
391642,6453727,44,343
391642,6458727,90,145
391642,6459727,90,150
391642,6460727,79,355
392642,6358727,65,219
392642,6392727,49,10
392642,6404727,75,5
392642,6406727,49,350
392642,6407727,0,0
392642,6411727,29,184
392642,6417727,19,180
392642,6428727,34,300
392642,6429727,69,157
392642,6430727,49,155
392642,6431727,47,171
392642,6432727,60,170
392642,6433727,49,334
392642,6451727,44,158
392642,6452727,36,121
392642,6453727,69,15
393642,6381727,60,320
393642,6409727,54,350
393642,6412727,44,190
393642,6414727,19,184
393642,6419727,60,25
393642,6427727,69,160
393642,6428727,59,346
393642,6431727,56,175
393642,6432727,45,197
393642,6433727,54,322
393642,6434727,65,12
393642,6435727,37,145
393642,6448727,75,345
393642,6449727,79,287
393642,6450727,83,120
393642,6451727,39,266
393642,6452727,54,114
393642,6463727,65,150
394642,6394727,6,200
394642,6403727,34,150
394642,6412727,29,190
394642,6418727,14,170
394642,6428727,44,122
394642,6429727,30,157
394642,6430727,58,338
394642,6431727,55,159
394642,6432727,38,69
394642,6433727,17,63
394642,6434727,70,357
394642,6435727,33,125
394642,6448727,18,35
394642,6449727,33,251
394642,6450727,57,305
394642,6451727,40,283
394642,6453727,65,90
394642,6458727,69,0
394642,6464727,47,153
394642,6469727,60,125
394642,6472727,79,260
395642,6404727,34,335
395642,6406727,54,335
395642,6407727,60,340
395642,6409727,5,70
395642,6412727,40,160
395642,6419727,24,170
395642,6428727,60,139
395642,6429727,62,321
395642,6430727,69,324
395642,6431727,39,300
395642,6432727,90,160
395642,6433727,62,155
395642,6434727,61,17
395642,6435727,50,31
395642,6436727,63,155
395642,6437727,49,6
395642,6438727,43,73
395642,6445727,34,315
395642,6450727,50,321
395642,6451727,55,307
395642,6452727,47,321
395642,6453727,78,98
395642,6454727,58,15
395642,6463727,60,170
395642,6464727,90,165
395642,6472727,47,220
395642,6473727,80,295
396642,6406727,49,340
396642,6409727,29,340
396642,6415727,9,180
396642,6418727,14,165
396642,6429727,72,154
396642,6430727,76,193
396642,6431727,33,96
396642,6432727,52,136
396642,6433727,31,137
396642,6434727,69,177
396642,6435727,40,88
396642,6436727,51,146
396642,6438727,60,160
396642,6449727,60,194
396642,6451727,47,301
396642,6452727,22,303
396642,6453727,41,279
396642,6454727,38,2
396642,6455727,31,330
396642,6456727,67,268
396642,6464727,44,7
396642,6465727,31,175
396642,6469727,78,117
396642,6470727,79,148
396642,6471727,77,170
396642,6472727,73,140
397642,6406727,34,340
397642,6407727,34,340
397642,6410727,19,165
397642,6412727,25,190
397642,6414727,29,170
397642,6415727,29,175
397642,6429727,59,355
397642,6432727,53,151
397642,6434727,72,141
397642,6435727,55,94
397642,6436727,74,165
397642,6447727,19,270
397642,6450727,44,340
397642,6451727,39,323
397642,6452727,39,327
397642,6454727,18,263
397642,6455727,72,79
397642,6460727,90,155
397642,6463727,44,27
397642,6465727,60,150
397642,6467727,76,35
397642,6468727,60,37
397642,6469727,29,85
397642,6471727,69,158
397642,6474727,65,165
397642,6475727,66,155
398642,6379727,69,295
398642,6417727,90,165
398642,6432727,9,219
398642,6433727,80,130
398642,6434727,69,140
398642,6442727,9,335
398642,6450727,29,300
398642,6452727,57,315
398642,6453727,57,268
398642,6456727,44,10
398642,6457727,70,291
398642,6460727,65,307
398642,6461727,82,312
398642,6462727,74,325
398642,6464727,46,340
398642,6465727,75,194
398642,6467727,65,35
398642,6468727,49,350
398642,6470727,54,270
398642,6471727,46,183
399642,6370727,49,340
399642,6411727,25,340
399642,6417727,29,345
399642,6432727,39,130
399642,6456727,59,337
399642,6457727,71,59
399642,6461727,80,305
399642,6462727,51,339
399642,6463727,65,300
399642,6464727,69,335
399642,6466727,17,230
399642,6467727,27,84
399642,6468727,80,170
399642,6469727,70,72
399642,6473727,65,170
400642,6376727,25,155
400642,6397727,85,175
400642,6412727,24,295
400642,6414727,49,170
400642,6415727,25,175
400642,6435727,80,145
400642,6440727,29,310
400642,6456727,29,85
400642,6461727,71,356
400642,6463727,62,320
400642,6466727,80,350
400642,6467727,64,62
400642,6468727,90,165
400642,6472727,75,161
401642,6430727,25,110
401642,6433727,68,85
401642,6434727,32,3
401642,6456727,53,16
401642,6457727,20,3
401642,6461727,68,3
401642,6466727,61,255
401642,6467727,74,246
401642,6468727,16,0
402642,6405727,54,145
402642,6414727,34,180
402642,6415727,29,175
402642,6417727,16,175
402642,6433727,69,155
402642,6436727,46,120
402642,6437727,90,170
402642,6439727,82,165
402642,6457727,80,85
402642,6460727,55,354
402642,6461727,73,0
403642,6400727,25,175
403642,6402727,19,199
403642,6411727,49,330
403642,6434727,60,145
403642,6435727,48,170
403642,6436727,53,159
403642,6437727,43,19
403642,6438727,70,176
403642,6439727,73,169
403642,6440727,70,156
403642,6441727,79,152
403642,6447727,40,95
403642,6450727,49,5
403642,6460727,40,5
403642,6464727,78,62
403642,6465727,57,332
403642,6467727,80,130
403642,6468727,49,10
403642,6469727,49,350
404642,6397727,14,325
404642,6398727,9,194
404642,6408727,35,325
404642,6435727,50,107
404642,6436727,44,170
404642,6437727,60,180
404642,6438727,63,171
404642,6439727,68,158
404642,6440727,55,153
404642,6441727,55,145
404642,6444727,29,310
404642,6452727,19,140
404642,6463727,75,34
404642,6465727,60,165
405642,6372727,29,340
405642,6406727,29,160
405642,6434727,34,165
405642,6435727,50,145
405642,6436727,67,156
405642,6438727,58,100
405642,6439727,67,154
405642,6440727,51,166
405642,6468727,69,205
